interaction_id,severity,risk,management,compound,voir_aussi
INT_00000,Association DECONSEILLEE,Majoration de l’immunodépression.,,,
INT_00001,Association DECONSEILLEE,"Risque de maladie vaccinale généralisée, éventuellement mortelle.",ainsi que pendant les 3 mois suivant l'arrêt du traitement.,,
INT_00002,Association DECONSEILLEE,"Diminution notable des concentrations plasmatiques de l’abiratérone, avec risque de moindre efficacité.",,,médicaments à l'origine d'un hypogonadisme masculin
INT_00003,Association DECONSEILLEE,"Diminution notable des concentrations plasmatiques de l’abiratérone, avec risque de moindre efficacité.",,,médicaments à l'origine d'un hypogonadisme masculin
INT_00004,Précaution d'emploi,"Chez l'insuffisant cardiaque, risque d'augmentation des effets indésirables du métoprolol, par diminution de son métabolisme hépatique par l'abiratérone.","Surveillance clinique. Si besoin, adaptation de la posologie du métoprolol pendant le traitement par l'abiratérone.",,médicaments à l'origine d'un hypogonadisme masculin
INT_00005,Précaution d'emploi,"Risque d'augmentation des effets indésirables de la propafénone, par diminution de son métabolisme hépatique par l'abiratérone.","Surveillance clinique. Si besoin, adaptation de la posologie de la propafénone pendant le traitement par l'abiratérone.",,médicaments à l'origine d'un hypogonadisme masculin
INT_00006,Précaution d'emploi,Risque de majoration des effets indésirables de l’abrocitinib par diminution de son métabolisme.,Réduire la posologie de l’abrocitinib de moitié en cas de traitement par le fluconazole.,,
INT_00007,Précaution d'emploi,Risque de majoration des effets indésirables de l’abrocitinib par diminution de son métabolisme.,Réduire la posologie de l’abrocitinib de moitié en cas de traitement par la fluvoxamine.,,
INT_00008,Association DECONSEILLEE,"Majoration des effets indésirables, et notamment de l'acidose métabolique, de l'acide acétylsalicylique à doses élevées et de l'acétazolamide, par diminution de l'élimination de l'acide acétylsalicylique par l'acétazolamide.",,,alcalinisants urinaires
INT_00009,Précaution d'emploi,Augmentation des concentrations plasmatiques de carbamazépine avec signes de surdosage.,"Surveillance clinique et, si besoin, contrôle des concentrations plasmatiques de carbamazépine et réduction éventuelle de sa posologie.",,alcalinisants urinaires
INT_00010,Précaution d'emploi,Diminution de la lithémie avec risque de baisse de l’efficacité thérapeutique.,Surveillance stricte de la lithémie et adaptation éventuelle de la posologie du lithium.,,alcalinisants urinaires
INT_00011,Précaution d'emploi,"Augmentation de l'hyperammoniémie, avec risque accru d'encéphalopathie.",Surveillance clinique et biologique régulière.,,alcalinisants urinaires
INT_00012,A prendre en compte,Diminution de l'absorption digestive de ces deux médicaments par chélation du fer.,,,
INT_00013,Contre-indication,"Majoration du risque hémorragique, notamment en cas d’antécédent d’ulcère gastro-duodénal.","Contre-indication avec : - des doses anti-inflammatoires d'acide acétylsalicylique (>=1g par prise et/ou >=3g par jour) - des doses antalgiques ou antipyrétiques (>=500 mg par prise et/ou <3g par jour) et en cas d’antécédent d’ulcère gastro-duodénal Association déconseillée avec : - des doses antalgiques ou antipyrétiques (>=500 mg par prise et/ou <3g par jour) en l'absence d’antécédent d’ulcère gastro-duodénal - des doses antiagrégantes (de 50 mg à 375 mg par jour) et en cas d’antécédent d’ulcère gastro-duodénal. Nécessité d'un contrôle le cas échéant, en particulier du temps de saignement. A prendre en compte avec : - des doses antiagrégantes (de 50 mg à 375 mg par jour)",Yes,antiagrégants plaquettaires - substances à absorption réduite par les topiques
INT_00014,Contre-indication,"Majoration de la toxicité, notamment hématologique, du méthotrexate (diminution de sa clairance rénale par l'acide acétylsalicylique).","Avec le méthotrexate utilisé à des doses > 20 mg/semaine : - contre-indication avec l'acide acétylsalicylique utilisé à doses antalgiques, antipyrétiques ou anti-inflammatoires - précaution d'emploi avec des doses antiagrégantes plaquettaires d'acide acétylsalicylique. Contrôle hebdomadaire de l’hémogramme durant les premières semaines de l’association. Surveillance accrue en cas d’altération (même légère) de la fonction rénale, ainsi que chez le sujet âgé. Avec le méthotrexate utilisé à des doses =< 20 mg/semaine : - précaution d'emploi avec l'acide acétylsalicylique utilisé à doses antalgiques, antipyrétiques ou anti-inflammatoires. Contrôle hebdomadaire de l’hémogramme durant les premières semaines de l’association. Surveillance accrue en cas d’altération (même légère) de la fonction rénale, ainsi que chez le sujet âgé.",Yes,antiagrégants plaquettaires - substances à absorption réduite par les topiques
INT_00015,Association DECONSEILLEE,"Majoration des effets indésirables, et notamment de l'acidose métabolique, de l'acide acétylsalicylique à doses élevées et de l'acétazolamide, par diminution de l'élimination de l'acide acétylsalicylique par l'acétazolamide.",,,antiagrégants plaquettaires - substances à absorption réduite par les topiques
INT_00016,Association DECONSEILLEE,Majoration du risque ulcérogène et hémorragique digestif.,Association déconseillée avec : - des doses anti-inflammatoires d'acide acétylsalicylique (>=1g par prise et/ou >=3g par jour) - des doses antalgiques ou antipyrétiques (>=500 mg par prise et/ou <3g par jour) A prendre en compte avec : - des doses antiagrégantes (de 50 mg à 375 mg par jour en 1 ou plusieurs prises),Yes,antiagrégants plaquettaires - substances à absorption réduite par les topiques
INT_00017,Association DECONSEILLEE,Majoration du risque hémorragique par addition des activités antiagrégantes plaquettaires.,Association déconseillée : - en dehors des indications validées pour cette association dans les syndromes coronariens aigus. Précaution d'emploi : - dans les indications validées pour cette association dans les syndromes coronariens aigus. Surveillance clinique.,Yes,antiagrégants plaquettaires - substances à absorption réduite par les topiques
INT_00018,Association DECONSEILLEE,Majoration du risque hémorragique.,Association déconseillée avec : - des doses anti-inflammatoires d'acide acétylsalicylique (>=1g par prise et/ou >=3g par jour) A prendre en compte avec : - des doses antalgiques ou antipyrétiques (>=500 mg par prise et/ou <3g par jour).,Yes,antiagrégants plaquettaires - substances à absorption réduite par les topiques
INT_00019,Association DECONSEILLEE,Augmentation du risque hémorragique (inhibition de la fonction plaquettaire et agression de la muqueuse gastroduodénale par l’acide acétylsalicylique.,Association déconseillée avec : - des doses anti-inflammatoires d'acide acétylsalicylique (>=1g par prise et/ou >=3g par jour) - des doses antalgiques ou antipyrétiques (>=500 mg par prise et/ou <3g par jour) Utiliser un autre anti-inflammatoire ou un autre antalgique ou antipyrétique. A prendre en compte avec : - des doses antiagrégantes (de 50 mg à 375 mg par jour).,Yes,antiagrégants plaquettaires - substances à absorption réduite par les topiques
INT_00020,Association DECONSEILLEE,Majoration du risque ulcérogène et hémorragique digestif.,,,antiagrégants plaquettaires - substances à absorption réduite par les topiques
INT_00021,Association DECONSEILLEE,Risque de majoration de la toxicité du pemetrexed (diminution de sa clairance rénale par l’acide acétylsalicylique à doses anti- inflammatoires).,Association déconseillée : - en cas de fonction rénale faible à modérée . Précaution d'emploi : - en cas de fonction rénale normale. Surveillance biologique de la fonction rénale.,Yes,antiagrégants plaquettaires - substances à absorption réduite par les topiques
INT_00022,Association DECONSEILLEE,Diminution de l’effet uricosurique par compétition de l’élimination de l’acide urique au niveau des tubules rénaux.,,,antiagrégants plaquettaires - substances à absorption réduite par les topiques
INT_00023,Association DECONSEILLEE,Majoration du risque hémorragique par addition des activités antiagrégantes plaquettaires.,Association déconseillée : - en dehors des indications validées pour cette association dans les syndromes coronariens aigus. Précaution d'emploi : - dans les indications validées pour cette association dans les syndromes coronariens aigus. Surveillance clinique.,Yes,antiagrégants plaquettaires - substances à absorption réduite par les topiques
INT_00024,Association DECONSEILLEE,Majoration du risque hémorragique par addition des activités antiagrégantes plaquettaires.,"Si l’association ne peut être évitée, surveillance clinique étroite.",,antiagrégants plaquettaires - substances à absorption réduite par les topiques
INT_00025,Précaution d'emploi,"Pour des doses anti-inflammatoires d'acide acétylsalicylique (>= 1g par prise et/ou >= 3g par jour) ou pour des doses antalgiques ou antipyrétiques (>= 500 mg par prise et/ou < 3g par jour) : Insuffisance rénale aiguë chez le patient à risque (âgé, déshydraté, sous diurétiques, avec une fonction rénale altérée), par diminution de la filtration glomérulaire secondaire à une diminution de la synthèse des prostaglandines rénales. Par ailleurs, réduction de l'effet antihypertenseur.",Hydrater le malade et surveiller la fonction rénale en début de traitement et régulièrement pendant l’association.,,antiagrégants plaquettaires - substances à absorption réduite par les topiques
INT_00026,Précaution d'emploi,"Pour des doses anti-inflammatoires d'acide acétylsalicylique (>= 1g par prise et/ou >= 3g par jour) ou pour des doses antalgiques ou antipyrétiques (>= 500 mg par prise et/ou < 3g par jour) : Insuffisance rénale aiguë chez le patient à risque (âgé, déshydraté, avec une fonction rénale altérée), par diminution de la filtration glomérulaire secondaire à une diminution de la synthèse des prostaglandines rénales. Par ailleurs, réduction de l'effet antihypertenseur.",Hydrater le malade et surveiller la fonction rénale en début de traitement et régulièrement pendant l’association.,,antiagrégants plaquettaires - substances à absorption réduite par les topiques
INT_00027,Précaution d'emploi,"Pour des doses anti-inflammatoires d'acide acétylsalicylique (>= 1g par prise et/ou >= 3g par jour) ou pour des doses antalgiques ou antipyrétiques (>= 500 mg par prise et/ou < 3g par jour) : Insuffisance rénale aiguë chez le patient à risque (âgé, déshydraté, sous diurétiques, avec une fonction rénale altérée), par diminution de la filtration glomérulaire secondaire à une diminution de la synthèse des prostaglandines rénales. Par ailleurs, réduction de l'effet antihypertenseur.",Hydrater le malade et surveiller la fonction rénale en début de traitement et régulièrement pendant l’association.,,antiagrégants plaquettaires - substances à absorption réduite par les topiques
INT_00028,A prendre en compte,Majoration du risque ulcérogène et hémorragique digestif.,A prendre en compte : - Pour des doses anti-inflammatoires d'acide acétylsalicylique ( 1g par prise et/ou 3g par jour) - Pour des doses antalgiques ou antipyrétiques d'acide acétylsalicylique ( 500 mg par prise et/ou <3g par jour) et ( 500 mg par prise et/ou <3g par jour),,antiagrégants plaquettaires - substances à absorption réduite par les topiques
INT_00029,A prendre en compte,"L’utilisation conjointe de médicaments agissant à divers niveaux de l’hémostase majore le risque de saignement. Ainsi, chez le sujet de moins de 65 ans, l’association de l'héparine à doses préventives, ou de substances apparentées, à l’acide acétylsalicylique, quelle que soit la dose, doit être prise en compte en maintenant une surveillance clinique et éventuellement biologique.",,,antiagrégants plaquettaires - substances à absorption réduite par les topiques
INT_00030,Précaution d'emploi,"Par extrapolation à partir de l’interaction avec la déféroxamine : avec l’acide ascorbique à fortes doses et par voie IV, risque d’anomalies de la fonction cardiaque, voire insuffisance cardiaque aiguë (en général réversible à l’arrêt de la vitamine C).",,,
INT_00031,Précaution d'emploi,"Avec l'acide ascorbique à fortes doses et par voie IV : anomalies de la fonction cardiaque, voire insuffisance cardiaque aiguë (en général réversible à l'arrêt de la vitamine C).","En cas d'hémochromatose, ne donner de la vitamine C qu'après avoir commencé le traitement par la déféroxamine. Surveiller la fonction cardiaque en cas d'association.",,
INT_00032,A prendre en compte,"Risque de diminution des concentrations sanguines de la ciclosporine, notamment en cas d’association avec la vitamine E.",,,
INT_00033,Contre-indication,Effet antagoniste du barbiturique.,,,
INT_00034,Précaution d'emploi,Risque d’augmentation des concentrations plasmatiques d’estramustine par le clodronate.,Surveillance clinique au cours de l’association.,,bisphosphonates - médicaments néphrotoxiques - substances à absorption
INT_00035,A prendre en compte,"Potentialisation des effets, à la fois cytostatiques et indésirables, du fluoro-uracile.",,,folates
INT_00036,Contre-indication,Risque majoré d'effets indésirables (concentration-dépendants) à type de rhabdomyolyse.,Arrêter le traitement par l'inhibiteur de l'HMG Co-A réductase avant d'initier un traitement par acide fusidique ou utiliser un autre antibiotique.,,
INT_00037,Contre-indication,Augmentation des concentrations plasmatiques de l'acide fusidique par diminution de son métabolisme hépatique par la bithérapie.,,,
INT_00038,A prendre en compte,"Risque de prurit, de rougeur et de chaleur, lié à une potentialisation de l'effet vasodilatateur.",,,
INT_00039,A prendre en compte,Risque de variation des concentrations sanguines de ciclosporine.,,,
INT_00040,Contre-indication,"Chez la femme en âge de procréer, risque de transformation de l’acitrétine en étrétinate, puissant tératogène dont la demi-vie très prolongée (120 jours) expose à un risque tératogène majeur en cas de grossesse, pendant le traitement et les 2 mois suivant son arrêt.",,,rétinoïdes
INT_00041,Contre-indication,Risque de majoration de l'hépatotoxicité du méthotrexate.,,,rétinoïdes
INT_00042,Précaution d'emploi,Troubles du rythme ventriculaire graves par augmentation de l'excitabilité cardiaque.,"Limiter l'apport, par exemple : moins de 0,1 mg d'adrénaline en 10 minutes ou 0,3 mg en 1 heure chez l'adulte.",,
INT_00043,Précaution d'emploi,Troubles du rythme ventriculaire graves par augmentation de l'excitabilité cardiaque.,"Limiter l'apport, par exemple : moins de 0,1 mg d'adrénaline en 10 minutes ou 0,3 mg en 1 heure chez l'adulte.",,
INT_00044,Précaution d'emploi,Troubles du rythme ventriculaire graves par augmentation de l'excitabilité cardiaque.,"Limiter l'apport, par exemple : moins de 0,1 mg d'adrénaline en 10 minutes ou 0,3 mg en 1 heure chez l'adulte.",,
INT_00045,Précaution d'emploi,Troubles du rythme ventriculaire graves par augmentation de l'excitabilité cardiaque.,"Limiter l'apport, par exemple : moins de 0,1 mg d'adrénaline en 10 minutes ou 0,3 mg en 1 heure chez l'adulte.",,
INT_00046,Contre-indication,"Risque majoré de troubles du rythme ventriculaire, notamment de torsades de pointes.","Contre-indication: - avec le citalopram, la dompéridone, l'escitalopram, l'hydroxyzine et la pipéraquine. Association déconseillée: - avec les autres médicaments susceptibles de donner des torsades de pointes. Si cela est possible, interrompre l'un des deux traitements. Si l'association ne peut être évitée, contrôle préalable du QT et surveillance ECG monitorée.",Yes,
INT_00047,Contre-indication,"Risque majoré de troubles du rythme ventriculaires, notamment de torsades de pointes.","Contre-indication : - avec le citalopram, la dompéridone, l'escitalopram, l'hydroxyzine et la pipéraquine. Association déconseillée: - avec les autres médicaments susceptibles de donner des torsades de pointes. Si l’association ne peut être évitée, contrôle clinique et électrocardiographique régulier.",Yes,
INT_00048,Contre-indication,"Risque majoré de troubles du rythme ventriculaire, notamment de torsades de pointes.","Contre-indication: - avec citalopram, dompéridone, escitalopram, hydroxyzine et pipéraquine Associations déconseillées - avec les autres susbtances susceptibles de donner des torsades de pointes. Si l’association ne peut être évitée, contrôle clinique et électrocardiographique régulier.",Yes,
INT_00049,Contre-indication,"Risque majoré de troubles du rythme ventriculaire, notamment de torsades de pointes.","Contre-indication : - avec le citalopram, la dompéridone, l'escitalopram, l'hydroxyzine et la pipéraquine. Association déconseillée: - avec les autres médicaments susceptibles de donner des torsades de pointes. Si l’association ne peut être évitée, contrôle clinique et électrocardiographique régulier.",Yes,
INT_00050,Contre-indication,"Risque majoré de troubles du rythme ventriculaire, notamment de torsades de pointes.","Contre-indication : - avec le citalopram, la dompéridone, l'escitalopram, l'hydroxyzine et la pipéraquine. Association déconseillée: - avec les autres médicaments susceptibles de donner des torsades de pointes. Si l’association ne peut être évitée, contrôle clinique et électrocardiographique régulier.",Yes,
INT_00051,Contre-indication,"Risque majoré de troubles du rythme ventriculaire, notamment de torsades de pointes.","Contre-indication : - avec le citalopram, la dompéridone, l'escitalopram, l'hydroxyzine et la pipéraquine. Association déconseillée: - avec les autres médicaments susceptibles de donner des torsades de pointes. Si l’association ne peut être évitée, contrôle clinique et électrocardiographique régulier.",Yes,
INT_00052,Contre-indication,"Risque majoré de troubles du rythme ventriculaire, notamment de torsades de pointes.","Contre-indication: - Pour l'érythromycine et la vincamine, seules les formes administrées par voie intraveineuse sont concernées par cette interaction. - Pour la spiramycine, la voie IV et la voie orale sont concernées. - Le citalopram, l'escitalopram, l'hydroxyzine, la dompéridone, la pipéraquinei sont contre-indiqués quel que soit le torsadogène. Association déconseillée: - avec les antiparasitaires (chloroquine, halofantrine, luméfantrine, pentamidine), les neuroleptiques, la méthadone, l'arsénieux et l'hydroxychloroquine. Si l’association ne peut être évitée, contrôle clinique et électrocardiographique régulier.",Yes,
INT_00053,Association DECONSEILLEE,"Risque majoré de troubles du rythme ventriculaire, notamment de torsades de pointes.","Contre-indication : - avec le citalopram, la dompéridone, l'escitalopram, l'hydroxyzine et la pipéraquine. Association déconseillée: - avec les autres médicaments susceptibles de donner des torsades de pointes. Si l’association ne peut être évitée, contrôle clinique et électrocardiographique régulier.",,
INT_00054,Association DECONSEILLEE,"Risque de troubles ventriculaires, notamment de torsades de pointes.","Contre-indication : - avec le citalopram, la dompéridone, l'escitalopram, l'hydroxyzine et la pipéraquine. Association déconseillée: - avec les autres médicaments susceptibles de donner des torsades de pointes. Si l’association ne peut être évitée, contrôle clinique et électrocardiographique régulier.",,
INT_00055,Association DECONSEILLEE,"Diminution de l'absorption de ces substances. SUBSTANCES SUSCEPTIBLES DE DONNER DES TORSADES Ce trouble du rythme cardiaque grave peut être provoqué par un certain nombre de médicaments, hypokaliémiants) est un facteur favorisant, de même que la bradycardie (cf. médicaments ou acquis. Les médicaments à l’origine de cet effet indésirable sont notamment les antiarythmiques n’appartenant pas à ces classes sont également en cause. Pour l’érythromycine et la vincamine, seules les formes administrées par voie intraveineuse L'utilisation d'un médicament torsadogène avec un autre médicament torsadogène est Certains d’entre eux, en raison de leur caractère incontournable, font exception à la règle, antiparasitaires (chloroquine, halofantrine, luméfantrine, pentamidine), de l'arsénieux, de neuroleptiques. A noter que le citalopram, l’escitalopram, la dompéridone, l'hydroxyzine et la pipéraquine torsadogènes, suite à un arbitrage européen. (amiodarone, amisulpride, arsenieux, chloroquine, chlorpromazine, citalopram, cocaine, droperidol, erythromycine, escitalopram, flupentixol, fluphenazine, halofantrine, haloperidol, lumefantrine, mequitazine, methadone, moxifloxacine, pentamidine, pimozide, pipamperone, toremifene, vandétanib, vincamine, zuclopenthixol)","Association déconseillée: - avec les inhibiteurs d'intégrase (raltégravir, bictégravir, dolutégravir, cabotégravir) Précaution d'emploi: - avec les autres substances. Par mesure de précaution, il convient de prendre ces topiques ou antiacides à distance de tout autre médicament (plus de 2 heures, si possible). DE POINTES antiarythmiques ou non. L'hypokaliémie (cf. médicaments bradycardisants) ou un allongement préexistant de l'intervalle QT, congénital de classe Ia et III, et certains neuroleptiques. D'autres molécules sont concernées par cette interaction. contre-indiquée en règle générale. en étant seulement déconseillés avec les autres torsadogènes. Il s’agit des l'hydroxychloroquine, de la méthadone, du crizotinib, du cotrimoxazole et des ne suivent pas cet assouplissement, et sont contre-indiqués avec tous les crizotinib, cyamemazine, disopyramide, domperidone, dronedarone, hydroquinidine, hydroxychloroquine, hydroxyzine, levomepromazine, pipéraquine, pipotiazine, quinidine, sotalol, spiramycine, sulpiride, tiapride,",Yes,
INT_00056,Précaution d'emploi,"Risque majoré de troubles du rythme ventriculaire, notamment de torsades de pointes.",Surveillance clinique et électrocardiographique pendant l'association.,,
INT_00057,Précaution d'emploi,"Risque majoré de troubles du rythme ventriculaire, notamment de torsades de pointes.",Surveillance clinique et électrocardiographique pendant l'association.,,
INT_00058,Précaution d'emploi,"Risque majoré de troubles du rythme ventriculaire, notamment de torsades de pointes.",Surveillance clinique et électrocardiographique pendant l'association.,,
INT_00059,Précaution d'emploi,"Risque majoré de troubles du rythme ventriculaire, notamment de torsades de pointes.",Surveillance clinique et électrocardiographique.,,
INT_00060,Précaution d'emploi,"Risque majoré de troubles du rythme ventriculaire, notamment de torsades de pointes.",Surveillance clinique et électrocardiographique pendant l'association.,,
INT_00061,Précaution d'emploi,"Risque majoré de troubles du rythme ventriculaire, notamment de torsades de pointes.",Surveillance clinique et électrocardiographique pendant l'association.,,
INT_00062,Précaution d'emploi,"Risque majoré de troubles du rythme ventriculaire, notamment de torsades de pointes.",Surveillance clinique et électrocardiographique pendant l'association.,,
INT_00063,Précaution d'emploi,"Risque majoré de troubles du rythme ventriculaire, notamment de torsades de pointes.","Corriger toute hypokaliémie avant d’administrer le produit et réaliser une surveillance clinique, électrolytique et électrocardiographique.",,
INT_00064,Précaution d'emploi,"Risque majoré de troubles du rythme ventriculaire, notamment de torsades de pointes.",Surveillance clinique et électrocardiographique pendant l'association.,,
INT_00065,Précaution d'emploi,"Risque majoré de troubles du rythme ventriculaire, notamment de torsades de pointes.",Surveillance clinique et électrocardiographique pendant l'association.,,
INT_00066,Précaution d'emploi,"Risque majoré de troubles du rythme ventriculaire, notamment de torsades de pointes.",Surveillance clinique et électrocardiographique pendant l'association.,,
INT_00067,Précaution d'emploi,"Risque majoré de troubles du rythme ventriculaire, notamment de torsades de pointes.",Surveillance clinique et électrocardiographique pendant l'association.,,
INT_00068,Précaution d'emploi,"Risque majoré de troubles du rythme ventriculaire, notamment de torsades de pointes.",Surveillance clinique et électrocardiographique pendant l'association.,,
INT_00069,Précaution d'emploi,Augmentation des concentrations plasmatiques d’afatinib par augmentation de son absorption par l'amiodarone.,"Il est recommandé d’administrer l'amiodarone le plus à distance possible de l’afatinib, en respectant de préférence un intervalle de 6 heures ou de 12 heures par rapport à la prise d’afatinib.",,
INT_00070,Précaution d'emploi,Augmentation des concentrations plasmatique d’afatinib par augmentation de son absorption par la ciclosporine.,"Il est recommandé d’administrer la ciclosporine le plus à distance possible de l’afatinib, en respectant de préférence un intervalle de 6 heures ou de 12 heures par rapport à la prise d’afatinib.",,
INT_00071,Précaution d'emploi,Augmentation des concentrations plasmatique d’afatinib par augmentation de son absorption par l'érythromycine.,"Il est recommandé d’administrer l'érythromycine le plus à distance possible de l’afatinib, en respectant de préférence un intervalle de 6 heures ou de 12 heures par rapport à la prise d’afatinib.",,
INT_00072,Précaution d'emploi,Diminution des concentrations plasmatiques de l’afatinib par augmentation de son métabolisme par ces substances.,Surveillance clinique pendant l’association et 1 à 2 semaines après leur arrêt.,,
INT_00073,Précaution d'emploi,Augmentation des concentrations plasmatiques d’afatinib par augmentation de son absorption par l'inhibiteur de protéases.,"Il est recommandé d’administrer l'inhibiteur de protéases le plus à distance possible de l’afatinib, en respectant de préférence un intervalle de 6 heures ou de 12 heures par rapport à la prise d’afatinib.",,
INT_00074,Précaution d'emploi,Augmentation des concentrations plasmatique d’afatinib par augmentation de son absorption par l'itraconazole.,"Il est recommandé d’administrer l'itraconazole le plus à distance possible de l’afatinib, en respectant de préférence un intervalle de 6 heures ou de 12 heures par rapport à la prise d’afatinib.",,
INT_00075,Précaution d'emploi,Augmentation des concentrations plasmatique d’afatinib par augmentation de son absorption par le kétoconazole.,"Il est recommandé d’administrer le kétoconazole le plus à distance possible de l’afatinib, en respectant de préférence un intervalle de 6 heures ou de 12 heures par rapport à la prise d’afatinib.",,
INT_00076,Précaution d'emploi,Diminution des concentrations plasmatiques de l’afatinib par augmentation de son métabolisme par la primidone.,Surveillance clinique pendant l’association et 1 à 2 semaines après leur arrêt.,,
INT_00077,Précaution d'emploi,Diminution des concentrations plasmatiques de l’afatinib par augmentation de son métabolisme par la rifampicine.,Surveillance clinique pendant l’association et 1 à 2 semaines après leur arrêt.,,
INT_00078,Précaution d'emploi,Augmentation des concentrations plasmatique d’afatinib par augmentation de son absorption par le vérapamil.,"Il est recommandé d’administrer le vérapamil le plus à distance possible de l’afatinib, en respectant de préférence un intervalle de 6 heures ou de 12 heures par rapport à la prise d’afatinib.",,
INT_00079,Contre-indication,"Augmentation des concentrations d'agomélatine, avec risque de majoration des effets indésirables.",,,médicaments sédatifs
INT_00080,Association DECONSEILLEE,"Augmentation des concentrations d'agomélatine, avec risque de majoration des effets indésirables.",,,médicaments sédatifs
INT_00081,Précaution d'emploi,"Diminution importante des concentrations plasmatiques de l’albendazole et de son métabolite actif par l’inducteur, avec risque de baisse de son efficacité.",Surveillance clinique de la réponse thérapeutique et adaptation éventuelle de la posologie de l’albendazole pendant le traitement avec l’inducteur enzymatique et après son arrêt.,,
INT_00082,Précaution d'emploi,"Diminution importante des concentrations plasmatiques de l’albendazole et de son métabolite actif par le ritonavir, avec risque de baisse de son efficacité.",Surveillance clinique de la réponse thérapeutique et adaptation éventuelle de la posologie de l’albendazole pendant le traitement avec l’inducteur enzymatique et après son arrêt.,,
INT_00083,Précaution d'emploi,"Diminution importante des concentrations plasmatiques de l’albendazole et de son métabolite actif par l’inducteur, avec risque de baisse de son efficacité.",Surveillance clinique de la réponse thérapeutique et adaptation éventuelle de la posologie de l’albendazole pendant le traitement avec l’inducteur enzymatique et après son arrêt.,,
INT_00084,Précaution d'emploi,Augmentation des concentrations plasmatiques de l'hydroquinidine et risque de surdosage (diminution de l'excrétion rénale de l'hydroquinidine par alcalinisation des urines).,"Surveillance clinique, ECG et éventuellement contrôle des concentrations de l'hydroquinidine ; si besoin, adaptation de la posologie pendant le traitement alcalinisant et après son arrêt.",,
INT_00085,Précaution d'emploi,Augmentation des concentrations plasmatiques de la quinidine et risque de surdosage (diminution de l'excrétion rénale de la quinidine par alcalinisation des urines).,"Surveillance clinique, ECG et éventuellement contrôle de la quinidinémie ; si besoin, adaptation de la posologie pendant le traitement alcalinisant et après son arrêt.",,
INT_00086,Association DECONSEILLEE,Risque de vasoconstriction et/ou de poussées hypertensives.,,,
INT_00087,Association DECONSEILLEE,Augmentation des concentrations plasmatiques du dopaminergique avec accroissement possible de son activité ou apparition de signes de surdosage.,,,
INT_00088,Association DECONSEILLEE,Risque de vasoconstriction et/ou de poussées hypertensives.,,,
INT_00089,Association DECONSEILLEE,Risque de vasoconstriction et/ou de poussées hypertensives.,,,
INT_00090,Précaution d'emploi,Risque de majoration des troubles neuropsychiques.,"Surveillance clinique et biologique régulière, notamment en début d'association.",,
INT_00091,Contre-indication,"Risque de vasoconstriction coronaire ou des extrémités (ergotisme), ou de poussées hypertensives.",,,
INT_00092,Contre-indication,"Risque de vasoconstriction coronaire ou des extrémités (ergotisme), ou de poussées hypertensives.",,,
INT_00093,Contre-indication,Augmentation des concentrations plasmatiques de l'alcaloïde de l'ergot de seigle vasoconstricteur par diminution de son métabolisme hépatique par la bithérapie.,,,
INT_00094,Contre-indication,"Risque d'hypertension artérielle, de vasoconstriction artérielle coronaire.","Respecter un délai de 6 à 24 heures, selon le triptan, entre la prise de celui-ci et celle de l'alcaloïde ergoté",,
INT_00095,Association DECONSEILLEE,Risque de vasoconstriction et/ou de poussées hypertensives.,,,
INT_00096,Association DECONSEILLEE,Risque de vasoconstriction et/ou de poussées hypertensives.,,,
INT_00097,Association DECONSEILLEE,Risque de vasoconstriction et/ou de poussées hypertensives.,,,
INT_00098,Contre-indication,"Chez la femme en âge de procréer, risque de transformation de l’acitrétine en étrétinate, puissant tératogène dont la demi-vie très prolongée (120 jours) expose à un risque tératogène majeur en cas de grossesse, pendant le traitement et les 2 mois suivant son arrêt.",,,
INT_00099,Association DECONSEILLEE,"Effet antabuse (chaleur, rougeurs, vomissements, tachycardie).",Eviter la prise de boissons alcoolisées et de médicaments contenant de l'alcool. Tenir compte de l’élimination complète des médicaments en se référant à leur demi-vie avant la reprise de boissons alcoolisées ou du médicament contenant de l’alcool.,,
INT_00100,Association DECONSEILLEE,"Majoration des effets hypertenseurs et/ou hyperthermiques de la tyramine présente dans certaines boissons alcoolisées (chianti, certaines bières, etc).",Eviter la prise de boissons alcoolisées et de médicaments contenant de l'alcool.,,
INT_00101,Association DECONSEILLEE,Augmentation de la réaction hypoglycémique (inhibition des réactions de compensation pouvant faciliter la survenue de coma hypoglycémique).,Eviter la prise de boissons alcoolisées et de médicaments contenant de l'alcool.,,
INT_00102,Association DECONSEILLEE,"Risque majoré d'acidose lactique lors d'intoxication alcoolique aiguë, particulièrement en cas de jeûne ou dénutrition, ou bien d'insuffisance hépatocellulaire.",Eviter la prise de boissons alcoolisées et de médicaments contenant de l'alcool.,,
INT_00103,Association DECONSEILLEE,Majoration par l'alcool de l'effet sédatif de ces substances. L'altération de la vigilance peut rendre dangereuses la conduite de véhicules et l'utilisation de machines.,Eviter la prise de boissons alcoolisées et de médicaments contenant de l'alcool.,,
INT_00104,Association DECONSEILLEE,"Effet antabuse, notamment pour glibenclamide, glipizide, tolbutamide. Augmentation de la réaction hypoglycémique (inhibition des réactions de compensation) pouvant faciliter la survenue de coma hypoglycémique.",Eviter la prise de boissons alcoolisées et de médicaments contenant de l'alcool.,,
INT_00105,A prendre en compte,"Risque de prurit, de rougeur et de chaleur, lié à une potentialisation de l'effet vasodilatateur.",,,
INT_00106,A prendre en compte,"Majoration du risque de réaction aux produits de contraste en cas de traitement antérieur par interleukine 2 : éruption cutanée ou plus rarement hypotension, oligurie voire insuffisance rénale.",,,
INT_00107,Précaution d'emploi,Avec la cimétidine utilisée à des doses supérieures ou égales à 800 mg/j : augmentation de l'effet dépresseur respiratoire de l'analgésique opiacé par diminution de son métabolisme hépatique.,Adapter la posologie de l'alfentanil en cas de traitement par la cimétidine.,,analgésiques morphiniques agonistes - analgésiques morphiniques de palier
INT_00108,Précaution d'emploi,Augmentation de l'effet dépresseur respiratoire de l'analgésique opiacé par diminution de son métabolisme hépatique.,Adapter la posologie de l'alfentanil en cas de traitement par le diltiazem.,,analgésiques morphiniques agonistes - analgésiques morphiniques de palier
INT_00109,Précaution d'emploi,Augmentation de l'effet dépresseur respiratoire de l'analgésique opiacé par diminution de son métabolisme hépatique.,Adapter la posologie de l'alfentanil en cas de traitement par l'érythromycine.,,analgésiques morphiniques agonistes - analgésiques morphiniques de palier
INT_00110,Précaution d'emploi,Augmentation de l'effet dépresseur respiratoire de l'analgésique opiacé par diminution de son métabolisme hépatique.,Adapter la posologie de l'alfentanil en cas de traitement par le fluconazole.,,analgésiques morphiniques agonistes - analgésiques morphiniques de palier
INT_00111,Précaution d'emploi,Augmentation de l'effet dépresseur respiratoire de l'analgésique opiacé par diminution de son métabolisme hépatique.,Surveillance clinique et adaptation de la posologie de l’analgésique opiacé en cas de traitement par un inhibiteur puissant du CYP3A4.,,analgésiques morphiniques agonistes - analgésiques morphiniques de palier
INT_00112,Contre-indication,Augmentation des concentrations plasmatiques de l'afuzosine par diminution de son métabolisme hépatique par la bithérapie.,,,alphabloquants à visée urologique - médicaments à l'origine d'une hypotension
INT_00113,Association DECONSEILLEE,Risque d’augmentation des concentrations plasmatiques de l’alfuzosine et de ses effets indésirables.,,,alphabloquants à visée urologique - médicaments à l'origine d'une hypotension
INT_00114,Association DECONSEILLEE,Augmentation des concentrations plasmatiques de didanosine et de ses effets indésirables.,,,inhibiteurs de la xanthine oxydase
INT_00115,Association DECONSEILLEE,"Risque accru de troubles neurologiques (tremblements, confusion) par inhibition partielle du métabolisme de l'antiviral.",,,inhibiteurs de la xanthine oxydase
INT_00116,Précaution d'emploi,Augmentation du risque hémorragique.,Contrôle plus fréquent de l'INR. Adaptation éventuelle de la posologie de l'antivitamine K pendant le traitement par l'allopurinol et 8 jours après son arrêt.,,inhibiteurs de la xanthine oxydase
INT_00117,A prendre en compte,Risque accru de réactions cutanées.,,,inhibiteurs de la xanthine oxydase
INT_00118,Association DECONSEILLEE,Majoration de l'effet hypotenseur. Risque d'hypotension orthostatique sévère.,,,
INT_00119,Association DECONSEILLEE,"Risque d’hypotension orthostatique, notamment chez le sujet âgé.",Association déconseillée : - avec la doxazosine Précaution d'emploi : - avec les autres alpha-bloquants Débuter le traitement aux posologies minimales recommandées et adapter progressivement les doses si besoin.,Yes,
INT_00120,A prendre en compte,Majoration de l'effet hypotenseur. Risque d'hypotension orthostatique majoré.,,,
INT_00121,A prendre en compte,Possible augmentation de l'effet sédatif de l'alprazolam.,,,benzodiazépines et apparentés - médicaments sédatifs
INT_00122,Précaution d'emploi,"Risque de facilitation du passage systémique de l’aluminium, notamment en cas de fonction rénale altérée.","Prendre les topiques gastro-intestinaux à base d'aluminium à distance des citrates (plus de 2 heures si possible), y compris les citrates naturels (jus d'agrumes).",,
INT_00123,A prendre en compte,"Doublement des concentrations d’ambrisentan, avec majoration de l’effet vasodilatateur (céphalées).",,,
INT_00124,Contre-indication,Risque de potentialisation de la toxicité rénale de l’aminoside.,,,
INT_00125,Contre-indication,Risque accru de néphrotoxicité et d'ototoxicité (l'ototoxicité est cumulative en cas d'administrations successives).,Contre-indication : - en cas d'administration simultanée A prendre en compte : - en cas d'administrations successives,Yes,
INT_00126,Association DECONSEILLEE,Risque d'augmentation des effets de la toxine botulique avec les aminosides (par extrapolation à partir des effets observés au cours du botulisme).,Utiliser un autre antibiotique.,,
INT_00127,Association DECONSEILLEE,Addition des effets néphrotoxiques.,"Si l'association ne peut être évitée, surveillance stricte avec une justification bactériologique indiscutable.",,
INT_00128,Précaution d'emploi,L'augmentation de la néphrotoxicité des aminosides par la céfalotine est discutée.,Surveillance de la fonction rénale.,,
INT_00129,Précaution d'emploi,"Potentialisation des curares lorque l'antibiotique est administré par voie parentérale et/ou péritonéale avant, pendant ou après l'agent curarisant.",Surveiller le degré de curarisation en fin d'anesthésie.,,
INT_00130,Précaution d'emploi,Augmentation des risques néphrotoxiques et ototoxiques de l'aminoside (insuffisance rénale fonctionnelle liée à la déshydratation entraînée par le diurétique).,"Association possible sous contrôle de l'état d'hydratation, des fonctions rénale et cochléovestibulaire, et éventuellement, des concentrations plasmatiques de l'aminoside.",,
INT_00131,A prendre en compte,Avec l'amphotéricine B administrée par voie IV : risque accru de néphrotoxicité.,,,
INT_00132,A prendre en compte,"Augmentation de la créatininémie plus importante que sous ciclosporine seule, avec majoration du risque néphrotoxique.",,,
INT_00133,A prendre en compte,"Addition des effets néphrotoxiques et/ou ototoxiques, notamment en cas d'insuffisance rénale préalable.",,,
INT_00134,A prendre en compte,Augmentation de la créatininémie plus importante que sous tacrolimus seul (synergie des effets néphrotoxiques des deux substances).,,,
INT_00135,Contre-indication,Risque de majoration des effets indésirables de l'amiodarone par diminution de son métabolisme par le cobicistat.,,,antiarythmiques - bradycardisants - substances susceptibles de donner des
INT_00136,Contre-indication,Augmentation des concentrations plasmatiques de l'amiodarone par diminution de son métabolisme hépatique par la bithérapie.,,,antiarythmiques - bradycardisants - substances susceptibles de donner des
INT_00137,Association DECONSEILLEE,"Augmentation des concentrations sanguines de ciclosporine, par diminution de son métabolisme hépatique, avec risque d'effets néphrotoxiques.","Dosage des concentrations sanguines de ciclosporine, contrôle de la fonction rénale et adaptation de la posologie de la ciclosporine pendant le traitement par l'amiodarone.",,antiarythmiques - bradycardisants - substances susceptibles de donner des
INT_00138,Association DECONSEILLEE,"Pour diltiazem voie injectable : risque de bradycardie et de bloc auriculo-ventriculaire Pour diltiazem per os : risque de bradycardie ou de bloc auriculo- ventriculaire, notamment chez les personnes âgées.","Association déconseillée avec : - le diltiazem IV Si l'association ne peut être évitée, surveillance clinique et ECG continu. Précaution d'emploi avec : - le diltiazem per os Surveillance clinique et ECG.",Yes,antiarythmiques - bradycardisants - substances susceptibles de donner des
INT_00139,Association DECONSEILLEE,Augmentation des concentrations plasmatiques de la fidaxomicine.,,,antiarythmiques - bradycardisants - substances susceptibles de donner des
INT_00140,Association DECONSEILLEE,Risque d'augmentation des concentrations plasmatiques d’ibrutinib par diminution de son métabolisme hépatique par l’amiodarone.,"Si l’association ne peut être évitée, surveillance clinique étroite et réduction de la dose d’ibrutinib à 280 mg par jour pendant la durée de l’association.",,antiarythmiques - bradycardisants - substances susceptibles de donner des
INT_00141,Association DECONSEILLEE,Augmentation des concentrations plasmatiques d’olaparib par l' amiodarone,"Si l’association ne peut être évitée, limiter la dose d’olaparib à 200 mg 2 fois par jour avec l’amiodarone.",,antiarythmiques - bradycardisants - substances susceptibles de donner des
INT_00142,Association DECONSEILLEE,"Majoration du risque de troubles du rythme ventriculaire par potentialisation des effets antiarythmiques, ainsi que des effets indésirables neurologiques, par diminution du métabolisme hépatique de la phénytoïne par l’amiodarone.",,,antiarythmiques - bradycardisants - substances susceptibles de donner des
INT_00143,Association DECONSEILLEE,"Survenue de bradycardie éventuellement brutale, pouvant avoir des conséquences fatales.","Si l'association ne peut être évitée, surveillance clinique et ECG étroite, en particulier pendant les premières semaines de traitement. Une surveillance continue en milieu hospitalier est requise pendant les 48 heures qui suivent la co-adminsitration. Prendre en compte la longue demi-vie de l'amiodarone chez les patients l'ayant arrêtée au cours des derniers mois et qui doivent débuter un traitement contenant du sofosbuvir.",,antiarythmiques - bradycardisants - substances susceptibles de donner des
INT_00144,Association DECONSEILLEE,"Pour vérapamil voie injectable : -risque de bradycardie ou de bloc auriculo-ventriculaire. Pour vérapamil per os : -risque de bradycardie ou de bloc auriculo-ventriculaire, notamment chez les personnes âgées.","Association déconseillée avec : - le vérapamil IV Si l'association ne peut être évitée, surveillance clinique et ECG continu. Précaution d'emploi avec : - le vérapamil per os Surveillance clinique et ECG.",Yes,antiarythmiques - bradycardisants - substances susceptibles de donner des
INT_00145,Précaution d'emploi,Augmentation des concentrations plasmatiques d’afatinib par augmentation de son absorption par l'amiodarone.,"Il est recommandé d’administrer l'amiodarone le plus à distance possible de l’afatinib, en respectant de préférence un intervalle de 6 heures ou de 12 heures par rapport à la prise d’afatinib.",,antiarythmiques - bradycardisants - substances susceptibles de donner des
INT_00146,Précaution d'emploi,Augmentation de l'effet de l'antivitamine K et du risque hémorragique.,Contrôle plus fréquent de l'INR. Adaptation éventuelle de la posologie de l'antivitamine K pendant le traitement par l'amiodarone et jusqu'à 4 semaines après son arrêt.,,antiarythmiques - bradycardisants - substances susceptibles de donner des
INT_00147,Précaution d'emploi,Troubles de l'automatisme et de la conduction (suppression des mécanismes sympathiques compensateurs).,Surveillance clinique et ECG.,,antiarythmiques - bradycardisants - substances susceptibles de donner des
INT_00148,Précaution d'emploi,Troubles de l'automatisme et de la conduction cardiaque avec risque de bradycardie excessive.,Surveillance clinique et ECG régulière.,,antiarythmiques - bradycardisants - substances susceptibles de donner des
INT_00149,Précaution d'emploi,"Augmentation des concentrations plasmatiques de dabigatran, avec majoration du risque de saignement.","Dans l'indication post-chirurgicale : surveillance clinique et adaptation de la posologie du dabigatran si nécessaire, sans excéder 150 mg/j.",,antiarythmiques - bradycardisants - substances susceptibles de donner des
INT_00150,Précaution d'emploi,"Dépression de l'automatisme (bradycardie excessive) et troubles de la conduction auriculo-ventriculaire. De plus, augmentation de la digoxinémie par diminution de la clairance de la digoxine.","Surveillance clinique, ECG et, s'il y a lieu, contrôle de la digoxinémie et adaptation de la posologie de la digoxine.",,antiarythmiques - bradycardisants - substances susceptibles de donner des
INT_00151,Précaution d'emploi,Risque de majoration des effets indésirables du docétaxel par diminution de son métabolisme hépatique par l’amiodarone,Surveillance clinique et adaptation éventuelle de la posologie du docétaxel.,,antiarythmiques - bradycardisants - substances susceptibles de donner des
INT_00152,Précaution d'emploi,"Troubles de la contractilité, de l'automatisme et de la conduction (suppression des mécanismes sympathiques compensateurs).",Surveillance clinique et ECG.,,antiarythmiques - bradycardisants - substances susceptibles de donner des
INT_00153,Précaution d'emploi,Risque d’allongement de l’intervalle QT.,"Surveillance clinique, particulièrement aux fortes doses de fluconazole (800 mg/j).",,antiarythmiques - bradycardisants - substances susceptibles de donner des
INT_00154,Précaution d'emploi,"Risque d’augmentation des concentrations plasmatiques de lidocaïne, avec possibilité d’effets indésirables neurologiques et cardiaques, par diminution de son métabolisme hépatique par l’amiodarone.","Surveillance clinique, ECG et éventuellement contrôle des concentrations plasmatiques de lidocaïne. Si besoin, adaptation de la posologie de la lidocaïne pendant le traitement par amiodarone et après son arrêt.",,antiarythmiques - bradycardisants - substances susceptibles de donner des
INT_00155,Précaution d'emploi,Augmentation des concentrations plasmatiques du nintédanib par augmentation de son absorption par l'amiodarone.,Surveillance clinique pendant l’association.,,antiarythmiques - bradycardisants - substances susceptibles de donner des
INT_00156,Précaution d'emploi,Risque de diminution des concentrations plasmatiques de l'amiodarone et de son métabolite actif.,"Surveillance clinique et, si besoin, ECG.",,antiarythmiques - bradycardisants - substances susceptibles de donner des
INT_00157,Précaution d'emploi,Risque de majoration des effets indésirables du paclitaxel par diminution de son métabolisme hépatique par l’amiodarone.,Surveillance clinique et adaptation éventuelle de la posologie du paclitaxel.,,antiarythmiques - bradycardisants - substances susceptibles de donner des
INT_00158,Précaution d'emploi,Risque majoré d'effets indésirables (concentration-dépendants) à type de rhabdomyolyse (diminution du métabolisme hépatique de la simvastatine).,Ne pas dépasser la posologie de 20 mg/j de simvastatine ou utiliser une autre statine non concernée par ce type d’interaction.,,antiarythmiques - bradycardisants - substances susceptibles de donner des
INT_00159,Précaution d'emploi,Augmentation des concentrations sanguines de tacrolimus par inhibition de son métabolisme par l’amiodarone.,"Dosage des concentrations sanguines de tacrolimus, contrôle de la fonction rénale et adaptation de la posologie de tacrolimus pendant l’association et à l’arrêt de l’amiodarone.",,antiarythmiques - bradycardisants - substances susceptibles de donner des
INT_00160,Précaution d'emploi,Augmentation des concentrations de talazoparib avec risque de majoration de la toxicité.,Réduire la dose de talazoparib.,,antiarythmiques - bradycardisants - substances susceptibles de donner des
INT_00161,Précaution d'emploi,"Risque de majoration des effets indésirables de la tamsulosine, par inhibition de son métabolisme hépatique.","Surveillance clinique et adaptation de la posologie de la tamsulosine pendant le traitement par l’inhibiteur enzymatique et après son arrêt, le cas échéant.",,antiarythmiques - bradycardisants - substances susceptibles de donner des
INT_00162,Précaution d'emploi,"Augmentation des concentrations de tolvaptan, avec risque de majoration importante des effets indésirables, notamment diurèse importante, déshydratation, insuffisance rénale aiguë.",Réduire la posologie de tolvaptan de moitié.,,antiarythmiques - bradycardisants - substances susceptibles de donner des
INT_00163,Précaution d'emploi,"Risque majoré de troubles du rythme ventriculaire, notamment de torsades de pointes, par possible diminution du métabolisme de l’amiodarone.","Surveillance clinique et ECG, et adaptation éventuelle de la posologie de l’amiodarone.",,antiarythmiques - bradycardisants - substances susceptibles de donner des
INT_00164,Précaution d'emploi,Risque d’augmentation des effets indésirables du vénétoclax par diminution de son métabolisme hépatique.,"Surveillance clinique et biologique régulière, notamment hématologique, et adaptation de la posologie du vénétoclax.",,antiarythmiques - bradycardisants - substances susceptibles de donner des
INT_00165,Précaution d'emploi,Risque majoré d’effets indésirables (dose-dépendants) à type de rhabdomyolyse (diminution du métabolisme hépatique de l’hypocholestérolémiant).,Ne pas dépasser la posologie de 20 mg/j de simvastatine ou utiliser une autre statine non concernée par ce type d’interaction.,,antagonistes des canaux calciques - antihypertenseurs sauf alpha-bloquants
INT_00166,Précaution d'emploi,Avec l'amphotéricine B administrée par voie IV : augmentation de la toxicité hématologique (addition d'effets de toxicité médullaire).,Contrôle plus fréquent de l'hémogramme.,,hypokaliémiants - médicaments néphrotoxiques
INT_00167,A prendre en compte,Avec l'amphotéricine B administrée par voie IV : risque accru de néphrotoxicité.,,,hypokaliémiants - médicaments néphrotoxiques
INT_00168,A prendre en compte,Avec l'amphotéricine B administrée par voie IV : augmentation de la créatininémie plus importante que sous ciclosporine seule (synergie des effets néphrotoxiques des deux substances).,,,hypokaliémiants - médicaments néphrotoxiques
INT_00169,A prendre en compte,Avec l'amphotéricine B administrée par voie IV : augmentation de la créatininémie plus importante que sous tacrolimus seul (synergie des effets néphrotoxiques des deux substances).,,,hypokaliémiants - médicaments néphrotoxiques
INT_00170,Association DECONSEILLEE,Majoration des événements hémorragiques.,,,
INT_00171,Précaution d'emploi,"Risque majoré de troubles du rythme ventriculaire, notamment de torsades de pointes.",Surveillance clinique et électrocardiographique pendant l'association.,,
INT_00172,A prendre en compte,Risque de moindre efficacité de l'anagrélide par augmentation de son métabolisme par l'oméprazole.,Préférer un autre inhibiteur de la pompe à protons.,,
INT_00173,Association DECONSEILLEE,Risque accru d'infections graves et de neutropénies.,,,
INT_00174,Association DECONSEILLEE,Risque accru d'infections graves et de neutropénies.,,,
INT_00175,A prendre en compte,"Risque majoré de dépression respiratoire, pouvant être fatale en cas de surdosage.",,,
INT_00176,A prendre en compte,"Risque majoré de dépression respiratoire, pouvant être fatale en cas de surdosage.",,,
INT_00177,A prendre en compte,"Risque majoré de dépression respiratoire, pouvant être fatale en cas de surdosage.",,,
INT_00178,Association DECONSEILLEE,"Diminution de l'effet antalgique par blocage compétitif des récepteurs, avec risque d'apparition d'un syndrome de sevrage.",,,
INT_00179,Association DECONSEILLEE,Risque de diminution de l’effet antalgique.,,,
INT_00180,Contre-indication,"Diminution de l'effet antalgique par blocage compétitif des récepteurs, avec risque d'apparition d'un syndrome de sevrage.",,,
INT_00181,Contre-indication,Risque de diminution de l’effet antalgique.,,,
INT_00182,Précaution d'emploi,Avec la ciclosporine administrée par voie orale : baisse des concentrations sanguines de ciclosporine (diminution de son absorption intestinale).,Augmentation des doses de ciclosporine sous contrôle des concentrations plasmatiques et réduction de la posologie après l'arrêt du traitement par l'analogue de la somatostatine.,,
INT_00183,Précaution d'emploi,"Risque d'hypoglycémie ou d'hyperglycémie : diminution ou augmentation des besoins en insuline, par diminution ou augmentation de la sécrétion de glucagon endogène.","Prévenir le patient du risque d'hypoglycémie ou d'hyperglycémie, renforcer l'autosurveillance glycémique et adapter si besoin la posologie de l'insuline pendant le traitement par l'analogue de la somatostatine.",,
INT_00184,Précaution d'emploi,"Risque d'hypoglycémie ou d'hyperglycémie : diminution ou augmentation des besoins en repaglidine, par diminution ou augmentation de la sécrétion de glucagon endogène.",Renforcer l'autosurveillance glycémique et adapter si besoin la posologie de la repaglidine pendant le traitement par l'analogue de la somatostatine.,,
INT_00185,Précaution d'emploi,"Risque d'hypoglycémie ou d'hyperglycémie : diminution ou augmentation des besoins en sulfamide hypoglycemiant, par diminution ou augmentation de la sécrétion de glucagon endogène.",Renforcer l'autosurveillance glycémique et adapter si besoin la posologie du sulfamide hypoglycemiant pendant le traitement par l'analogue de la somatostatine.,,
INT_00186,Précaution d'emploi,Augmentation du risque hémorragique par effet direct sur la coagulation et/ou les systèmes fibrinolytiques.,Contrôle plus fréquent de l’INR. Adaptation de la posologie de l’antivitamine K pendant le traitement par l'androgène et après son arrêt.,,
INT_00187,Précaution d'emploi,"Risque de diminution des concentrations plasmatiques de l'androgène et par conséquent de son efficacité, par augmentation de son métabolisme hépatique par l’inducteur.",Surveillance clinique et biologique pendant l’association et 1 à 2 semaines après l’arrêt de l’inducteur.,,
INT_00188,Association DECONSEILLEE,Troubles du rythme ventriculaire graves par augmentation de l'excitabilité cardiaque.,,,
INT_00189,Précaution d'emploi,Troubles du rythme ventriculaire graves par augmentation de l'excitabilité cardiaque.,"Limiter l'apport, par exemple : moins de 0,1 mg d'adrénaline en 10 minutes ou 0,3 mg en 1 heure chez l'adulte.",,
INT_00190,Précaution d'emploi,Réduction des réactions cardiovasculaires de compensation par les bêta-bloquants. L'inhibition bêta-adrénergique peut être levée durant l'intervention par les bêta-mimétiques.,"En règle générale, ne pas arrêter le traitement bêta-bloquant et, de toute façon, éviter l'arrêt brutal. Informer l'anesthésiste de ce traitement.",,
INT_00191,Précaution d'emploi,Réduction des réactions cardiovasculaires de compensation par les bêta-bloquants. L'inhibition bêta-adrénergique peut être levée durant l'intervention par les bêta-stimulants.,"En règle générale, ne pas arrêter le traitement bêta-bloquant et, de toute façon, éviter l'arrêt brutal. Informer l'anesthésiste de ce traitement.",,
INT_00192,Précaution d'emploi,"Potentialisation de l'effet hépatotoxique de l'isonazide, avec formation accrue de métabolites toxiques de l'isoniazide.","En cas d'intervention programmée, arrêter, par prudence, le traitement par l'isoniazide une semaine avant l'intervention et ne le reprendre que 15 jours après.",,
INT_00193,Précaution d'emploi,Poussée hypertensive peropératoire.,"En cas d'intervention programmée, il est préférable d'interrompre le traitement quelques jours avant l'intervention.",,
INT_00194,A prendre en compte,Décrit avec l'halothane et le cyclopropane. Troubles du rythme ventriculaire graves par augmentation de l'excitabilité cardiaque.,,,
INT_00195,Association DECONSEILLEE,"Effet antabuse (chaleur, rougeurs, vomissements, tachycardie).",Eviter la prise de boissons alcoolisées et de médicaments contenant de l'alcool. Tenir compte de l’élimination complète des médicaments en se référant à leur demi-vie avant la reprise de boissons alcoolisées ou du médicament contenant de l’alcool.,,
INT_00196,Association DECONSEILLEE,Risque d'hyperkaliémie (potentiellement létale) surtout en cas d'insuffisance rénale (addition des effets hyperkaliémiants).,"Association déconseillée : - si l'association est justifiée, contrôle strict de la kaliémie et de la fonction rénale. Précaution d'emploi : - pour la spironolactone à des doses comprises entre 12,5 mg et 50 mg/jour, et pour l’éplérénone utilisées dans le traitement de l'insuffisance cardiaque, ainsi qu'en cas d'hypokaliémie : contrôle strict de la kaliémie et de la fonction rénale.",Yes,
INT_00197,Association DECONSEILLEE,Diminution des concentrations plasmatiques de l'antagoniste du calcium par augmentation de son métabolisme hépatique.,Association déconseillée avec la nimodipine Précaution d'emploi : Surveillance clinique et adaptation éventuelle de la posologie de l'antagoniste du calcium pendant le traitement par l'inducteur et après son arrêt.,Yes,
INT_00198,Association DECONSEILLEE,"Majoration des effets indésirables de l’antagoniste des canaux calciques, le plus souvent à type d'hypotension et d'oedèmes, notamment chez le sujet âgé.",Association déconseillée: - avec la lercanidipine. Précaution d'emploi: - avec les autres antagonistes des canaux calciques. Surveillance clinique et adaptation posologique pendant le traitement par l’inhibiteur enzymatique et après son arrêt.,Yes,
INT_00199,Association DECONSEILLEE,Augmentation de la lithémie pouvant atteindre des valeurs toxiques (diminution de l'excrétion rénale du lithium).,"Si l'usage d'un antagoniste de l'angiotensine II est indispensable, surveillance stricte de la lithémie et adaptation de la posologie.",,
INT_00200,Association DECONSEILLEE,"Pour une quantité de potassium > à 1 mmol/prise, hyperkaliémie potentiellement létale, notamment chez l'insuffisant rénale (addition des effets hyperkaliémiants).",Sauf en cas d'hypokaliémie.,,
INT_00201,Association DECONSEILLEE,"Diminution des concentrations plasmatiques de l'antagoniste du calcium par augmentation de son métabolisme hépatique. ANTAGONISTES DES RÉCEPTEURS DE L'ANGIOTENSINE (azilsartan, candesartan cilexetil, eprosartan, irbesartan, losartan, olmesartan, telmisartan,",Association déconseillée avec la nimodipine Précaution d'emploi : Surveillance clinique et adaptation éventuelle de la posologie de l'antagoniste du calcium pendant le traitement par la rifampicine et après son arrêt. II valsartan),Yes,
INT_00202,Précaution d'emploi,"Pour des doses anti-inflammatoires d'acide acétylsalicylique (>= 1g par prise et/ou >= 3g par jour) ou pour des doses antalgiques ou antipyrétiques (>= 500 mg par prise et/ou < 3g par jour) : Insuffisance rénale aiguë chez le patient à risque (âgé, déshydraté, sous diurétiques, avec une fonction rénale altérée), par diminution de la filtration glomérulaire secondaire à une diminution de la synthèse des prostaglandines rénales. Par ailleurs, réduction de l'effet antihypertenseur.",Hydrater le malade et surveiller la fonction rénale en début de traitement et régulièrement pendant l’association.,,
INT_00203,Précaution d'emploi,"Insuffisance rénale aiguë chez le patient à risque (sujet âgé, déshydratation, traitement associé avec diurétiques, altération de la fonction rénale), par diminution de la filtration glomérulaire secondaire à une diminution de la synthèse des prostaglandines rénales. Ces effets sont généralement réversibles. Par ailleurs, réduction de l’effet antihypertenseur.",Hydrater le malade et surveiller la fonction rénale en début de traitement et régulièrement pendant l’association.,,
INT_00204,Précaution d'emploi,Risque d'hypotension artérielle brutale et/ou d'insuffisance rénale aiguë lors de l'instauration ou de l'augmentation de la posologie d'un traitement par un antagoniste de l'angiotensine II en cas de déplétion hydrosodée préexistante.,"Dans l'hypertension artérielle, lorsqu'un traitement diurétique préalable a pu entraîner une déplétion hydrosodée, il faut : - soit arrêter le diurétique avant de débuter le traitement par l'antagoniste de l'angiotensine II, et réintroduire un diurétique hypokaliémiant si nécessaire ultérieurement ; - soit administrer des doses initiales réduites d'antagoniste de l'angiotensine II et augmenter progressivement la posologie. Dans tous les cas : surveiller la fonction rénale (créatininémie) dans les premières semaines du traitement par l'antagoniste de l'angiotensine II.",,
INT_00205,Précaution d'emploi,"Majoration du risque d’hyperkaliémie, notamment chez le sujet âgé.",Contrôle strict de la kaliémie et de la fonction rénale pendant l’association.,,
INT_00206,Précaution d'emploi,"Majoration des effets indésirables de l’antagoniste des canaux calciques, à type d’hypotension orthostatique, notamment chez le sujet âgé.",Surveillance clinique et adaptation de la posologie de l’antagoniste calcique pendant le traitement par l’idélalisib et après son arrêt.,,
INT_00207,A prendre en compte,"Dans les indications où cette association est possible, risque accru de dégradation de la fonction rénale, voire insuffisance rénale aiguë, et majoration de l'hyperkaliémie, ainsi que de l'hypotension et des syncopes.",,,
INT_00208,Contre-indication,"Aux doses élevées d’AINS, risque de moindre efficacité du mifamurtide.",,,
INT_00209,Contre-indication,"Risque majoré de troubles du rythme ventriculaire, notamment de torsades de pointes.","Contre-indication: - avec le citalopram, la dompéridone, l'escitalopram, l'hydroxyzine et la pipéraquine. Association déconseillée: - avec les autres médicaments susceptibles de donner des torsades de pointes. Si cela est possible, interrompre l'un des deux traitements. Si l'association ne peut être évitée, contrôle préalable du QT et surveillance ECG monitorée.",Yes,
INT_00210,Association DECONSEILLEE,Majoration du risque ulcérogène et hémorragique digestif.,Association déconseillée avec : - des doses anti-inflammatoires d'acide acétylsalicylique (>=1g par prise et/ou >=3g par jour) - des doses antalgiques ou antipyrétiques (>=500 mg par prise et/ou <3g par jour) A prendre en compte avec : - des doses antiagrégantes (de 50 mg à 375 mg par jour en 1 ou plusieurs prises),Yes,
INT_00211,Association DECONSEILLEE,Augmentation du risque hémorragique de l'anticoagulant oral (agression de la muqueuse gastroduodénale par les anti- inflammatoires non stéroïdiens).,"Si l'association ne peut être évitée, surveillance clinique étroite, voire biologique .",,
INT_00212,Association DECONSEILLEE,Avec les autres anti-inflammatoires non stéroïdiens : majoration du risque ulcérogène et hémorragique digestif.,,,
INT_00213,Association DECONSEILLEE,Augmentation du risque hémorragique (agression de la muqueuse gastroduodénale par les anti-inflammatoires non stéroïdiens).,"Si l'association ne peut être évitée, surveillance clinique étroite.",,
INT_00214,Association DECONSEILLEE,Augmentation de la lithémie pouvant atteindre des valeurs toxiques (diminution de l'excrétion rénale du lithium).,"Si l'association ne peut être évitée, surveiller étroitement la lithémie et adapter la posologie du lithium pendant l'association et après l'arrêt de l'anti-inflammatoire non stéroïdien.",,
INT_00215,Association DECONSEILLEE,Augmentation de la toxicité hématologique du méthotrexate (diminution de la clairance rénale du méthotrexate par les anti- inflammatoires).,"Association déconseillée: - pour des doses de méthotrexate supérieures à 20 mg par semaine. - avec le kétoprofène et le méthotrexate à des doses supérieures à 20 mg par semaines, respecter un intervalle d'au moins 12 heures entre l'arrêt ou le début d'un traitement par kétoprofène et la prise de méthotrexate. Association nécessitant une précaution d'emploi : - avec le méthotrexate utilisé à faibles doses (inférieures ou égales à 20 mg par semaine), contrôle hebdomadaire de l'hémogramme durant les premières semaines de l'association. Surveillance accrue en cas d'altération (même légère) de la fonction rénale, ainsi que chez le sujet âgé.",Yes,
INT_00216,Association DECONSEILLEE,Majoration du risque ulcérogène et hémorragique digestif.,,,
INT_00217,Association DECONSEILLEE,Risque de majoration de la toxicité du pemetrexed (diminution de sa clairance rénale par les AINS).,Association déconseillée : - en cas de fonction rénale faible à modérée. Précaution d'emploi : - en cas de fonction rénale normale. Surveillance biologique de la fonction rénale.,Yes,
INT_00218,Précaution d'emploi,"Insuffisance rénale aiguë chez le patient à risque (sujet âgé, déshydratation, traitement associé avec diurétiques, altération de la fonction rénale), par diminution de la filtration glomérulaire secondaire à une diminution de la synthèse des prostaglandines rénales. Ces effets sont généralement réversibles. Par ailleurs, réduction de l’effet antihypertenseur.",Hydrater le malade et surveiller la fonction rénale en début de traitement et régulièrement pendant l’association.,,
INT_00219,Précaution d'emploi,"Risque d’addition des effets néphrotoxiques, notamment chez le sujet âgé.",Surveiller la fonction rénale en début de traitement par l’AINS.,,
INT_00220,Précaution d'emploi,Augmentation du risque hémorragique.,Surveillance clinique.,,
INT_00221,Précaution d'emploi,"Insuffisance rénale aiguë chez le patient à risque (âgé, déshydraté, sous diurétiques, avec une fonction rénale altérée), par diminution de la filtration glomérulaire secondaire à une diminution de la synthèse des prostaglandines rénales. Ces effets sont généralement réversibles. Par ailleurs, réduction de l’effet antihypertenseur.",Hydrater le malade et surveiller la fonction rénale en début de traitement et régulièrement pendant l'association.,,
INT_00222,Précaution d'emploi,"Insuffisance rénale aiguë chez le patient à risque (âgé, déshydraté, sous diurétiques, avec une fonction rénale altérée), par diminution de la filtration glomérulaire secondaire à une diminution de la synthèse des prostaglandines rénales. Ces effets sont généralement réversibles. Par ailleurs, réduction de l’effet antihypertenseur.",Hydrater le malade et surveiller la fonction rénale en début de traitement et régulièrement pendant l’association.,,
INT_00223,Précaution d'emploi,"Risque d’addition des effets néphrotoxiques, notamment chez le sujet âgé.",Surveiller la fonction rénale en début de traitement par l’AINS.,,
INT_00224,Précaution d'emploi,"Risque de majoration de la néphrotoxicité du ténofovir, notamment avec des doses élevées de l'anti-inflammatoire ou en présence de facteurs de risque d'insuffisance rénale. ANTIPARASITAIRES SUSCEPTIBLES DE DONNER DES TORSADES (chloroquine, halofantrine, lumefantrine, pentamidine, pipéraquine)","En cas d’association, surveiller la fonction rénale. DE POINTES",,
INT_00225,A prendre en compte,"Augmentation du risque hémorragique, notamment gastro-intestinal.",,,
INT_00226,A prendre en compte,Réduction de l'effet antihypertenseur (inhibition des prostaglandines vasodilatatrices par les anti-inflammatoires non stéroïdiens).,,,
INT_00227,A prendre en compte,Majoration du risque ulcérogène et hémorragique digestif.,,,
INT_00228,A prendre en compte,Augmentation du risque d’ulcération et d’hémorragie gastro- intestinale.,,,
INT_00229,A prendre en compte,Augmentation du risque hémorragique.,,,
INT_00230,A prendre en compte,Majoration du risque hémorragique.,,,
INT_00231,A prendre en compte,Augmentation du risque hémorragique.,,,
INT_00232,Contre-indication,Risque de maladie vaccinale généralisée éventuellement mortelle.,Et pendant les 3 mois suivant l'arrêt du traitement.,,
INT_00233,Association DECONSEILLEE,Majoration de l’immunodépression.,,,
INT_00234,Association DECONSEILLEE,Risque accru d'infections graves et de neutropénies.,,,
INT_00235,Association DECONSEILLEE,Risque de majoration des infections graves.,,,
INT_00236,Association DECONSEILLEE,Majoration des événements hémorragiques.,,,
INT_00237,Association DECONSEILLEE,Risque hémorragique accru.,,,
INT_00238,Précaution d'emploi,Augmentation du risque hémorragique.,Surveillance clinique.,,
INT_00239,Précaution d'emploi,Augmentation du risque hémorragique.,Surveillance clinique.,,
INT_00240,A prendre en compte,"Augmentation du risque hémorragique, notamment gastro-intestinal.",,,
INT_00241,A prendre en compte,Augmentation du risque hémorragique.,,,
INT_00242,A prendre en compte,Augmentation du risque hémorragique.,,,
INT_00243,A prendre en compte,Augmentation du risque hémorragique.,,,
INT_00244,A prendre en compte,Augmentation du risque hémorragique.,,,
INT_00245,A prendre en compte,Augmentation du risque hémorragique.,,,
INT_00246,Contre-indication,"L'association de deux antiarythmiques est très délicate. Elle est dans la majorité des cas, contre-indiquée ou déconseillée.",,Yes,
INT_00247,Précaution d'emploi,"Troubles de la contractilité, de l'automatisme et de la conduction (suppression des mécanismes sympathiques compensateurs).",Surveillance clinique et ECG.,,
INT_00248,Précaution d'emploi,"Diminution des concentrations plasmatiques et de l'efficacité de l'antiarythmique, par augmentation de son métabolisme hépatique par l'inducteur.","Surveillance clinique, ECG et contrôle des concentrations plasmatiques ; si besoin, adaptation de la posologie de l'antiarythmique pendant le traitement par l'inducteur et après son arrêt.",,
INT_00249,Précaution d'emploi,Diminution des concentrations plasmatiques et de l'efficacité de l'antiarythmique (augmentation de son métabolisme hépatique).,"Surveillance clinique, ECG et éventuellement de la concentration plasmatique de l'antiarythmique. Si besoin, adaptation de la posologie de l'antiarythmique pendant le traitement par la rifampicine et après son arrêt (risque de surdosage en antiarythmique).",,
INT_00250,Précaution d'emploi,Risque de bradycardie excessive (addition des effets bradycardisants).,"Surveillance clinique régulière, notamment en début d'association.",,
INT_00251,A prendre en compte,Risque de moindre efficacité de l’anticholinestérasique par antagonisme des récepteurs de l’acétylcholine par l’atropinique.,,,
INT_00252,A prendre en compte,"Risque d'addition des effets indésirables cholinergiques, notamment digestifs.",,,
INT_00253,A prendre en compte,"Risque d'allongement du bloc moteur, majoré en cas de déficit partiel en pseudocholinestérase.",,,
INT_00254,Contre-indication,"Majoration du risque hémorragique, notamment en cas d’antécédent d’ulcère gastro-duodénal.","Contre-indication avec : - des doses anti-inflammatoires d'acide acétylsalicylique (>=1g par prise et/ou >=3g par jour) - des doses antalgiques ou antipyrétiques (>=500 mg par prise et/ou <3g par jour) et en cas d’antécédent d’ulcère gastro-duodénal Association déconseillée avec : - des doses antalgiques ou antipyrétiques (>=500 mg par prise et/ou <3g par jour) en l'absence d’antécédent d’ulcère gastro-duodénal - des doses antiagrégantes (de 50 mg à 375 mg par jour) et en cas d’antécédent d’ulcère gastro-duodénal. Nécessité d'un contrôle le cas échéant, en particulier du temps de saignement. A prendre en compte avec : - des doses antiagrégantes (de 50 mg à 375 mg par jour)",Yes,
INT_00255,Contre-indication,Augmentation du risque hémorragique.,"Les anticoagulants oraux d'action directe ne doivent pas être administrés conjointement à l'héparine. Lors du relais de l'un par l'autre, respecter l'intervalle entre les prises. Lors du relais héparine/antivitamine K (nécessitant plusieurs jours), renforcer la surveillance clinique et biologique.",Yes,
INT_00256,Association DECONSEILLEE,Augmentation du risque hémorragique de l'anticoagulant oral (agression de la muqueuse gastroduodénale par les anti- inflammatoires non stéroïdiens).,"Si l'association ne peut être évitée, surveillance clinique étroite, voire biologique .",,
INT_00257,Association DECONSEILLEE,Risque hémorragique accru.,,,
INT_00258,Association DECONSEILLEE,Augmentation du risque hémorragique.,"Si l’association ne peut être évitée, surveillance clinique et biologique étroite (pour les antivitamines K, contrôle plus fréquent de l’INR).",,
INT_00259,Association DECONSEILLEE,"Augmentation du risque hémorragique. Pour l’apixaban et le rivaroxaban, risque de diminution de leur métabolisme par l’imatinib, se surajoutant au risque pharmacodynamique.","Si l’association ne peut être évitée, surveillance clinique et biologique étroite (pour les antivitamines K, contrôle plus fréquent de l’INR).",,
INT_00260,Précaution d'emploi,Augmentation du risque hémorragique.,"Surveillance clinique et le cas échéant, contrôle plus fréquent de l'INR.",,
INT_00261,Précaution d'emploi,"Glucocorticoïdes (voies générale et rectale) : impact éventuel de la corticothérapie sur le métabolisme de l'antivitamine K et sur celui des facteurs de la coagulation. Risque hémorragique propre à la corticothérapie (muqueuse digestive, fragilité vasculaire) à fortes doses ou en traitement prolongé supérieur à 10 jours.","Lorsque l'association est justifiée, renforcer la surveillance : le cas échéant, avec les antivitamines K, contrôle biologique au 8e jour, puis tous les 15 jours pendant la corticothérapie et après son arrêt.",,
INT_00262,Précaution d'emploi,Augmentation du risque d'hémorragies digestives.,Surveillance clinique étroite.,,
INT_00263,A prendre en compte,Augmentation du risque hémorragique.,,,
INT_00264,A prendre en compte,Risque de majoration des événements hémorragiques lors du relais d'un anticoagulant oral par un autre.,"Tenir compte de la demi-vie de l'anticoagulant oral et observer, le cas échéant, un délai de carence avant le début du traitement par l'autre. Penser à informer le patient.",,
INT_00265,A prendre en compte,Augmentation du risque hémorragique.,,,
INT_00266,A prendre en compte,Augmentation du risque hémorragique.,,,
INT_00267,A prendre en compte,Augmentation du risque hémorragique.,,,
INT_00268,A prendre en compte,Augmentation du risque hémorragique,Surveillance particulièrement chez le sujet âgé.,,
INT_00269,Contre-indication,Risque de diminution des concentrations plasmatiques et de l'efficacité de l'anticonvulsivant.,,,
INT_00270,Association DECONSEILLEE,"Risque de maladie vaccinale généralisée, éventuellement mortelle.","Association déconseillée avec : - anifrolumab, atézolizumab, bélimumab, bimékizumab, blinatumomab, canakinumab, durvalumab, guselkumab, inébilizumab, inotuzumab, ixékizumab, obinutuzumab, ocrélizumab, ofatumumab, rituximab, sacituzumab, spésolimab, tafasitamab, tézépelumab, tocilizumab, ustékinumab A prendre en compte avec : - alemtuzumab, amivantamab, brentuximab, cetuximab, daratumumab, dénosumab, ibritumomab, ipilimumab, natalizumab, nivolumab, panitumumab, pembrolizumab, ramucirumab, satralizumab, sécukinumab, siltuximab, tralokinumab, védolizumab",Yes,
INT_00271,Association DECONSEILLEE,Risque d'inhibition de l'effet antihypertenseur par l'antidépresseur (antagonisme au niveau des récepteurs adrénergiques).,,,
INT_00272,Association DECONSEILLEE,Hypertension paroxystique avec possibilité de troubles du rythme (inhibition de l'entrée du sympathomimétique dans la fibre sympathique).,,,
INT_00273,Précaution d'emploi,Troubles du rythme ventriculaire graves par augmentation de l'excitabilité cardiaque.,"Limiter l'apport, par exemple : moins de 0,1 mg d'adrénaline en 10 minutes ou 0,3 mg en 1 heure chez l'adulte.",,
INT_00274,Précaution d'emploi,Augmentation des concentrations plasmatiques de l'antidépresseur imipraminique avec risque de convulsions et augmentation des effets indésirables.,"Surveillance clinique accrue et, si nécessaire, adaptation posologique.",,
INT_00275,A prendre en compte,"Effet vasodilatateur et risque d'hypotension, notamment orthostatique (effet additif).",,,
INT_00276,A prendre en compte,Risque d'échec thérapeutique en cas de traitement concomitant par orlistat.,,,
INT_00277,Association DECONSEILLEE,Majoration de l'effet hypotenseur. Risque d'hypotension orthostatique sévère.,,,
INT_00278,Association DECONSEILLEE,"Risque d’hypotension orthostatique, notamment chez le sujet âgé.",Association déconseillée : - avec la doxazosine Précaution d'emploi : - avec les autres alpha-bloquants Débuter le traitement aux posologies minimales recommandées et adapter progressivement les doses si besoin.,Yes,
INT_00279,A prendre en compte,Majoration de l'effet hypotenseur. Risque majoré d'hypotension orthostatique.,,,
INT_00280,Association DECONSEILLEE,Risque d'inhibition de l'effet antihypertenseur par l'antidépresseur (antagonisme au niveau des récepteurs adrénergiques).,,,
INT_00281,Association DECONSEILLEE,"Diminution centrale du tonus sympathique et effet vasodilatateur des antihypertenseurs centraux, préjudiciables en cas d'insuffisance cardiaque traitée par bêta-bloquant et vasodilatateur.",,,
INT_00282,Association DECONSEILLEE,Inhibition possible de l'activité antihypertensive par antagonisme au niveau des récepteurs.,,,
INT_00283,Précaution d'emploi,Augmentation importante de la pression artérielle en cas d'arrêt brutal du traitement par l'antihypertenseur central.,Eviter l'arrêt brutal du traitement par l'antihypertenseur central. Surveillance clinique.,,
INT_00284,A prendre en compte,Troubles de l'automatisme (troubles de la conduction auriculo- ventriculaire par addition des effets négatifs sur la conduction).,,,
INT_00285,A prendre en compte,Troubles de l'automatisme (troubles de la conduction auriculo- ventriculaire par addition des effets négatifs sur la conduction).,,,
INT_00286,A prendre en compte,Majoration de l'effet hypotenseur. Risque d'hypotension orthostatique majoré.,,,
INT_00287,A prendre en compte,Majoration de l'effet hypotenseur. Risque majoré d'hypotension orthostatique.,,,
INT_00288,Précaution d'emploi,Risque de majoration des troubles neuropsychiques.,"Surveillance clinique et biologique régulière, notamment en début d'association.",,
INT_00289,Association DECONSEILLEE,"Antagonisme réciproque du dopaminergique et des neuroleptiques. Le dopaminergique peut provoquer ou aggraver les troubles psychotiques. En cas de nécessité d'un traitement par neuroleptiques chez le patient parkinsonien traité par dopaminergique, ces derniers doivent être diminués progressivement jusqu'à l'arrêt (leur arrêt brutal expose à un risque de ""syndrome malin des neuroleptiques"").",,,
INT_00290,Contre-indication,Insuffisance médullaire éventuellement grave.,,,
INT_00291,Association DECONSEILLEE,"Risque majoré d'effets indésirables graves, par inhibition du métabolisme de l'immunomodulateur par la ribavirine.",,,
INT_00292,Précaution d'emploi,Augmentation du risque hémorragique.,Contrôle plus fréquent de l'INR. Adaptation éventuelle de la posologie de l'antivitamine K à la mise en route du traitement par l'immunomodulateur et après son arrêt.,,
INT_00293,A prendre en compte,"Risque de majoration de l'effet myélosuppresseur de l'immunomodulateur par inhibition de son métabolisme hépatique par le dérivé de l'ASA, notamment chez les sujets présentant un déficit partiel en thiopurine méthyltransférase (TPMT).",,,
INT_00294,Association DECONSEILLEE,"Erythèmes, phlyctènes, voire nécrose cutanéo-muqueuse (formation d'un complexe caustique en cas d'utilisation concomitante d'antiseptiques iodés et mercuriels). L'interaction dépend de la stabilité de l'organo-mercuriel au niveau cutané et de la sensibilité individuelle.",,,
INT_00295,Contre-indication,Risque de majoration des effets indésirables.,"Contre-indication : - avec la darifénacine - avec la fésotérodine et la solifénacine, en cas d'insuffisance rénale ou hépatique, modérée à sévère. Association déconseillée : - avec la toltérodine Précaution d'emploi: - avec la fésotérodine ou la solifénacine, chez le patient à fonction rénale et hépatique normales, réduire la dose à 4 mg ou 5 mg, respectivement, en cas d'association à un inhibiteur puissant du CYP3A4. A prendre en compte : - avec l'oxybutynine.",Yes,
INT_00296,Association DECONSEILLEE,"Diminution de l'absorption de l'azolé antifongique, par augmentation du pH intragastrique par l'antisécrétoire.",Association déconseillée: - uniquement avec la forme suspension buvable de posaconazole.,,
INT_00297,A prendre en compte,Risque de diminution des concentrations plasmatiques de l'atazanavir.,,,
INT_00298,A prendre en compte,"Risque de carence en cyanocobalamine après traitement prolongé (quelques années), la réduction de l’acidité gastrique par ces médicaments pouvant diminuer l’absorption digestive de la vitamine B12.",,,
INT_00299,A prendre en compte,"Risque de diminution de la biodisponibilité de l’inhibiteur de tyrosine kinases, en raison de son absorption pH-dépendante.",- sauf avec l'entrectinib et le vandétanib.,,
INT_00300,A prendre en compte,"Diminution de l'absorption de l'azolé antifongique, par augmentation du pH intragastrique par l'antisécrétoire.",,,
INT_00301,A prendre en compte,"Diminution de l'absorption de l'azolé antifongique, par augmentation du pH intragastrique par l'antisécrétoire.",,,
INT_00302,A prendre en compte,Risque de diminution des concentrations plasmatiques de la rilpivirine.,"Si nécessaire, utiliser un antihistaminique H2 actif en une prise par jour, à prendre au moins 12 heures avant, ou au moins 4 heures après.",,
INT_00303,A prendre en compte,"Risque de diminution de l’effet du sotorasib, par diminution de son absorption.",,,
INT_00304,A prendre en compte,"Risque de diminution de l’effet de l’ulipristal, par diminution de son absorption.",,,
INT_00305,Contre-indication,Diminution des concentrations plasmatiques de rilpivirine par l’inhibiteur de la pompe à protons (absorption diminuée en raison de l’augmentation du pH gastrique).,,,
INT_00306,Association DECONSEILLEE,"Diminution très importante des concentrations plasmatiques de l'atazanavir, avec risque d'échec thérapeutique.",,,
INT_00307,Association DECONSEILLEE,Risque d’augmentation de la toxicité du méthotrexate par diminution de son élimination.,Association déconseillée : - avec le méthotrexate aux doses > 20 mg / semaine A prendre en compte : - pour des doses inférieures,Yes,
INT_00308,Association DECONSEILLEE,"Diminution de l'absorption de l'azolé antifongique, par augmentation du pH intragastrique par l'antisécrétoire.",Association déconseillée: - uniquement avec la forme suspension buvable de posaconazole.,,
INT_00309,Association DECONSEILLEE,Diminution des concentrations de velpatasvir et de sofosbuvir.,"Si l’association s’avère nécessaire, la bithérapie velpatasvir/sofosbuvir doit être prise au moment du repas, ou 4 heures avant la prise d’un IPP donné à dose minimale.",,
INT_00310,Précaution d'emploi,"Diminution probable de l'absorption des hormones thyroïdiennes, par augmentation du pH intra-gastrique par l'antisécrétoire.","Contrôle clinique et biologique régulier, avec augmentation éventuelle de la posologie des hormones thyroïdiennes.",,
INT_00311,Précaution d'emploi,Diminution des concentrations du lédipasvir en cas d’administration de l’inhibiteur de la pompe à protons avant le lédipasvir.,Il est recommandé de prendre l'’inhibiteur de la pompe à protons et le lédipasvir simultanément.,,
INT_00312,A prendre en compte,"Risque de carence en cyanocobalamine après traitement prolongé (quelques années), la réduction de l’acidité gastrique par ces médicaments pouvant diminuer l’absorption digestive de la vitamine B12.",,,
INT_00313,A prendre en compte,"Risque de diminution de la biodisponibilité de l’inhibiteur de tyrosine kinases, en raison de son absorption pH-dépendante.","- sauf avec l'entrectinib, le fédratinib, l'imatinib, le tucatinib et le vandétanib",,
INT_00314,A prendre en compte,"Diminution de l'absorption de l'azolé antifongique, par augmentation du pH intragastrique par l'antisécrétoire.",,,
INT_00315,A prendre en compte,"Diminution de l'absorption de l'azolé antifongique, par augmentation du pH intragastrique par l'antisécrétoire.",,,
INT_00316,A prendre en compte,Risque d’inefficacité du traitement antisécrétoire par augmentation de son métabolisme par le millepertuis.,,,
INT_00317,A prendre en compte,"Diminution des concentrations de l’acide mycophénolique d’environ un tiers, avec risque potentiel de baisse d’efficacité.",,,
INT_00318,A prendre en compte,"Risque de diminution de l’effet du sotorasib, par diminution de son absorption.",,,
INT_00319,A prendre en compte,"Risque de diminution de l’effet de l’ulipristal, par diminution de son absorption.",,,
INT_00320,A prendre en compte,"Risque majoré de dépression respiratoire, pouvant être fatale en cas de surdosage.",,,
INT_00321,A prendre en compte,"Risque majoré de dépression respiratoire, pouvant être fatale en cas de surdosage.",,,
INT_00322,Association DECONSEILLEE,"Diminution de l'effet antalgique ou antitussif du morphinique, par blocage compétitif des récepteurs, avec risque d'apparition d'un syndrome de sevrage.",,,
INT_00323,A prendre en compte,"Risque majoré de dépression respiratoire, pouvant être fatale en cas de surdosage.",,,
INT_00324,A prendre en compte,"Risque majoré de dépression respiratoire, pouvant être fatale en cas de surdosage.",,,
INT_00325,Contre-indication,"Hémorragies imprévisibles, éventuellement graves.",,,
INT_00326,Contre-indication,"Diminution des concentrations plasmatiques de l'antivitamine K, en raison de son effet inducteur enzymatique, avec risque de baisse d'efficacité voire d'annulation de l'effet dont les conséquences peuvent être éventuellement graves (évènement thrombotique).","En cas d'association fortuite, ne pas interrompre brutalement la prise de millepertuis mais contrôler l'INR avant puis après l'arrêt du millepertuis.",,
INT_00327,Association DECONSEILLEE,Augmentation importante de l'effet de l'antivitamine K et du risque hémorragique.,"Si elle ne peut être évitée, contrôle plus fréquent de l'INR. Adaptation de la posologie de l'antivitamine K pendant le traitement par le cytotoxique et 8 jours après son arrêt.",,
INT_00328,Association DECONSEILLEE,Augmentation de l’effet de l’antivitamine K et du risque hémorragique.,,,
INT_00329,Association DECONSEILLEE,Augmentation importante de l’effet de l’antivitamine K et du risque hémorragique.,"Si l’association ne peut être évitée, contrôle plus fréquent de l’INR et adaptation de la posologie de l’antivitamine K pendant le traitement par cotrimoxazole et après son arrêt.",,
INT_00330,Précaution d'emploi,Augmentation du risque hémorragique.,Contrôle plus fréquent de l'INR. Adaptation éventuelle de la posologie de l'antivitamine K pendant le traitement par l'allopurinol et 8 jours après son arrêt.,,
INT_00331,Précaution d'emploi,Augmentation de l'effet de l'antivitamine K et du risque hémorragique.,Contrôle plus fréquent de l'INR. Adaptation éventuelle de la posologie de l'antivitamine K pendant le traitement par l'amiodarone et jusqu'à 4 semaines après son arrêt.,,
INT_00332,Précaution d'emploi,Augmentation du risque hémorragique par effet direct sur la coagulation et/ou les systèmes fibrinolytiques.,Contrôle plus fréquent de l’INR. Adaptation de la posologie de l’antivitamine K pendant le traitement par l'androgène et après son arrêt.,,
INT_00333,Précaution d'emploi,Augmentation du risque hémorragique.,Contrôle plus fréquent de l'INR. Adaptation éventuelle de la posologie de l'antivitamine K à la mise en route du traitement par l'immunomodulateur et après son arrêt.,,
INT_00334,Précaution d'emploi,Diminution de l'effet de l'antivitamine K par augmentation de son métabolisme hépatique.,Contrôle plus fréquent de l'INR. Adaptation éventuelle de la posologie de l'antivitamine K.,,
INT_00335,Précaution d'emploi,Augmentation de l'effet de l'antivitamine K et du risque hémorragique.,Contrôle plus fréquent de l'INR. Adaptation éventuelle de la posologie de l'antivitamine K pendant le traitement par la céphalosporine et après son arrêt.,,
INT_00336,Précaution d'emploi,Augmentation de l'effet de l'antivitamine K et du risque hémorragique.,Contrôle plus fréquent de l'INR. Adaptation éventuelle de la posologie de l'antivitamine K pendant le traitement par la céphalosporine et après son arrêt.,,
INT_00337,Précaution d'emploi,Augmentation de l'effet de l'antivitamine K et du risque hémorragique.,Contrôle plus fréquent de l'INR. Adaptation éventuelle de la posologie de l'antivitamine K pendant le traitement par la céphalosporine et après son arrêt.,,
INT_00338,Précaution d'emploi,Augmentation de l’effet de l’antivitamine K et du risque hémorragique.,Contrôle plus fréquent de l’INR. Adaptation éventuelle de la posologie de l’antivitamine K pendant le traitement par clindamycine et après son arrêt.,,
INT_00339,Précaution d'emploi,Augmentation de l'effet de l'antivitamine K et du risque hémorragique.,Contrôle plus fréquent de l'INR. Adaptation éventuelle de la posologie de l'antivitamine K pendant le traitement par la colchicine et 8 jours après son arrêt.,,
INT_00340,Précaution d'emploi,"Augmentation de l'effet de l'antivitamine K et du risque hémorragique (pour la tigécycline, effet direct sur la coagulation et/ou les systèmes fibrinolytiques).",Contrôle plus fréquent de l'INR. Adaptation éventuelle de la posologie de l'antivitamine K pendant le traitement par la cycline et après son arrêt.,,
INT_00341,Précaution d'emploi,"Augmentation du risque thrombotique et hémorragique au cours des affections tumorales. De surcroit, possible interaction entre les AVK et la chimiothérapie.",Contrôle plus fréquent de l'INR.,,
INT_00342,Précaution d'emploi,Augmentation du risque hémorragique par effet direct sur la coagulation et/ou les systèmes fibrinolytiques.,Contrôle plus fréquent de l’INR. Adaptation de la posologie de l’antivitamine K pendant le traitement par le danazol et après son arrêt.,,
INT_00343,Précaution d'emploi,Augmentation de l'effet de l'antivitamine K et du risque hémorragique.,Contrôle plus fréquent de l'INR. Adaptation de la posologie de l'antivitamine K pendant le traitement par le disulfirame et 8 jours après son arrêt.,,
INT_00344,Précaution d'emploi,Quelle que soit la voie d'administration de l'éconazole : augmentation de l'effet de l'antivitamine K et du risque hémorragique.,Contrôle plus fréquent de l'INR. Adaptation éventuelle de la posologie de l'antivitamine K pendant le traitement par éconazole et après son arrêt.,,
INT_00345,Précaution d'emploi,Diminution de l'effet de l'antivitamine K par augmentation de son métabolisme hépatique.,Contrôle plus fréquent de l'INR. Adaptation éventuelle de la posologie de l'antivitamine K.,,
INT_00346,Précaution d'emploi,Augmentation de l'effet de l'antivitamine K et du risque hémorragique.,Contrôle plus fréquent de l'INR. Adaptation éventuelle de la posologie de l'antivitamine K pendant le traitement par le fibrate et 8 jours après son arrêt.,,
INT_00347,Précaution d'emploi,Augmentation de l'effet de l'antivitamine K et du risque hémorragique.,Contrôle plus fréquent de l'INR. Adaptation éventuelle de la posologie de l'antivitamine K pendant le traitement par le fluconazole et 8 jours après son arrêt.,,
INT_00348,Précaution d'emploi,Augmentation de l'effet de l'antivitamine K et du risque hémorragique.,Contrôle plus fréquent de l'INR. Adaptation éventuelle de la posologie de l'antivitamine K pendant le traitement par la fluoroquinolone et après son arrêt.,,
INT_00349,Précaution d'emploi,Augmentation du risque hémorragique.,Contrôle plus fréquent de l’INR. Adapation éventuelle de la posologie de l’antivitamine K.,,
INT_00350,Précaution d'emploi,"Diminution (ou, rarement, augmentation avec la phénytoïne) de l'effet de l'antivitamine K par augmentation de son métabolisme hépatique par l'anticonvulsivant inducteur.",Contrôle plus fréquent de l'INR. Adaptation éventuelle de la posologie de l'antivitamine K pendant le traitement par l'anticonvulsivant inducteur et 8 jours après son arrêt.,,
INT_00351,Précaution d'emploi,Augmentation de l'effet de l'antivitamine K et du risque hémorragique.,Contrôle plus fréquent de l'INR. Adaptation éventuelle de la posologie de l'antivitamine K.,,
INT_00352,Précaution d'emploi,"Variation de l'effet de l'antivitamine K, le plus souvent dans le sens d'une diminution.",Contrôle plus fréquent de l'INR. Adaptation éventuelle de la posologie de l'antivitamine K pendant la durée du traitement.,,
INT_00353,Précaution d'emploi,Augmentation de l'effet de l'antivitamine K et du risque hémorragique,Contrôle plus fréquent de l'INR. Adaptation éventuelle de la posologie de l'antivitamine K pendant le traitement par la lévocarnitine et 8 jours après son arrêt.,,
INT_00354,Précaution d'emploi,Augmentation de l'effet de l'antivitamine K et du risque hémorragique.,Contrôle plus fréquent de l'INR. Adaptation éventuelle de la posologie de l'antivitamine K pendant le traitement par le macrolide et après son arrêt.,,
INT_00355,Précaution d'emploi,"Pour des doses de 0,5 à 1g de méthylprednisolone administrées en bolus : augmentation de l'effet de l'antivitamine K et du risque hémorragique.",Contrôle de l'INR 2 à 4 jours après le bolus de méthylprednisolone ou en présence de tous signes hémorragiques.,,
INT_00356,Précaution d'emploi,Diminution de l'effet de l'antivitamine K par augmentation de son métabolisme hépatique.,Contrôle plus fréquent de l'INR. Adaptation éventuelle de la posologie de l'antivitamine K.,,
INT_00357,Précaution d'emploi,Augmentation de l'effet de l'antivitamine K et du risque hémorragique.,Contrôle plus fréquent de l'INR. Adaptation éventuelle de la posologie de l'antivitamine K pendant le traitement par l'orlistat et après son arrêt.,,
INT_00358,Précaution d'emploi,Risque d’augmentation de l’effet de l’antivitamine K et du risque hémorragique en cas de prise de paracétamol aux doses maximales (4 g/j) pendant au moins 4 jours.,Contrôle plus fréquent de l’INR. Adaptation éventuelle de la posologie de l’antivitamine K pendant le traitement par le paracétamol et après son arrêt.,,
INT_00359,Précaution d'emploi,Augmentation du risque hémorragique.,Contrôle plus fréquent de l'INR. Adaptation éventuelle de la posologie de l'antivitamine K pendant le traitement par la pentoxifylline et 8 jours après son arrêt.,,
INT_00360,Précaution d'emploi,Augmentation de l'effet de l'antivitamine K et du risque hémorragique.,Contrôle plus fréquent de l'INR. Adaptation éventuelle de la posologie de l'antivitamine K pendant le traitement par la pristinamycine et après son arrêt.,,
INT_00361,Précaution d'emploi,Risque d’augmentation de l’effet de l’antivitamine K et du risque hémorragique.,Contrôle plus fréquent de l’INR. Adaptation éventuelle de la posologie de l’antivitamine K pendant le traitement par le proguanil et après son arrêt.,,
INT_00362,Précaution d'emploi,Diminution de l'effet de l'antivitamine K par augmentation de son métabolisme hépatique par la rifampicine.,Contrôle plus fréquent de l'INR. Adaptation éventuelle de la posologie de l'antivitamine K pendant le traitement par la rifampicine et 8 jours après son arrêt.,,
INT_00363,Précaution d'emploi,Augmentation du risque hémorragique.,Contrôle plus fréquent de l’INR. Adaptation éventuelle de la posologie de l’antivitamine K pendant le traitement par ropinirole et après son arrêt.,,
INT_00364,Précaution d'emploi,Risque d'augmentation de l'effet de l'antivitamine K et du risque hémorragique.,Contrôle plus fréquent de l'INR. Adaptation éventuelle de la posologie de l'antivitamine K.,,
INT_00365,Précaution d'emploi,Augmentation de l'effet de l'antivitamine K et du risque hémorragique.,Contrôle plus fréquent de l'INR. Adaptation éventuelle de la posologie de l'antivitamine K pendant le traitement par la tibolone et après son arrêt.,,
INT_00366,Précaution d'emploi,Augmentation de l'effet de l'antivitamine K et du risque hémorragique par diminution de son métabolisme hépatique.,Contrôle plus fréquent de l'INR. Adaptation éventuelle de la posologie de l'antivitamine K pendant le traitement par voriconazole et 8 jours après son arrêt.,,
INT_00367,A prendre en compte,Risque de diminution de l’effet de l’antivitamine K par augmentation de son métabolisme hépatique par l’aprépitant.,,,
INT_00368,A prendre en compte,Avec la cimétidine utilisée à des doses supérieures ou égales à 800 mg/j : augmentation de l'effet de l'antivitamine K et du risque hémorragique (diminution de son métabolisme hépatique).,,,
INT_00369,A prendre en compte,Majoration du risque ulcérogène et hémorragique digestif.,,,
INT_00370,Association DECONSEILLEE,"Risque de diminution très importante des concentrations de l'atorvastatine, et perte d‘efficacité, par augmentation de son métabolisme hépatique par l’apalutamide.",,,inducteurs enzymatiques - inducteurs enzymatiques puissants - médicaments
INT_00371,Association DECONSEILLEE,"Risque de diminution très importante des concentrations du cabazitaxel, et perte d‘efficacité, par augmentation de son métabolisme hépatique par l’apalutamide.",,,inducteurs enzymatiques - inducteurs enzymatiques puissants - médicaments
INT_00372,Association DECONSEILLEE,"Risque de diminution très importante des concentrations du docétaxel, et perte d‘efficacité, par augmentation de son métabolisme hépatique par l’apalutamide.",,,inducteurs enzymatiques - inducteurs enzymatiques puissants - médicaments
INT_00373,Association DECONSEILLEE,"Risque de diminution très importante des concentrations des immunosuppresseurs, et perte d‘efficacité, par augmentation de leur métabolisme hépatique par l’apalutamide.",,,inducteurs enzymatiques - inducteurs enzymatiques puissants - médicaments
INT_00374,Association DECONSEILLEE,"Risque de diminution très importante des concentrations de la méthadone, et perte d‘efficacité, par augmentation de son métabolisme hépatique par l’apalutamide.",,,inducteurs enzymatiques - inducteurs enzymatiques puissants - médicaments
INT_00375,Association DECONSEILLEE,"Risque de diminution très importante des concentrations de l'olaparib, et perte d‘efficacité, par augmentation de son métabolisme hépatique par l’apalutamide.",,,inducteurs enzymatiques - inducteurs enzymatiques puissants - médicaments
INT_00376,Association DECONSEILLEE,"Risque de diminution très importante des concentrations de l'oméprazole, et perte d‘efficacité, par augmentation de son métabolisme hépatique par l’apalutamide.",,,inducteurs enzymatiques - inducteurs enzymatiques puissants - médicaments
INT_00377,Association DECONSEILLEE,"Risque de diminution très importante des concentrations du pimozide, et perte d‘efficacité, par augmentation de son métabolisme hépatique par l’apalutamide.",,,inducteurs enzymatiques - inducteurs enzymatiques puissants - médicaments
INT_00378,Association DECONSEILLEE,"Risque de diminution très importante des concentrations de la simvastatine, et perte d‘efficacité, par augmentation de son métabolisme hépatique par l’apalutamide.",,,inducteurs enzymatiques - inducteurs enzymatiques puissants - médicaments
INT_00379,Association DECONSEILLEE,"Augmentation des concentrations plasmatiques de l'apixaban par le fluconazole, avec majoration du risque de saignement.",,,anticoagulants oraux - substrats à risque du CYP3A4
INT_00380,Association DECONSEILLEE,"Diminution des concentrations plasmatiques de l’apixaban par l'inducteur enzymatique, avec risque de réduction de l’effet thérapeutique.",,,anticoagulants oraux - substrats à risque du CYP3A4
INT_00381,Association DECONSEILLEE,"Augmentation des concentrations plasmatiques de l’apixaban par l'inhibiteur, avec majoration du risque de saignement.",,,anticoagulants oraux - substrats à risque du CYP3A4
INT_00382,Association DECONSEILLEE,"Diminution des concentrations plasmatiques de l’apixaban par la rifampicine, avec risque de diminution de l’effet thérapeutique.",,,anticoagulants oraux - substrats à risque du CYP3A4
INT_00383,Contre-indication,Des hypotensions sévères et des pertes de connaissance ont été rapportées lors de l’association d’un sétron avec l’apomorphine.,,,antiparkinsoniens dopaminergiques - dopaminergiques - médicaments à l'origine
INT_00384,Contre-indication,"Risque majoré de troubles du rythme ventriculaire, notamment de torsades de pointes.",,,
INT_00385,Association DECONSEILLEE,Risque de diminution très importante des concentrations d'aprépitant.,,,
INT_00386,Association DECONSEILLEE,Diminution très importante des concentrations d'aprépitant.,,,
INT_00387,Précaution d'emploi,Risque de diminution des concentrations de la cyprotérone avec risque de moindre efficacité contraceptive.,"Dans son utilisation comme contraceptif hormonal : Utiliser une méthode de contraception fiable, additionnelle ou alternative, pendant la durée de l'association.",,
INT_00388,Précaution d'emploi,Diminution de l’efficacité contraceptive par augmentation du métabolisme hépatique du contraceptif hormonal par l'aprépitant.,"Utiliser une méthode additionnelle de type mécanique (préservatif) pendant la durée de l’association, et un cycle suivant l’arrêt de l’aprépitant.",,
INT_00389,Précaution d'emploi,"(Sauf stérilet), diminution des concentrations du progestatif, avec risque de moindre efficacité contraceptive.","Utiliser de préférence une autre méthode contraceptive, en particulier de type mécanique, pendant la durée de l'association et un cycle suivant.",,
INT_00390,A prendre en compte,Risque de diminution de l’effet de l’antivitamine K par augmentation de son métabolisme hépatique par l’aprépitant.,,,
INT_00391,A prendre en compte,Risque d’augmentation de la neurotoxicité de l’ifosfamide.,,,
INT_00392,A prendre en compte,Augmentation des concentrations d’aprépitant par diminution de son métabolisme hépatique par l’itraconazole.,,,
INT_00393,Association DECONSEILLEE,Diminution des concentrations plasmatiques d’aprémilast par augmentatiion de son métabolisme par l’inducteur.,,,
INT_00394,Précaution d'emploi,Diminution des concentrations plasmatiques de l’aripiprazole.,Surveillance clinique et adaptation éventuelle de la posologie de l’aripiprazole pendant l’association et 1 à 2 semaines après l’arrêt de l’inducteur.,,médicaments sédatifs - médicaments à l'origine d'une hypotension orthostatique
INT_00395,A prendre en compte,"Risque de moindre efficacité, notamment de l’aripiprazole, suite à l’antagonisme des récepteurs dopaminergiques par le neuroleptique.",,,médicaments sédatifs - médicaments à l'origine d'une hypotension orthostatique
INT_00396,Contre-indication,"Risque majoré de troubles du rythme ventriculaires, notamment de torsades de pointes.","Contre-indication : - avec le citalopram, la dompéridone, l'escitalopram, l'hydroxyzine et la pipéraquine. Association déconseillée: - avec les autres médicaments susceptibles de donner des torsades de pointes. Si l’association ne peut être évitée, contrôle clinique et électrocardiographique régulier.",Yes,substances susceptibles de donner des torsades de pointes
INT_00397,Contre-indication,Risque de potentialisation de la toxicité rénale de l’aminoside.,,,
INT_00398,Contre-indication,Augmentation de l’hépatotoxicité avec la bithérapie.,,,inhibiteurs de protéases boostés par ritonavir
INT_00399,Association DECONSEILLEE,"Diminution très importante des concentrations plasmatiques de l'atazanavir, avec risque d'échec thérapeutique.",,,inhibiteurs de protéases boostés par ritonavir
INT_00400,Association DECONSEILLEE,Quadruplement des concentrations de bictégravir.,,,inhibiteurs de protéases boostés par ritonavir
INT_00401,Association DECONSEILLEE,Risque de baisse de l’efficacité de l’atazanavir par augmentation de son métabolisme hépatique.,"Si l’association s’avère nécessaire, adaptation posologique de l’atazanavir avec surveillance clinique et biologique régulière, notamment en début d’association.",,inhibiteurs de protéases boostés par ritonavir
INT_00402,Association DECONSEILLEE,Risque de diminution des concentrations plasmatiques d’atazanavir par l’étravirine.,,,inhibiteurs de protéases boostés par ritonavir
INT_00403,Association DECONSEILLEE,"Lorsqu’il est associé au cobicistat, l’atazanavir provoque une augmentation très importante des concentrations de lénacapavir.",,,inhibiteurs de protéases boostés par ritonavir
INT_00404,Association DECONSEILLEE,Risque de baisse de l’efficacité de l’atazanavir par augmentation de son métabolisme hépatique.,"Si l’association s’avère nécessaire, adaptation posologique de l’atazanavir avec surveillance clinique et biologique régulière, notamment en début d’association.",,inhibiteurs de protéases boostés par ritonavir
INT_00405,Précaution d'emploi,Augmentation des concentrations plasmatiques de clarithromycine et inhibition de la formation de son métabolite actif.,"Surveillance clinique et biologique régulière, notamment en début d'association.",,inhibiteurs de protéases boostés par ritonavir
INT_00406,A prendre en compte,Risque de diminution des concentrations plasmatiques de l'atazanavir.,,,inhibiteurs de protéases boostés par ritonavir
INT_00407,A prendre en compte,"Risque de majoration ou de diminution des effets de la buprénorphine, à la fois par inhibition et accélération de son métabolisme par l’inhibiteur de protéases.",,,inhibiteurs de protéases boostés par ritonavir
INT_00408,A prendre en compte,Augmentation des concentrations plasmatiques de l'atazanavir et du risque d'hyperbilirubinémie.,,,inhibiteurs de protéases boostés par ritonavir
INT_00409,A prendre en compte,"Diminution d’environ un tiers de l’exposition à l’atazanavir chez le patient en cas d’association au ténofovir, comparativement au sujet sain recevant la même association.",Ne pas administrer l’atazanavir avec le ténofovir sans ritonavir.,,inhibiteurs de protéases boostés par ritonavir
INT_00410,Contre-indication,"Augmentation importante des concentrations plasmatiques d’atorvastatine par la bithérapie, avec risque majoré d’effets indésirables (concentration-dépendants) à type de rhabdomyolyses.",,,inhibiteurs de l'HMG-CoA réductase (statines) - médicaments à l'origine d'atteintes
INT_00411,Contre-indication,Risque majoré d'effets indésirables (concentration-dépendants) à type de rhabdomyolyse (diminution du métabolisme hépatique de l'atorvastatine).,,,inhibiteurs de l'HMG-CoA réductase (statines) - médicaments à l'origine d'atteintes
INT_00412,Contre-indication,Risque majoré d'effets indésirables (concentration-dépendants) à type de rhabdomyolyse (diminution du métabolisme hépatique de l'atorvastatine).,,,inhibiteurs de l'HMG-CoA réductase (statines) - médicaments à l'origine d'atteintes
INT_00413,Contre-indication,Augmentation des concentrations plasmatiques de l'atorvastatine par diminution de son métabolisme hépatique par la bithérapie.,,,inhibiteurs de l'HMG-CoA réductase (statines) - médicaments à l'origine d'atteintes
INT_00414,Contre-indication,Risque majoré d'effets indésirables (concentration-dépendants) à type de rhabdomyolyse (diminution du métabolisme hépatique de l’inhibiteur de l’HMG-CoA reductase).,,,inhibiteurs de l'HMG-CoA réductase (statines) - médicaments à l'origine d'atteintes
INT_00415,Contre-indication,Risque majoré d’effets indésirables (dose-dépendants) à type de rhabdomyolyse (diminution du métabolisme hépatique de l’hypocholestérolémiant).,,,inhibiteurs de l'HMG-CoA réductase (statines) - médicaments à l'origine d'atteintes
INT_00416,Contre-indication,Risque majoré d’effets indésirables (dose-dépendants) à type de rhabdomyolyse (diminution du métabolisme hépatique de l’hypocholestérolémiant).,,,inhibiteurs de l'HMG-CoA réductase (statines) - médicaments à l'origine d'atteintes
INT_00417,Association DECONSEILLEE,"Risque de diminution très importante des concentrations de l'atorvastatine, et perte d‘efficacité, par augmentation de son métabolisme hépatique par l’apalutamide.",,,inhibiteurs de l'HMG-CoA réductase (statines) - médicaments à l'origine d'atteintes
INT_00418,Association DECONSEILLEE,Risque majoré d'effets indésirables (concentration-dépendants) à type de rhabdomyolyse (diminution du métabolisme hépatique de l'atorvastatine).,"Utiliser des doses plus faibles d'atorvastatine. Si l'objectif thérapeutique n'est pas atteint, utiliser une autre statine non concernée par ce type d'interaction.",,inhibiteurs de l'HMG-CoA réductase (statines) - médicaments à l'origine d'atteintes
INT_00419,Association DECONSEILLEE,"Diminution très importante des concentrations plasmatiques d'atorvastatine, par augmentation de son métabolisme hépatique par la rifampicine.",,,inhibiteurs de l'HMG-CoA réductase (statines) - médicaments à l'origine d'atteintes
INT_00420,Précaution d'emploi,"Risque majoré d'effets indésirables (concentration-dépendants) à type de rhabdomyolyse, par diminution du métabolisme hépatique de l'hypocholestérolémiant.",Utiliser des doses plus faibles d’hypocholestérolémiant ou une autre statine non concernée par ce type d’interaction.,,inhibiteurs de l'HMG-CoA réductase (statines) - médicaments à l'origine d'atteintes
INT_00421,Précaution d'emploi,Risque majoré d'effets indésirables (concentration-dépendants) à type de rhabdomyolyse (diminution du métabolisme de l'hypocholestérolémiant).,"Ne pas dépasser la posologie de 10mg/jour d'atorvastatine. Si l'objectif thérapeutique n'est pas atteint à cette posologie, utiliser une autre statine non concernée par ce type d'interaction.",,inhibiteurs de l'HMG-CoA réductase (statines) - médicaments à l'origine d'atteintes
INT_00422,Précaution d'emploi,"Risque majoré d'effets indésirables (concentration-dépendants) à type de rhabdomyolyse, par diminution du métabolisme hépatique de l'hypocholesterolémiant.","Utiliser des doses plus faibles d'hypocholestérolémiant. Si l'objectif thérapeutique n'est pas atteint, utiliser une autre statine non concernée par ce type d'interaction.",,inhibiteurs de l'HMG-CoA réductase (statines) - médicaments à l'origine d'atteintes
INT_00423,Précaution d'emploi,"Risque majoré d'effets indésirables (concentration-dépendants) à type de rhabdomyolyse, par diminution du métabolisme hépatique de l'hypocholestérolémiant.",Utiliser des doses plus faibles d’hypocholestérolémiant ou une autre statine non concernée par ce type d’interaction.,,inhibiteurs de l'HMG-CoA réductase (statines) - médicaments à l'origine d'atteintes
INT_00424,Précaution d'emploi,"Risque majoré d'effets indésirables (concentration-dépendants) à type de rhabdomyolyse, par diminution du métabolisme hépatique de l'hypocholesterolémiant.","Utiliser des doses plus faibles d'hypocholestérolémiant. Si l'objectif thérapeutique n'est pas atteint, utiliser une autre statine non concernée par ce type d'interaction.",,inhibiteurs de l'HMG-CoA réductase (statines) - médicaments à l'origine d'atteintes
INT_00425,Précaution d'emploi,Risque majoré d'effets indésirables concentration-dépendants à type de rhabdomyolyse (diminution du métabolisme hépatique de la statine).,"Utiliser des doses plus faibles de l'hypocholestérolémiant. Si l'objectif thérapeutique n'est pas atteint, utiliser une autre statine non concernée par ce type d'interaction.",,inhibiteurs de l'HMG-CoA réductase (statines) - médicaments à l'origine d'atteintes
INT_00426,Précaution d'emploi,Risque d’augmentation des concentrations plasmatiques de l'atrovastatine par augmentation de son absorption intestinale par le ponatinib.,Surveillance clinique et biologique étroite pendant l’association.,,inhibiteurs de l'HMG-CoA réductase (statines) - médicaments à l'origine d'atteintes
INT_00427,Précaution d'emploi,Risque majoré d'effets indésirables (concentration-dépendants) à type de rhabdomyolyse par inhibition du métabolisme de l'atorvastatine par la ranolazine.,Utiliser des doses plus faibles d’hypocholestérolémiant ou une autre statine non concernée par ce type d’interaction.,,inhibiteurs de l'HMG-CoA réductase (statines) - médicaments à l'origine d'atteintes
INT_00428,Précaution d'emploi,Risque majoré d'effets indésirables (concentration-dépendants) à type de rhabdomyolyse.,Utiliser des doses plus faibles d’hypocholestérolémiant.,,inhibiteurs de l'HMG-CoA réductase (statines) - médicaments à l'origine d'atteintes
INT_00429,Précaution d'emploi,"Risque majoré d'effets indésirables (concentration-dépendants) à type de rhabdomyolyse, par diminution du métabolisme hépatique de l'hypocholestérolémiant.","Utiliser des doses plus faibles d'hypocholestérolémiant. Si l'objectif thérapeutique n'est pas atteint, utiliser une autre statine non concernée par ce type d'interaction.",,inhibiteurs de l'HMG-CoA réductase (statines) - médicaments à l'origine d'atteintes
INT_00430,A prendre en compte,"Augmentation des concentrations plasmatiques de l'hypolipémiant, avec risque de survenue d'effets indésirables, notamment musculaires.",,,inhibiteurs de l'HMG-CoA réductase (statines) - médicaments à l'origine d'atteintes
INT_00431,Association DECONSEILLEE,Diminution des concentrations plasmatiques d'atovaquone par l'inducteur enzymatique.,,,
INT_00432,Association DECONSEILLEE,"Diminution, éventuellement très importante, des concentrations plasmatiques de l’atovaquone par augmentation de son métabolisme.",,,
INT_00433,Association DECONSEILLEE,Diminution des concentrations plasmatiques d'atovaquone par l'inducteur enzymatique.,,,
INT_00434,A prendre en compte,Diminution modérée des concentrations plasmatiques d'atovaquone par l'inducteur enzymatique.,,,
INT_00435,Association DECONSEILLEE,"Augmentation des concentrations plasmatiques de l'avanafil, avec risque d’hypotension.",,,inhibiteurs de la phosphodiesterase de type 5 - médicaments à l'origine d'une
INT_00436,Précaution d'emploi,"Risque majoré d'effets indésirables (concentration-dépendants) à type de rhabdomyolyse, par diminution du métabolisme hépatique de l'hypocholestérolémiant.",Utiliser des doses plus faibles d’hypocholestérolémiant ou une autre statine non concernée par ce type d’interaction.,,macrolides (sauf spiramycine)
INT_00437,Précaution d'emploi,Risque d'augmentation des concentrations sanguines de ciclosporine et de la créatininémie.,"Dosage des concentrations sanguines de la ciclosporine, contrôle de la fonction rénale et adaptation de la posologie pendant l'association et après l'arrêt du macrolide.",,macrolides (sauf spiramycine)
INT_00438,Précaution d'emploi,"Risque majoré de troubles du rythme ventriculaires, notamment de torsades de pointes. De plus, risque d'augmentation des concentrations plasmatiques de l’ivabradine par augmentation de son absorption par l’azithromycine.",Surveillance clinique et ECG pendant l’association.,,macrolides (sauf spiramycine)
INT_00439,Précaution d'emploi,"Risque majoré d'effets indésirables (concentration-dépendants) à type de rhabdomyolyse, par diminution du métabolisme hépatique de l'hypocholestérolémiant.",Utiliser des doses plus faibles d’hypocholestérolémiant ou une autre statine non concernée par ce type d’interaction.,,macrolides (sauf spiramycine)
INT_00440,Précaution d'emploi,"Risque majoré de troubles du rythme ventriculaire, notamment de torsades de pointes.",Surveillance clinique et électrocardiographique pendant l'association.,,macrolides (sauf spiramycine)
INT_00441,Précaution d'emploi,"Risque de survenue de crises convulsives, par diminution des concentrations plasmatiques de l'acide valproïque.","Surveillance clinique, dosages plasmatiques et adaptation éventuelle de la posologie de l'anticonvulsivant pendant le traitement par l'anti- infectieux et après son arrêt.",,
INT_00442,A prendre en compte,"Risque d’aggravation du syndrome parkinsonien ou d’effets indésirables centraux (hallucinations visuelles, état confusionnel, céphalées).",,,médicaments sédatifs - médicaments à l'origine d'une hypotension orthostatique
INT_00443,Contre-indication,"Risque majoré de dépression respiratoire, pouvant être fatale en cas de surdosage.",,,
INT_00444,A prendre en compte,"Risque majoré de sédation et de dépression respiratoire pouvant entraîner coma et décès, notamment chez le sujet âgé. Il convient de limiter autant que possible les doses et la durée de l’association.",,,
INT_00445,A prendre en compte,"Risque majoré de sédation et de dépression respiratoire pouvant entraîner coma et décès, notamment chez le sujet âgé. Il convient de limiter autant que possible les doses et la durée de l’association.",,,
INT_00446,Précaution d'emploi,Diminution des concentrations plasmatiques de bazédoxifène par l’inducteur.,Surveillance d'éventuels signes évocateurs d’une perte d’efficacité (saignements).,,
INT_00447,A prendre en compte,"Risque majoré de sédation et de dépression respiratoire pouvant entraîner coma et décès, notamment chez le sujet âgé. Il convient de limiter autant que possible les doses et la durée de l’association.",,,
INT_00448,A prendre en compte,"Avec la buprénorphine utilisée en traitement de substitution : risque majoré de dépression respiratoire, pouvant être fatale.",Evaluer attentivement le rapport bénéfice/risque de cette association. Informer le patient de la nécessité de respecter les doses prescrites.,,
INT_00449,A prendre en compte,Risque accru de collapsus avec arrêt respiratoire et / ou cardiaque.,,,
INT_00450,A prendre en compte,"Risque majoré de sédation et de dépression respiratoire pouvant entraîner coma et décès, notamment chez le sujet âgé. Il convient de limiter autant que possible les doses et la durée de l’association.",,,
INT_00451,Contre-indication,"Risque de perte d’efficacité par diminution, éventuellement importante, des concentrations de bictégravir.",Contre-indication : - avec la rifampicine Association déconseillée : - avec les autres inducteurs enzymatiques,Yes,"inhibiteurs d'intégrase - substances à absorption réduite par les topiques gastro-intestinaux,"
INT_00452,Contre-indication,"Diminution très importante des concentrations de bictégravir, avec risque de perte d’efficacité.",,,"inhibiteurs d'intégrase - substances à absorption réduite par les topiques gastro-intestinaux,"
INT_00453,Contre-indication,"Diminution très importante des concentrations de bictégravir, avec risque de perte d’efficacité.",,,"inhibiteurs d'intégrase - substances à absorption réduite par les topiques gastro-intestinaux,"
INT_00454,Association DECONSEILLEE,Quadruplement des concentrations de bictégravir.,,,"inhibiteurs d'intégrase - substances à absorption réduite par les topiques gastro-intestinaux,"
INT_00455,Précaution d'emploi,Diminution de près des deux tiers de l'absorption du bictégravir en cas d’ingestion simultanée ou à jeun.,"Prendre le bictégravir au moins 2 heures avant les sels de fer, ou en même temps qu’un repas.",,"inhibiteurs d'intégrase - substances à absorption réduite par les topiques gastro-intestinaux,"
INT_00456,Précaution d'emploi,Pour les sels de calcium administrés par voie orale : diminution de l'absorption digestive des bisphosphonates.,"Prendre les sels de calcium et antiacides à distance des bisphosphonates (de 30 minutes au minimum à plus de 2 heures, si possible, selon le bisphosphonate).",,
INT_00457,Précaution d'emploi,Pour les sels de fer administrés par voie orale : diminution de l'absorption digestive des bisphosphonates.,"Prendre les sels de fer à distance des bisphosphonates (de 30 minutes au minimum à plus de 2 heures, si possible, selon le bisphosphonate).",,
INT_00458,Contre-indication,Risque de majoration de la toxicité pulmonaire.,,,cytotoxiques
INT_00459,Précaution d'emploi,"Risque de majoration des effets indésirables, notamment neurologiques, du bortezomib par diminution de son métabolisme.",Surveillance clinique et adaptation éventuelle de la posologie du bortezomib pendant la durée du traitement par l’inhibiteur enzymatique.,,cytotoxiques - substrats à risque du CYP3A4
INT_00460,A prendre en compte,"Diminution des concentrations du cytotoxique par augmentation de son métabolisme par l’inducteur, avec risque de moindre efficacité.",,,cytotoxiques - substrats à risque du CYP3A4
INT_00461,Contre-indication,Diminution importante des concentrations sanguines de la ciclosporine et augmentation des concentrations plasmatiques de bosentan.,,,
INT_00462,Association DECONSEILLEE,Risque de diminution des concentrations plasmatiques de,,,
INT_00463,Association DECONSEILLEE,"Risque de diminution, importante pour la rifampicine, des concentrations plasmatiques de bosentan.",,,
INT_00464,Précaution d'emploi,Diminution de l'effet de l'antivitamine K par augmentation de son métabolisme hépatique.,Contrôle plus fréquent de l'INR. Adaptation éventuelle de la posologie de l'antivitamine K.,,
INT_00465,Précaution d'emploi,Risque de diminution de l'efficacité de la cyprotérone.,"Dans ses indications comme anti-androgène, surveillance clinique et si possible adaptation de la posologie de la cyprotérone pendant l'administration avec le bosentan et après son arrêt. Dans son utilisation comme contraceptif hormonal, utiliser une méthode de contraception fiable, additionnelle ou alternative pendant la durée de l'association.",,
INT_00466,Précaution d'emploi,Diminution de l’efficacité contraceptive par augmentation du métabolisme hépatique du contraceptif hormonal par le bosentan.,"Utiliser une méthode additionnelle de type mécanique (préservatif) pendant la durée de l’association, et un cycle suivant l’arrêt du bosentan.",,
INT_00467,Précaution d'emploi,"Risque de moindre efficacité du glibenclamide par diminution de ses concentrations plasmatiques, en raison de l'effet inducteur du bosentan. Par ailleurs, des cas d'hépatotoxicité ont été rapportés lors de l'association.","Surveillance de la glycémie, adaptation du traitement si besoin, et surveillance des constantes biologiques hépatiques.",,
INT_00468,Précaution d'emploi,"Risque majoré des effets indésirables du bosentan, notamment d’atteintes hépatiques, par diminution de son métabolisme par l'inhibiteur.",Surveillance clinique et biologique pendant l’association.,,
INT_00469,Précaution d'emploi,Risque de diminution de l'efficacité du contraceptif hormonal par augmentation de son métabolisme hépatique.,"Utiliser une méthode contraceptive fiable, additionnelle ou alternative, pendant la durée de l'association et un cycle suivant.",,
INT_00470,Précaution d'emploi,Risque de diminution de l’efficacité du progestatif.,Surveillance clinique et adaptation éventuelle de la posologie du traitement hormonal pendant l’administration du bosentan et après son arrêt.,,
INT_00471,Association DECONSEILLEE,Risque d'augmentation des effets de la toxine botulique avec les aminosides (par extrapolation à partir des effets observés au cours du botulisme).,Utiliser un autre antibiotique.,,
INT_00472,Association DECONSEILLEE,Potentialisation des effets bradycardisants pouvant avoir des conséquences fatales. Les bêta-bloquants sont d’autant plus à risque qu’ils empêchent les mécanismes de compensation adrénergique.,"Surveillance clinique et ECG continu pendant les 6 heures suivant la première dose voire 2 heures de plus, jusqu'au lendemain si nécessaire.",,
INT_00473,Association DECONSEILLEE,Potentialisation des effets bradycardisants pouvant avoir des conséquences fatales. Les bêta-bloquants sont d’autant plus à risque qu’ils empêchent les mécanismes de compensation adrénergique.,Surveillance clinique et ECG pendant au moins 6 heures.,,
INT_00474,Association DECONSEILLEE,Potentialisation des effets bradycardisants pouvant avoir des conséquences fatales. Les bêta-bloquants sont d’autant plus à risque qu’ils empêchent les mécanismes de compensation adrénergique.,"Surveillance clinique et ECG continu pendant les 4 heures suivant la première dose, jusqu'au lendemain si nécessaire.",,
INT_00475,Précaution d'emploi,"Risque majoré de troubles du rythme ventriculaire, notamment de torsades de pointes.",Surveillance clinique et électrocardiographique pendant l'association.,,
INT_00476,A prendre en compte,Risque de bradycardie excessive (addition des effets).,,,
INT_00477,Contre-indication,Risque de majoration de la toxicité pulmonaire.,,,anticorps monoclonaux (hors anti-TNF alpha)
INT_00478,A prendre en compte,"Augmentation des concentrations du métabolite actif du brentuximab, avec risque de neutropénie.",,,anticorps monoclonaux (hors anti-TNF alpha)
INT_00479,Précaution d'emploi,"Augmentation des concentrations de buprénorphine par diminution de son métabolisme hépatique, avec risque de majoration de ses effets indésirables.","Surveillance clinique et adaptation de la posologie de la buprénorphine pendant le traitement par l'inhibiteur et, le cas échéant, après son arrêt.",,morphiniques - morphiniques agonistes-antagonistes - morphiniques en traitement
INT_00480,Précaution d'emploi,"Augmentation des concentrations de buprénorphine par diminution de son métabolisme hépatique, avec risque de majoration de ses effets indésirables.","Surveillance clinique et adaptation de la posologie de la buprénorphine pendant le traitement par l'inhibiteur et, le cas échéant, après son arrêt.",,morphiniques - morphiniques agonistes-antagonistes - morphiniques en traitement
INT_00481,A prendre en compte,"Risque de majoration ou de diminution des effets de la buprénorphine, à la fois par inhibition et accélération de son métabolisme par l’inhibiteur de protéases.",,,morphiniques - morphiniques agonistes-antagonistes - morphiniques en traitement
INT_00482,A prendre en compte,"Avec la buprénorphine utilisée en traitement de substitution : risque majoré de dépression respiratoire, pouvant être fatale.",Evaluer attentivement le rapport bénéfice/risque de cette association. Informer le patient de la nécessité de respecter les doses prescrites.,,morphiniques - morphiniques agonistes-antagonistes - morphiniques en traitement
INT_00483,A prendre en compte,"Risque de majoration ou de diminution des effets de la buprénorphine, à la fois par inhibition et accélération de son métabolisme par l’inhibiteur de protéases.",,,morphiniques - morphiniques agonistes-antagonistes - morphiniques en traitement
INT_00484,Contre-indication,Risque de crises hypertensives.,,,médicaments abaissant le seuil épileptogène - médicaments à l'origine d'un
INT_00485,Contre-indication,Augmentation possiblement très importante de l’exposition des métabolites actifs de la tétrabénazine.,,,médicaments abaissant le seuil épileptogène - médicaments à l'origine d'un
INT_00486,Association DECONSEILLEE,Risque d’inefficacité de l’opiacé par inhibition de son métabolisme par l’inhibiteur.,,,médicaments abaissant le seuil épileptogène - médicaments à l'origine d'un
INT_00487,Association DECONSEILLEE,"Risque de majoration des effets indésirables de la méquitazine, par inhibition de son métabolisme par l’inhibiteur enzymatique.",,,médicaments abaissant le seuil épileptogène - médicaments à l'origine d'un
INT_00488,Association DECONSEILLEE,"Risque de baisse de l'efficacité du tamoxifène, par inhibition de la formation de son métabolite actif par le bupropion.",,,médicaments abaissant le seuil épileptogène - médicaments à l'origine d'un
INT_00489,Association DECONSEILLEE,Risque d’inefficacité de l’opiacé par inhibition de son métabolisme par l’inhibiteur.,,,médicaments abaissant le seuil épileptogène - médicaments à l'origine d'un
INT_00490,Précaution d'emploi,Risque d'augmentation des effets indésirables de la clomipramine par diminution de son métabolisme hépatique par le bupropion.,"Surveillance clinique. Si besoin, adaptation de la posologie de la clomipramine pendant le traitement par le bupropion.",,médicaments abaissant le seuil épileptogène - médicaments à l'origine d'un
INT_00491,Précaution d'emploi,Risque d'augmentation des effets indésirables de la désipramine par diminution de son métabolisme hépatique par le bupropion.,"Surveillance clinique. Si besoin, adaptation de la posologie de la désipramine pendant le traitement par le bupropion.",,médicaments abaissant le seuil épileptogène - médicaments à l'origine d'un
INT_00492,Précaution d'emploi,Avec le métoprolol utilisé dans l'insuffisance cardiaque : risque d'augmentation des effets indésirables du métoprolol par diminution de son métabolisme hépatique par le bupropion.,"Surveillance clinique. Si besoin, adaptation de la posologie du métoprolol pendant le traitement par le bupropion.",,médicaments abaissant le seuil épileptogène - médicaments à l'origine d'un
INT_00493,Précaution d'emploi,Risque d'augmentation des effets indésirables de la nortriptyline par diminution de son métabolisme hépatique par le bupropion.,"Surveillance clinique. Si besoin, adaptation de la posologie de la nortriptyline pendant le traitement par le bupropion.",,médicaments abaissant le seuil épileptogène - médicaments à l'origine d'un
INT_00494,Précaution d'emploi,Risque d'augmentation des effets indésirables de la propafénone par diminution de son métabolisme hépatique par le bupropion.,"Surveillance clinique. Si besoin, adaptation de la posologie de la propafénone pendant le traitement par le bupropion.",,médicaments abaissant le seuil épileptogène - médicaments à l'origine d'un
INT_00495,A prendre en compte,"Risque de diminution des concentrations du bupropion, avec augmentation de son métabolite actif et toxicité majorée.",,,médicaments abaissant le seuil épileptogène - médicaments à l'origine d'un
INT_00496,Contre-indication,Risque de diminution des concentrations plasmatiques de la buspirone par augmentation de son métabolisme par le millepertuis.,,,
INT_00497,Association DECONSEILLEE,"Augmentation des concentrations plasmatiques de la buspirone par diminution de son métabolisme hépatique, avec majoration importante de la sédation.",,,
INT_00498,Association DECONSEILLEE,"Augmentation des concentrations plasmatiques de la buspirone par diminution de son métabolisme hépatique, avec majoration importante de la sédation.",,,
INT_00499,Précaution d'emploi,"Augmentation des concentrations plasmatiques de la buspirone par diminution de son métabolisme hépatique par le diltiazem, avec augmentation de ses effets indésirables.",Surveillance clinique et adaptation de la posologie de la buspirone si nécessaire.,,
INT_00500,Précaution d'emploi,Diminution des concentrations plasmatiques de la buspirone par augmentation de son métabolisme hépatique par la rifampicine.,Surveillance clinique et adaptation éventuelle de la posologie de la buspirone pendant le traitement par rifampicine et après son arrêt.,,
INT_00501,Précaution d'emploi,"Augmentation des concentrations plasmatiques de la buspirone par diminution de son métabolisme hépatique par le vérapamil, avec augmentation de ses effets indésirables.",Surveillance clinique et adaptation de la posologie de la buspirone si nécessaire.,,
INT_00502,A prendre en compte,Risque de majoration des effets indésirables de la buspirone.,,,
INT_00503,A prendre en compte,Risque de majoration des effets indésirables de la buspirone par diminution de son métabolisme par le pamplemousse.,,,
INT_00504,Association DECONSEILLEE,Avec le busulfan à fortes doses : doublement des concentrations de busulfan par l’itraconazole.,,,cytotoxiques
INT_00505,Association DECONSEILLEE,Avec le busulfan à fortes doses : doublement des concentrations de busulfan par le métronidazole.,,,cytotoxiques
INT_00506,A prendre en compte,Risque d’augmentation de la toxicité du busulfan par diminution de sa clairance par le déférasirox.,,,cytotoxiques
INT_00507,Association DECONSEILLEE,Diminution des concentrations plasmatiques de bédaquiline par augmentation de son métabolisme par l’inducteur.,,,
INT_00508,Association DECONSEILLEE,Augmentation des concentrations plasmatiques de bédaquiline par diminution de son métabolisme hépatique par l’inhibiteur.,"Si l’association est nécessaire, une surveillance ECG plus fréquente et une surveillance des transaminases sont recommandées.",,
INT_00509,Association DECONSEILLEE,Risque de diminution des concentrations plasmatiques de bédaquiline par augmentation de son métabolisme par l’inducteur.,,,
INT_00510,Association DECONSEILLEE,"Risque de maladie vaccinale généralisée, éventuellement mortelle.",,,
INT_00511,Association DECONSEILLEE,"En cas d'intervention obstétricale, majoration de l'inertie utérine avec risque hémorragique ; par ailleurs, troubles du rythme ventriculaires graves, par augmentation de la réactivité cardiaque.",Interrompre le traitement par bêta-2 mimétiques si l'anesthésie doit se faire sous halothane.,,
INT_00512,Précaution d'emploi,Troubles de l'automatisme et de la conduction (suppression des mécanismes sympathiques compensateurs).,Surveillance clinique et ECG.,,
INT_00513,Précaution d'emploi,Elévation de la glycémie par le bêta-2 mimétique.,Renforcer la surveillance sanguine et urinaire.,,
INT_00514,Précaution d'emploi,"Elévation de la glycémie par le bêta-2 mimétique. BÊTA-BLOQUANTS (SAUF ESMOLOL ET SOTALOL) (Y COMPRIS (acebutolol, atenolol, betaxolol, bisoprolol, carteolol, celiprolol, labetalol, levobunolol, metoprolol,","Renforcer la surveillance sanguine et urinaire. Passer éventuellement à l'insuline, le cas échéant. COLLYRES) nadolol, nebivolol, pindolol, propranolol, tertatolol, timolol)",,
INT_00515,A prendre en compte,Risque de moindre efficacité réciproque par antagonisme pharmacodynamique.,,,
INT_00516,Association DECONSEILLEE,"Troubles de l'automatisme (bradycardie excessive, arrêt sinusal), troubles de la conduction sino-auriculaire et auriculo-ventriculaire et défaillance cardiaque.","Une telle association ne doit se faire que sous surveillance clinique et ECG étroite, en particulier chez le sujet âgé ou en début de traitement.",,
INT_00517,Association DECONSEILLEE,"Troubles de l'automatisme (bradycardie excessive, arrêt sinusal), trouble de la conduction sino-auriculaire et auriculo-ventriculaire et défaillance cardiaque.","Une telle association ne doit se faire que sous surveillance clinique et ECG étroite, en particulier chez le sujet âgé ou en début de traitement.",,
INT_00518,Précaution d'emploi,Réduction des réactions cardiovasculaires de compensation par les bêta-bloquants. L'inhibition bêta-adrénergique peut être levée durant l'intervention par les bêta-mimétiques.,"En règle générale, ne pas arrêter le traitement bêta-bloquant et, de toute façon, éviter l'arrêt brutal. Informer l'anesthésiste de ce traitement.",,
INT_00519,Précaution d'emploi,Augmentation importante de la pression artérielle en cas d'arrêt brutal du traitement par l'antihypertenseur central.,Eviter l'arrêt brutal du traitement par l'antihypertenseur central. Surveillance clinique.,,
INT_00520,Précaution d'emploi,Tous les bêta-bloquants peuvent masquer certains symptômes de l'hypoglycémie : palpitations et tachycardie.,"Prévenir le patient et renforcer, surtout en début de traitement, l'autosurveillance glycémique.",,
INT_00521,Précaution d'emploi,Tous les bêtabloquants peuvent masquer certains symptômes de l'hypoglycémie : palpitations et tachycardie.,"Prévenir le patient et renforcer, surtout en début de traitement, l'autosurveillance glycémique.",,
INT_00522,Précaution d'emploi,Tous les bêtabloquants peuvent masquer certains symptômes de l'hypoglycémie : palpitations et tachycardie.,"Prévenir le patient et renforcer, surtout en début de traitement, l'autosurveillance glycémique.",,
INT_00523,Précaution d'emploi,Avec la lidocaïne utilisée par voie IV : augmentation des concentrations plasmatiques de lidocaïne avec possibilité d'effets indésirables neurologiques et cardiaques (diminution de la clairance hépatique de la lidocaïne).,"Surveillance clinique, ECG et éventuellement contrôle des concentrations plasmatiques de lidocaïne pendant l'association et après l'arrêt du bêta-bloquant. Adaptation si besoin de la posologie de la lidocaïne.",,
INT_00524,Précaution d'emploi,"Troubles de la contractilité, de l'automatisme et de la conduction (suppression des mécanismes sympathiques compensateurs).",Surveillance clinique et ECG.,,
INT_00525,Précaution d'emploi,Tous les bêta-bloquants peuvent masquer certains symptômes de l'hypoglycémie : palpitations et tachycardie.,"Prévenir le patient et renforcer, surtout en début de traitement, l'autosurveillance glycémique.",,
INT_00526,A prendre en compte,Réduction de l'effet antihypertenseur (inhibition des prostaglandines vasodilatatrices par les anti-inflammatoires non stéroïdiens).,,,
INT_00527,A prendre en compte,"Hypotension, défaillance cardiaque chez les patients en insuffisance cardiaque latente ou non contrôlée (addition des effets inotropes négatifs). Le bêta-bloquant peut par ailleurs minimiser la réaction sympathique réflexe mise en jeu en cas de répercussion hémodynamique excessive.",,,
INT_00528,A prendre en compte,Avec le dipyridamole par voie injectable : majoration de l'effet antihypertenseur.,,,
INT_00529,Contre-indication,Effet inotrope négatif avec risque de décompensation cardiaque.,,,
INT_00530,Association DECONSEILLEE,"Diminution centrale du tonus sympathique et effet vasodilatateur des antihypertenseurs centraux, préjudiciables en cas d'insuffisance cardiaque traitée par bêta-bloquant et vasodilatateur.",,,
INT_00531,Association DECONSEILLEE,"Effet inotrope négatif avec risque de décompensation de l’insuffisance cardiaque, troubles de l'automatisme (bradycardie, arrêt sinusal) et troubles de la conduction sino-auriculaire et auriculo-ventriculaire.",,,
INT_00532,Association DECONSEILLEE,"Effet inotrope négatif avec risque de décompensation de l’insuffisance cardiaque, troubles de l'automatisme (bradycardie, arrêt sinusal) et troubles de la conduction sino-auriculaire et auriculo-ventriculaire. BÊTA-BLOQUANTS NON CARDIO-SÉLECTIFS (Y COMPRIS (carteolol, carvedilol, labetalol, nadolol, pindolol, propranolol, sotalol, tertatolol, timolol)",COLLYRES),,
INT_00533,Précaution d'emploi,Troubles de l'automatisme et de la conduction cardiaque avec risque de bradycardie excessive.,Surveillance clinique et ECG régulière.,,
INT_00534,Précaution d'emploi,Réduction des réactions cardiovasculaires de compensation par les bêta-bloquants. L'inhibition bêta-adrénergique peut être levée durant l'intervention par les bêta-stimulants.,"En règle générale, ne pas arrêter le traitement bêta-bloquant et, de toute façon, éviter l'arrêt brutal. Informer l'anesthésiste de ce traitement.",,
INT_00535,Précaution d'emploi,Risque de bradycardie excessive (addition des effets bradycardisants).,"Surveillance clinique régulière, notamment en début d'association.",,
INT_00536,Précaution d'emploi,Tous les bêtabloquants peuvent masquer certains symptômes de l'hypoglycémie : palpitations et tachycardie.,"Prévenir le patient et renforcer, surtout en début de traitement, l'autosurveillance glycémique.",,
INT_00537,Précaution d'emploi,Tous les bêtabloquants peuvent masquer certains symptômes de l'hypoglycémie : palpitations et tachycardie.,"Prévenir le patient et renforcer, surtout en début de traitement, l'autosurveillance glycémique.",,
INT_00538,Précaution d'emploi,"Risque majoré de troubles du rythme ventriculaire, notamment de torsades de pointes.",Surveillance clinique et électrocardiographique.,,
INT_00539,Précaution d'emploi,Tous les bêta-bloquants peuvent masquer certains symptômes de l'hypoglycémie : palpitations et tachycardie.,"Prévenir le malade et renforcer, surtout au début du traitement, l'autosurveillance sanguine.",,
INT_00540,A prendre en compte,"Effet vasodilatateur et risque d'hypotension, notamment orthostatique (effet additif).",,,
INT_00541,A prendre en compte,Risque de moindre efficacité réciproque par antagonisme pharmacodynamique.,,,
INT_00542,A prendre en compte,"Troubles de l’automatisme (bradycardie, arrêt sinusal) et troubles de la conduction sino-auriculaire et auriculo-ventriculaire.",,,
INT_00543,A prendre en compte,"Hypotension, défaillance cardiaque chez les malades en insuffisance cardiaque latente ou non contrôlée (effet inotrope négatif in vitro des dihydropyridines plus ou moins marqué et susceptibles de s'additionner aux effets inotropes négatifs des bêta- bloquants). La présence d'un traitement bêta-bloquant peut par ailleurs minimiser la réaction sympathique réflexe mise en jeu en cas de répercussion hémodynamique excessive.",,,
INT_00544,A prendre en compte,Effet inotrope négatif avec risque de décompensation cardiaque.,,,
INT_00545,A prendre en compte,"Effet vasodilatateur et risque d'hypotension, notamment orthostatique (effet additif).",,,
INT_00546,Association DECONSEILLEE,"Risque de diminution très importante des concentrations du cabazitaxel, et perte d‘efficacité, par augmentation de son métabolisme hépatique par l’apalutamide.",,,cytotoxiques - substrats à risque du CYP3A4
INT_00547,Précaution d'emploi,Risque de majoration des effets indésirables dose-dépendants du cabazitaxel par inhibition de son métabolisme par l’inhibiteur enzymatique.,Surveillance clinique et adaptation éventuelle de la posologie du cabazitaxel pendant le traitement par l’inhibiteur enzymatique.,,cytotoxiques - substrats à risque du CYP3A4
INT_00548,A prendre en compte,"Diminution des concentrations du cytotoxique par augmentation de son métabolisme par l’inducteur, avec risque de moindre efficacité.",,,cytotoxiques - substrats à risque du CYP3A4
INT_00549,Contre-indication,"Diminution importante des concentrations de cabotégravir avec la rifampicine, avec risque de réduction de la réponse virologique.","Contre-indication : - avec la rifampicine, la carbamazépine, l'oxcarbazépine, la phénytoïne, le phénobarbital A prendre en compte : - avec les autres inducteurs",Yes,inhibiteurs d'intégrase
INT_00550,Association DECONSEILLEE,"Augmentation des concentrations plasmatiques de caféine, pouvant entraîner excitations et hallucinations, par diminution de son métabolisme hépatique.",,,
INT_00551,Précaution d'emploi,Avec le dipyridamole par voie injectable : réduction de l’effet vasodilatateur du dipyridamole par la caféine.,"Interrompre un traitement à base de caféine au moins 5 jours avant une imagerie myocardique avec le dipyridamole et éviter la consommation de café, thé, chocolat ou cola dans les 24 heures qui précèdent le test.",,
INT_00552,Précaution d'emploi,"Augmentation possible des concentrations plasmatiques de la caféine, avec risque de surdosage, par inhibition de son métabolisme hépatique.",Surveillance clinique et adaptation éventuelle de la posologie de caféine.,,
INT_00553,A prendre en compte,"Augmentation des concentrations plasmatiques de caféine, par diminution de son métabolisme hépatique.",,,
INT_00554,A prendre en compte,"En cas d’arrêt brutal de la consommation de café ou de médicaments contenant de la caféine, risque d’augmentation de la lithémie.",,,
INT_00555,A prendre en compte,"Augmentation des concentrations plasmatiques de caféine, par inhibition de son métabolisme hépatique par la méxilétine.",,,
INT_00556,A prendre en compte,"Augmentation des concentrations plasmatiques de caféine, par diminution du métabolisme hépatique de la caféine.",,,
INT_00557,Précaution d'emploi,Risque de baisse de l’efficacité du lithium par augmentation de son élimination rénale par la calcitonine.,"Surveillance clinique et biologique régulière, notamment en début d’association.",,
INT_00558,Contre-indication,"Risque de troubles du rythme graves, voire mortels avec les sels de calcium administrés par voie IV.","Contre-indication : - avec les sels de calcium IV, hormis supplémentation parentérale. Précaution d'emploi : - avec les sels de calcium par voie orale. Surveillance clinique et, s'il y a lieu, contrôle de l'ECG et de la calcémie.",Yes,
INT_00559,Précaution d'emploi,Pour les sels de calcium administrés par voie orale : diminution de l'absorption digestive des bisphosphonates.,"Prendre les sels de calcium et antiacides à distance des bisphosphonates (de 30 minutes au minimum à plus de 2 heures, si possible, selon le bisphosphonate).",,
INT_00560,Précaution d'emploi,Diminution de l'absorption digestive de la ciprofloxacine.,"Prendre les sels de calcium à distance de la ciprofloxacine (plus de 2 heures, si possible).",,
INT_00561,Précaution d'emploi,Diminution de l'absorption digestive des cyclines.,"Prendre les sels de calcium à distance des cyclines (plus de deux heures, si possible).",,
INT_00562,Précaution d'emploi,Diminution de l'absorption digestive de l'estramustine.,"Prendre les sels de calcium à distance de l'estramustine (plus de 2 heures, si possible).",,
INT_00563,Précaution d'emploi,Avec les sels de fer par voie orale : diminution de l'absorption digestive des sels de fer.,Prendre les sels de fer à distance des repas et en l'absence de calcium.,,
INT_00564,Précaution d'emploi,Diminution de l’absorption digestive des hormones thyroïdiennes.,"Prendre les sels de calcium à distance des hormones thyroïdiennes (plus de 2 heures, si possible).",,
INT_00565,Précaution d'emploi,Diminution de l'absorption digestive des inhibiteurs d’intégrase.,"Prendre les sels de calcium à distance de l’antirétroviral (plus de 2 heures, si possible).",,
INT_00566,Précaution d'emploi,Diminution de l'absorption digestive de la norflloxacine.,"Prendre les sels de calcium à distance de la norfloxacine (plus de 2 heures, si possible).",,
INT_00567,Précaution d'emploi,"La prise de cation divalent peut diminuer l’absorption intestinale et, potentiellement, l’efficacité du roxadustat pris simultanément.","Prendre le roxadustat à distance des sels de calcium (plus de 1 heure, si possible).",,
INT_00568,Précaution d'emploi,Avec les sels de calcium administrés par voie orale : diminution de l'absorption digestive du strontium.,"Prendre le strontium à distance des sels de calcium (plus de deux heures, si possible).",,
INT_00569,Précaution d'emploi,Diminution de l’absorption digestive du zinc par le calcium.,Prendre les sels de calcium à distance du zinc (plus de 2 heures si possible).,,
INT_00570,A prendre en compte,Risque d'hypercalcémie par diminution de l'élimination urinaire du calcium.,,,
INT_00571,Association DECONSEILLEE,Risque de majoration des infections graves.,,,anticorps monoclonaux (hors anti-TNF alpha)
INT_00572,Contre-indication,Diminution des concentrations plasmatiques de cannabidiol avec risque de perte d’efficacité.,,,
INT_00573,Association DECONSEILLEE,Diminution des concentrations plasmatiques de cannabidiol avec risque de perte d’efficacité.,,,
INT_00574,Association DECONSEILLEE,Diminution des concentrations plasmatiques de cannabidiol avec risque de perte d’efficacité.,,,
INT_00575,Association DECONSEILLEE,"Augmentation des concentrations plasmatiques de carbamazépine, avec signes de surdosage, par inhibition de son métabolisme hépatique.",,,hyponatrémiants - inducteurs enzymatiques - inducteurs enzymatiques puissants
INT_00576,Association DECONSEILLEE,Augmentation des concentrations plasmatiques de carbamazépine avec signes de surdosage par inhibition de son métabolisme hépatique.,,,hyponatrémiants - inducteurs enzymatiques - inducteurs enzymatiques puissants
INT_00577,Association DECONSEILLEE,"Risque de neurotoxicité se manifestant par des troubles cérébelleux, confusion, somnolence, ataxie. Ces troubles sont réversibles à l'arrêt du traitement par le lithium.",,,hyponatrémiants - inducteurs enzymatiques - inducteurs enzymatiques puissants
INT_00578,Association DECONSEILLEE,Risque de diminution des concentrations plasmatiques et de l'efficacité de la carbamazepine.,,,hyponatrémiants - inducteurs enzymatiques - inducteurs enzymatiques puissants
INT_00579,Association DECONSEILLEE,"Augmentation des concentrations plasmatiques de carbamazépine, avec risque de surdosage, par inhibition de son métabolisme par le pamplemousse.",,,hyponatrémiants - inducteurs enzymatiques - inducteurs enzymatiques puissants
INT_00580,Association DECONSEILLEE,"Diminution importante des concentrations plasmatiques de simvastatine, par augmentation de son métabolisme hépatique.",,,hyponatrémiants - inducteurs enzymatiques - inducteurs enzymatiques puissants
INT_00581,Précaution d'emploi,Augmentation des concentrations plasmatiques de carbamazépine avec signes de surdosage.,"Surveillance clinique et, si besoin, contrôle des concentrations plasmatiques de carbamazépine et réduction éventuelle de sa posologie.",,hyponatrémiants - inducteurs enzymatiques - inducteurs enzymatiques puissants
INT_00582,Précaution d'emploi,"Avec la cimétidine utilisée à des doses supérieures ou égales à 800 mg/j : en début de traitement, augmentation des concentrations plasmatiques de carbamazépine par inhibition de son métabolisme hépatique par la cimétidine.","Surveillance clinique et réduction éventuelle de la posologie de la carbamazépine, spécialement pendant les premiers jours de traitement par la cimétidine.",,hyponatrémiants - inducteurs enzymatiques - inducteurs enzymatiques puissants
INT_00583,Précaution d'emploi,"Augmentation des concentrations plasmatiques de carbamazépine avec signes de surdosage, par inhibition de son métabolisme hépatique.",Surveillance clinique et réduction éventuelle de la posologie de la carbamazépine.,,hyponatrémiants - inducteurs enzymatiques - inducteurs enzymatiques puissants
INT_00584,Précaution d'emploi,"Augmentation des concentrations plasmatiques du métabolite actif de la carbamazépine. De plus, diminution des concentrations plasmatiques du clonazépam par augmentation de son métabolisme hépatique par la carbamazépine.","Surveillance clinique, dosages plasmatiques et adaptation éventuelle des posologies des deux anticonvulsivants.",,hyponatrémiants - inducteurs enzymatiques - inducteurs enzymatiques puissants
INT_00585,Précaution d'emploi,"Augmentation des concentrations plasmatiques de carbamazépine, avec signes de surdosage.",Surveillance clinique et réduction éventuelle de la posologie de la carbamazépine.,,hyponatrémiants - inducteurs enzymatiques - inducteurs enzymatiques puissants
INT_00586,Précaution d'emploi,Augmentation des concentrations plasmatiques de carbamazépine et diminution de la digoxinémie.,Prudence dans l'interprétation des concentrations plasmatiques.,,hyponatrémiants - inducteurs enzymatiques - inducteurs enzymatiques puissants
INT_00587,Précaution d'emploi,Risque d'hyponatrémie symptomatique.,"Surveillance clinique et biologique. Si possible, utiliser une autre classe de diurétiques.",,hyponatrémiants - inducteurs enzymatiques - inducteurs enzymatiques puissants
INT_00588,Précaution d'emploi,Diminution des concentrations plasmatiques d'éthosuximide.,"Surveillance clinique, dosage plasmatique de l'éthosuximide et augmentation éventuelle de sa posologie.",,hyponatrémiants - inducteurs enzymatiques - inducteurs enzymatiques puissants
INT_00589,Précaution d'emploi,"Augmentation des concentrations plasmatiques du métabolite actif de la carbamazépine. De plus, diminution des concentrations plasmatiques de felbamate par augmentation de son métabolisme hépatique par la carbamazépine.","Surveillance clinique, dosages plasmatiques et adaptation éventuelle des posologies des deux anticonvulsivants.",,hyponatrémiants - inducteurs enzymatiques - inducteurs enzymatiques puissants
INT_00590,Précaution d'emploi,Pour des doses de fluconazole >= 200 mg par jour : augmentation possible des effets indésirables de la carbamazépine.,"Adapter la posologie de carbamazépine, pendant et après l’arrêt du traitement antifongique.",,hyponatrémiants - inducteurs enzymatiques - inducteurs enzymatiques puissants
INT_00591,Précaution d'emploi,Augmentation des concentrations plasmatiques de carbamazépine avec signes de surdosage.,"Surveillance clinique, contrôle des concentrations plasmatiques de carbamazépine et réduction éventuelle de la posologie de la carbamazépine pendant le traitement par l'antidépresseur sérotoninergique et après son arrêt.",,hyponatrémiants - inducteurs enzymatiques - inducteurs enzymatiques puissants
INT_00592,Précaution d'emploi,Augmentation des concentrations plasmatiques de carbamazépine avec signes de surdosage.,"Surveillance clinique, contrôle des concentrations plasmatiques de carbamazépine et réduction éventuelle de la posologie de la carbamazépine pendant le traitement par l'antidépresseur sérotoninergique et après son arrêt.",,hyponatrémiants - inducteurs enzymatiques - inducteurs enzymatiques puissants
INT_00593,Précaution d'emploi,"Augmentation des concentrations plasmatiques de carbamazépine avec signes de surdosage, par diminution de son métabolisme hépatique.","Surveillance clinique et, si besoin, dosage plasmatique et réduction éventuelle de la posologie de la carbamazépine.",,hyponatrémiants - inducteurs enzymatiques - inducteurs enzymatiques puissants
INT_00594,Précaution d'emploi,"Risque d'augmentation des effets neurologiques (vertiges, ataxie, diplopie) de la carbamazépine lors de l'introduction de la lamotrigine.",Surveillance clinique et réduction éventuelle de la posologie de la carbamazépine.,,hyponatrémiants - inducteurs enzymatiques - inducteurs enzymatiques puissants
INT_00595,Précaution d'emploi,Diminution des concentrations plasmatiques du nintédanib par diminution de son absorption par la carbamazépine.,Surveillance clinique pendant l’association.,,hyponatrémiants - inducteurs enzymatiques - inducteurs enzymatiques puissants
INT_00596,Précaution d'emploi,"Risque de diminution des concentrations plasmatiques de l'olanzapine et de son efficacité thérapeutique, par augmentation de son métabolisme hépatique par la carbamazépine.","Surveillance clinique, et si besoin, adaptation posologique de l'olanzapine.",,hyponatrémiants - inducteurs enzymatiques - inducteurs enzymatiques puissants
INT_00597,Précaution d'emploi,Augmentation des concentrations plasmatiques de carbamazépine avec signes de surdosage.,"Surveillance clinique, contrôle des concentrations plasmatiques de carbamazépine et réduction éventuelle de la posologie de la carbamazépine pendant le traitement par l'antidépresseur sérotoninergique et après son arrêt.",,hyponatrémiants - inducteurs enzymatiques - inducteurs enzymatiques puissants
INT_00598,Précaution d'emploi,Diminution des concentrations plasmatiques et de l'efficacité de la carbamazépine par augmentation de son métabolisme hépatique par la rifampicine.,"Surveillance clinique, contrôle des concentrations plasmatiques et adaptation de la posologie de la carbamazépine pendant le traitement par la rifampicine et après son arrêt.",,hyponatrémiants - inducteurs enzymatiques - inducteurs enzymatiques puissants
INT_00599,Précaution d'emploi,Risque de diminution de la fraction active de la rispéridone et de son efficacité thérapeutique par augmentation de son métabolisme hépatique par la carbamazépine.,"Surveillance clinique, et si besoin, adaptation posologique de la rispéridone.",,hyponatrémiants - inducteurs enzymatiques - inducteurs enzymatiques puissants
INT_00600,Précaution d'emploi,"Diminution des concentrations du topiramate avec risque de moindre efficacité, par augmentation de son métabolisme hépatique par la carbamazépine.","Surveillance clinique, et si besoin, adaptation posologique du topiramate pendant le traitement par la carbamazépine et après son arrêt.",,hyponatrémiants - inducteurs enzymatiques - inducteurs enzymatiques puissants
INT_00601,Précaution d'emploi,"Augmentation des concentrations plasmatiques du métabolite actif de la carbamazépine avec signes de surdosage. De plus, diminution des concentrations plasmatiques d'acide valproïque par augmentation de son métabolisme hépatique par la carbamazépine.","Surveillance clinique, dosages plasmatiques et adaptation de la posologie des deux anticonvulsivants.",,hyponatrémiants - inducteurs enzymatiques - inducteurs enzymatiques puissants
INT_00602,Précaution d'emploi,"Augmentation des concentrations de carbamazépine et de sa neurotoxicité par inhibition de son métabolisme par le vérapamil. De plus, diminution des concentrations du vérapamil par augmentation de son métabolisme par la carbamazépine.",Surveillance clinique et adaptation éventuelle des posologies des deux médicaments.,,hyponatrémiants - inducteurs enzymatiques - inducteurs enzymatiques puissants
INT_00603,A prendre en compte,Diminution progressive des concentrations plasmatiques de carbamazépine et de son métabolite actif sans modification apparente de l'efficacité anticomitiale.,Prudence quant à l'interprétation des concentrations plasmatiques.,,hyponatrémiants - inducteurs enzymatiques - inducteurs enzymatiques puissants
INT_00604,A prendre en compte,Réduction réciproque des concentrations plasmatiques (augmentation du métabolisme sans modification apparente de l'efficacité anticomitiale).,Prudence dans l'interprétation des concentrations plasmatiques.,,hyponatrémiants - inducteurs enzymatiques - inducteurs enzymatiques puissants
INT_00605,Association DECONSEILLEE,Avec la cimétidine utilisée à des doses supérieures ou égales à 800 mg/j : toxicité médullaire accrue (inhibition du métabolisme de la carmustine).,,,cytotoxiques
INT_00606,Contre-indication,"Avec la cimétidine utilisée à des doses supérieures ou égales à 800 mg/j : augmentation des concentrations du carvédilol, pouvant être préjudiciables dans le cas du traitement de l'insuffisance cardiaque, par diminution de son métabolisme hépatique par la cimétidine.",Utiliser un autre antisécrétoire gastrique.,,bradycardisants - bêta-bloquants dans l'insuffisance cardiaque - bêta-bloquants
INT_00607,Précaution d'emploi,"Diminution importante des concentrations plasmatiques du carvédilol, par augmentation de son métabolisme hépatique par la rifampicine.","Surveillance clinique régulière et adaptation de la posologie du carvédilol pendant le traitement par la rifampicine. A l'arrêt de la rifampicine, risque de remontée importante des concentrations plasmatiques de carvédilol imposant une réduction posologique et une surveillance clinique étroite.",,bradycardisants - bêta-bloquants dans l'insuffisance cardiaque - bêta-bloquants
INT_00608,Précaution d'emploi,Diminution des concentrations plasmatiques de caspofungine.,"En cas de traitement par inducteur, maintenir la posologie à 70 mg par jour dès le 2e jour.",,
INT_00609,Précaution d'emploi,L'augmentation de la néphrotoxicité des aminosides par la céfalotine est discutée.,Surveillance de la fonction rénale.,,
INT_00610,Précaution d'emploi,Augmentation de l'effet de l'antivitamine K et du risque hémorragique.,Contrôle plus fréquent de l'INR. Adaptation éventuelle de la posologie de l'antivitamine K pendant le traitement par la céphalosporine et après son arrêt.,,antabuse (réaction)
INT_00611,Précaution d'emploi,Augmentation de l'effet de l'antivitamine K et du risque hémorragique.,Contrôle plus fréquent de l'INR. Adaptation éventuelle de la posologie de l'antivitamine K pendant le traitement par la céphalosporine et après son arrêt.,,
INT_00612,Précaution d'emploi,Augmentation de l'effet de l'antivitamine K et du risque hémorragique.,Contrôle plus fréquent de l'INR. Adaptation éventuelle de la posologie de l'antivitamine K pendant le traitement par la céphalosporine et après son arrêt.,,
INT_00613,Précaution d'emploi,Avec la cimétidine utilisée à des doses supérieures ou égales à 800 mg/j : risque accru de somnolence.,Avertir les patients de l'augmentation du risque en cas de conduite automobile ou d'utilisation de machines.,,benzodiazépines et apparentés - médicaments sédatifs
INT_00614,Précaution d'emploi,Risque d'augmentation des concentrations sanguines de ciclosporine et de la créatininémie.,"Dosage des concentrations sanguines de ciclosporine, contrôle de la fonction rénale et adaptation de la posologie pendant l'association et après l'arrêt de la chloroquine.",,antiparasitaires susceptibles de donner des torsades de pointes - médicaments
INT_00615,Précaution d'emploi,Risque d’hypothyroïdie clinique chez les patients substitués par hormones thyroïdiennes.,"Surveillance clinique et biologique. Adaptation, si besoin, de la posologie des hormones thyroïdiennes pendant le traitement par chloroquine et après son arrêt.",,antiparasitaires susceptibles de donner des torsades de pointes - médicaments
INT_00616,A prendre en compte,Ralentissement de l’élimination de la chloroquine et risque de surdosage.,,,antiparasitaires susceptibles de donner des torsades de pointes - médicaments
INT_00617,Précaution d'emploi,A fortes posologies (100 mg par jour de chlorpromazine) : élévation de la glycémie (diminution de la libération de l'insuline).,Prévenir le patient et renforcer l'autosurveillance glycémique. Adapter éventuellement la posologie de l'insuline pendant le traitement par le neuroleptique et après son arrêt.,,médicaments abaissant le seuil épileptogène - médicaments atropiniques
INT_00618,Précaution d'emploi,A fortes posologies (100 mg par jour de chlorpromazine) : élévation de la glycémie (diminution de la libération de l'insuline).,Prévenir le patient et renforcer l'autosurveillance glycémique. Adapter éventuellement la posologie du neuroleptique pendant le traitement et après son arrêt.,,médicaments abaissant le seuil épileptogène - médicaments atropiniques
INT_00619,Contre-indication,Diminution importante des concentrations sanguines de la ciclosporine et augmentation des concentrations plasmatiques de bosentan.,,,hyperkaliémiants - immunosuppresseurs - médicaments néphrotoxiques -
INT_00620,Contre-indication,"Augmentation de plus du double des concentrations plasmatiques de dabigatran, avec majoration du risque de saignement.",,,hyperkaliémiants - immunosuppresseurs - médicaments néphrotoxiques -
INT_00621,Contre-indication,Augmentation des concentrations de grazoprévir et d’elbasvir.,,,hyperkaliémiants - immunosuppresseurs - médicaments néphrotoxiques -
INT_00622,Contre-indication,Risque d'atteinte des macrophages spléniques et des cellules phagocytaires mononuclées.,,,hyperkaliémiants - immunosuppresseurs - médicaments néphrotoxiques -
INT_00623,Contre-indication,"Risque majoré d'effets indésirables (concentration-dépendants) à type de rhabdomyolyse, ou de néphrotoxicité, par diminution du métabolisme de la pitavastatine.",,,hyperkaliémiants - immunosuppresseurs - médicaments néphrotoxiques -
INT_00624,Contre-indication,"Risque majoré d'effets indésirables (concentration-dépendants) à type de rhabdomyolyse, ou de néphrotoxicité, par diminution du métabolisme de la rosuvastatine.",,,hyperkaliémiants - immunosuppresseurs - médicaments néphrotoxiques -
INT_00625,Contre-indication,Risque majoré d'effets indésirables (concentration-dépendants) à type de rhabdomyolyse par diminution du métabolisme de la simvastatine.,,,hyperkaliémiants - immunosuppresseurs - médicaments néphrotoxiques -
INT_00626,Association DECONSEILLEE,"Augmentation des concentrations sanguines de ciclosporine, par diminution de son métabolisme hépatique, avec risque d'effets néphrotoxiques.","Dosage des concentrations sanguines de ciclosporine, contrôle de la fonction rénale et adaptation de la posologie de la ciclosporine pendant le traitement par l'amiodarone.",,hyperkaliémiants - immunosuppresseurs - médicaments néphrotoxiques -
INT_00627,Association DECONSEILLEE,"Risque d’addition des effets indésirables neuromusculaires et augmentation de la toxicité de la colchicine avec risque de surdosage par inhibition de son élimination par la ciclosporine, notamment en cas d’insuffisance rénale préexistante.",,,hyperkaliémiants - immunosuppresseurs - médicaments néphrotoxiques -
INT_00628,Association DECONSEILLEE,"Hyperkaliémie potentiellement létale, surtout lors d'une insuffisance rénale (addition des effets hyperkaliémiants).",,,hyperkaliémiants - immunosuppresseurs - médicaments néphrotoxiques -
INT_00629,Association DECONSEILLEE,"D’une part, risque majoré d'effets indésirables (concentration- dépendants) à type de rhabdomyolyse, par augmentation des concentrations d’ézétimibe ; d’autre part, possible augmentation des concentrations de ciclosporine.",,,hyperkaliémiants - immunosuppresseurs - médicaments néphrotoxiques -
INT_00630,Association DECONSEILLEE,Augmentation des concentrations plasmatiques de la fidaxomicine.,,,hyperkaliémiants - immunosuppresseurs - médicaments néphrotoxiques -
INT_00631,Association DECONSEILLEE,Risque de diminution des concentrations sanguines et de l'efficacité de l'immunosuppresseur.,,,hyperkaliémiants - immunosuppresseurs - médicaments néphrotoxiques -
INT_00632,Association DECONSEILLEE,Risque d'addition d'effets indésirables à type de gingivopathies.,Utiliser une autre dihydropyridine.,,hyperkaliémiants - immunosuppresseurs - médicaments néphrotoxiques -
INT_00633,Association DECONSEILLEE,"Diminution des concentrations sanguines de ciclosporine par diminution de son absorption intestinale, avec risque de perte de l'activité immunosuppressive.","Prendre l'orlistat à distance de la ciclosporine (au moins 3 heures). Contrôle renforcé des dosages sanguins de ciclosporine, notamment en début d’association, et lors d’augmentation éventuelle de la posologie de l’orlistat.",,hyperkaliémiants - immunosuppresseurs - médicaments néphrotoxiques -
INT_00634,Association DECONSEILLEE,Risque d’augmentation des effets indésirables de l’ozanimod.,,,hyperkaliémiants - immunosuppresseurs - médicaments néphrotoxiques -
INT_00635,Association DECONSEILLEE,"Pour une quantité de potassium > à 1 mmol/prise, hyperkaliémie potentiellement létale, notamment chez l'insuffisant rénale ( addition des effets hyperkaliémiants).",Sauf en cas d'hypokaliémie.,,hyperkaliémiants - immunosuppresseurs - médicaments néphrotoxiques -
INT_00636,Association DECONSEILLEE,Augmentation de plus du double des concentrations du répaglinide par augmentation de son absorption.,,,hyperkaliémiants - immunosuppresseurs - médicaments néphrotoxiques -
INT_00637,Précaution d'emploi,Augmentation des concentrations plasmatique d’afatinib par augmentation de son absorption par la ciclosporine.,"Il est recommandé d’administrer la ciclosporine le plus à distance possible de l’afatinib, en respectant de préférence un intervalle de 6 heures ou de 12 heures par rapport à la prise d’afatinib.",,hyperkaliémiants - immunosuppresseurs - médicaments néphrotoxiques -
INT_00638,Précaution d'emploi,Avec la ciclosporine administrée par voie orale : baisse des concentrations sanguines de ciclosporine (diminution de son absorption intestinale).,Augmentation des doses de ciclosporine sous contrôle des concentrations plasmatiques et réduction de la posologie après l'arrêt du traitement par l'analogue de la somatostatine.,,hyperkaliémiants - immunosuppresseurs - médicaments néphrotoxiques -
INT_00639,Précaution d'emploi,"Risque d’addition des effets néphrotoxiques, notamment chez le sujet âgé.",Surveiller la fonction rénale en début de traitement par l’AINS.,,hyperkaliémiants - immunosuppresseurs - médicaments néphrotoxiques -
INT_00640,Précaution d'emploi,Risque majoré d'effets indésirables (concentration-dépendants) à type de rhabdomyolyse (diminution du métabolisme de l'hypocholestérolémiant).,"Ne pas dépasser la posologie de 10mg/jour d'atorvastatine. Si l'objectif thérapeutique n'est pas atteint à cette posologie, utiliser une autre statine non concernée par ce type d'interaction.",,hyperkaliémiants - immunosuppresseurs - médicaments néphrotoxiques -
INT_00641,Précaution d'emploi,Risque d'augmentation des concentrations sanguines de ciclosporine et de la créatininémie.,"Dosage des concentrations sanguines de la ciclosporine, contrôle de la fonction rénale et adaptation de la posologie pendant l'association et après l'arrêt du macrolide.",,hyperkaliémiants - immunosuppresseurs - médicaments néphrotoxiques -
INT_00642,Précaution d'emploi,Risque d'augmentation des concentrations sanguines de ciclosporine et de la créatininémie.,"Dosage des concentrations sanguines de ciclosporine, contrôle de la fonction rénale et adaptation de la posologie pendant l'association et après l'arrêt de la chloroquine.",,hyperkaliémiants - immunosuppresseurs - médicaments néphrotoxiques -
INT_00643,Précaution d'emploi,Diminution des concentrations sanguines de l'immunosuppresseur avec risque de perte de l'activité immunosuppressive.,Contrôle renforcé des dosages sanguins de ciclosporine et augmentation éventuelle de sa posologie.,,hyperkaliémiants - immunosuppresseurs - médicaments néphrotoxiques -
INT_00644,Précaution d'emploi,Augmentation des concentrations sanguines de ciclosporine par inhibition de son métabolisme hépatique.,"Dosage des concentrations sanguines de ciclosporine, contrôle de la fonction rénale et adaptation de la posologie pendant l’association et après son arrêt.",,hyperkaliémiants - immunosuppresseurs - médicaments néphrotoxiques -
INT_00645,Précaution d'emploi,Augmentation des concentrations sanguines de l’évérolimus par la ciclosporine. La néphrotoxicité de la ciclosporine est également augmentée lors de l’association.,"Dosage des concentrations sanguines d’évérolimus, éventuellement adaptation de la posologie et contrôle de la fonction rénale, pendant l’association et après son arrêt.",,hyperkaliémiants - immunosuppresseurs - médicaments néphrotoxiques -
INT_00646,Précaution d'emploi,Risque d'augmentation de la néphrotoxicité de la ciclosporine.,"Surveillance clinique et biologique de la fonction rénale, pendant et après l'association.",,hyperkaliémiants - immunosuppresseurs - médicaments néphrotoxiques -
INT_00647,Précaution d'emploi,"Augmentation modérée des concentrations de fluvastatine, avec risque musculaire non exclu.",Surveillance clinique et biologique pendant l’association.,,hyperkaliémiants - immunosuppresseurs - médicaments néphrotoxiques -
INT_00648,Précaution d'emploi,Risque d'augmentation des concentrations sanguines de ciclosporine et de la créatininémie.,"Dosage des concentrations sanguines de la ciclosporine, contrôle de la fonction rénale et adaptation de la posologie pendant l'association et après l'arrêt du macrolide.",,hyperkaliémiants - immunosuppresseurs - médicaments néphrotoxiques -
INT_00649,Précaution d'emploi,Augmentation modérée des concentrations sanguines de l'immunosuppresseur et augmentation plus notable des concentrations de lercanidipine.,"Décaler les prises des deux médicaments. Dosage des concentrations sanguines de l'immunosuppresseur, et adaptation si nécessaire de sa posologie pendant l'association et après son arrêt.",,hyperkaliémiants - immunosuppresseurs - médicaments néphrotoxiques -
INT_00650,Précaution d'emploi,Augmentation de la toxicité du méthotrexate et de la ciclosporine avec augmentation de la créatininémie : diminution réciproque des clairances des deux médicaments.,Dosage des concentrations sanguines de ciclosporine et de méthotrexate. Adaptation posologique si nécessaire pendant l'association et après son arrêt.,,hyperkaliémiants - immunosuppresseurs - médicaments néphrotoxiques -
INT_00651,Précaution d'emploi,Risque d'augmentation des concentrations sanguines de ciclosporine et de la créatininémie.,"Dosage des concentrations sanguines de la ciclosporine, contrôle de la fonction rénale et adaptation de la posologie pendant l'association et après l'arrêt du macrolide.",,hyperkaliémiants - immunosuppresseurs - médicaments néphrotoxiques -
INT_00652,Précaution d'emploi,Augmentation des concentrations plasmatiques du nintédanib par augmentation de son absorption par la ciclosporine.,Surveillance clinique pendant l’association.,,hyperkaliémiants - immunosuppresseurs - médicaments néphrotoxiques -
INT_00653,Précaution d'emploi,"Augmentation des concentrations de pravastatine, avec risque musculaire non exclu.",Surveillance clinique et biologique pendant l’association. Débuter le traitement à la dose minimale de pravastatine.,,hyperkaliémiants - immunosuppresseurs - médicaments néphrotoxiques -
INT_00654,Précaution d'emploi,Risque d'augmentation des concentrations sanguines de ciclosporine et de la créatininémie.,"Dosage des concentrations sanguines de la ciclosporine, contrôle de la fonction rénale et adaptation de la posologie pendant l'association et après l'arrêt du macrolide.",,hyperkaliémiants - immunosuppresseurs - médicaments néphrotoxiques -
INT_00655,Précaution d'emploi,Augmentation des concentrations sanguines de sirolimus par la ciclosporine. La néphrotoxicité de la ciclosporine est également augmentée lors de l’association.,"Il est recommandé d’administrer le sirolimus 4 heures après la ciclosporine. Contrôle de la fonction rénale, pendant l’association et après son arrêt.",,hyperkaliémiants - immunosuppresseurs - médicaments néphrotoxiques -
INT_00656,Précaution d'emploi,Diminution des concentrations sanguines de ciclosporine par augmentation de son métabolisme par la sulfinpyrazone.,Contrôle des concentrations sanguines de ciclosporine et adaptation éventuelle de sa posologie pendant le traitement par sulfinpyrazone et après son arrêt.,,hyperkaliémiants - immunosuppresseurs - médicaments néphrotoxiques -
INT_00657,Précaution d'emploi,Augmentation des concentrations de talazoparib avec risque de majoration de la toxicité.,Réduire la dose de talazoparib.,,hyperkaliémiants - immunosuppresseurs - médicaments néphrotoxiques -
INT_00658,Précaution d'emploi,Diminution des concentrations sanguines de ciclosporine.,Contrôle des concentrations sanguines de ciclosporine et adaptation éventuelle de sa posologie pendant le traitement par terbinafine et après son arrêt.,,hyperkaliémiants - immunosuppresseurs - médicaments néphrotoxiques -
INT_00659,Précaution d'emploi,Diminution des concentrations sanguines de ciclosporine.,Augmentation de la posologie de la ciclosporine sous contrôle des concentrations sanguines. Réduction de la posologie en cas d'arrêt de la ticlopidine.,,hyperkaliémiants - immunosuppresseurs - médicaments néphrotoxiques -
INT_00660,Précaution d'emploi,"Augmentation des concentrations sanguines de l’immunosuppresseur, avec risque d'effets néphrotoxiques.","Dosage des concentrations sanguines de l’immunosuppresseur, contrôle de la fonction rénale et adaptation de la posologie pendant le traitement par la tigécycline.",,hyperkaliémiants - immunosuppresseurs - médicaments néphrotoxiques -
INT_00661,Précaution d'emploi,Augmentation des concentrations plasmatiques du ténofovir alafénamide par augmentation de son absorption.,"En cas de co-administration avec la ciclosporine, la dose de ténofovir alafénamide doit être limitée à 10 mg par jour.",,hyperkaliémiants - immunosuppresseurs - médicaments néphrotoxiques -
INT_00662,Précaution d'emploi,"Augmentation des concentrations sanguines de la ciclosporine (diminution de son métabolisme hépatique), et majoration du risque de gingivopathies.","Dosage des concentrations sanguines de la ciclosporine, contrôle de la fonction rénale et adaptation de la posologie pendant l’association et après son arrêt.",,hyperkaliémiants - immunosuppresseurs - médicaments néphrotoxiques -
INT_00663,Précaution d'emploi,"Augmentation des concentrations plasmatiques de l’édoxaban, avec majoration du risque de saignement.",Réduire la dose d’édoxaban de moitié.,,hyperkaliémiants - immunosuppresseurs - médicaments néphrotoxiques -
INT_00664,A prendre en compte,"Risque de diminution des concentrations sanguines de la ciclosporine, notamment en cas d’association avec la vitamine E.",,,hyperkaliémiants - immunosuppresseurs - médicaments néphrotoxiques -
INT_00665,A prendre en compte,Risque de variation des concentrations sanguines de ciclosporine.,,,hyperkaliémiants - immunosuppresseurs - médicaments néphrotoxiques -
INT_00666,A prendre en compte,"Doublement des concentrations d’ambrisentan, avec majoration de l’effet vasodilatateur (céphalées).",,,hyperkaliémiants - immunosuppresseurs - médicaments néphrotoxiques -
INT_00667,A prendre en compte,"Augmentation de la créatininémie plus importante que sous ciclosporine seule, avec majoration du risque néphrotoxique.",,,hyperkaliémiants - immunosuppresseurs - médicaments néphrotoxiques -
INT_00668,A prendre en compte,Avec l'amphotéricine B administrée par voie IV : augmentation de la créatininémie plus importante que sous ciclosporine seule (synergie des effets néphrotoxiques des deux substances).,,,hyperkaliémiants - immunosuppresseurs - médicaments néphrotoxiques -
INT_00669,A prendre en compte,Avec la cimétidine utilisée à des doses supérieures ou égales à 800 mg/j : augmentation des concentrations sanguines de ciclosporine.,,,hyperkaliémiants - immunosuppresseurs - médicaments néphrotoxiques -
INT_00670,A prendre en compte,"Risque d'augmentation de la créatininémie sans modification des concentrations sanguines de ciclosporine, même en l'absence de déplétion hydrosodée. Egalement, risque d'hyperuricémie et de complications comme la goutte.",,,hyperkaliémiants - immunosuppresseurs - médicaments néphrotoxiques -
INT_00671,A prendre en compte,Avec la méthylprednisolone administrée par voie IV : augmentation possible des concentrations sanguines de ciclosporine et de la créatininémie. Mécanisme invoqué : diminution de l'élimination hépatique de la ciclosporine.,,,hyperkaliémiants - immunosuppresseurs - médicaments néphrotoxiques -
INT_00672,A prendre en compte,"Augmentation des effets de la prednisolone : aspect cushingoïde, réduction de la tolérance aux glucides (diminution de la clairance de la prednisolone).",,,hyperkaliémiants - immunosuppresseurs - médicaments néphrotoxiques -
INT_00673,A prendre en compte,Avec le triméthoprime (seul ou associé) par voie orale : augmentation de la créatininémie avec diminution possible des concentrations sanguines de ciclosporine. Avec le trimethoprime (seul ou associé) par voie IV : la diminution des concentrations sanguines de ciclosporine peut être très importante avec disparition possible du pouvoir immunosuppresseur.,,,hyperkaliémiants - immunosuppresseurs - médicaments néphrotoxiques -
INT_00674,Contre-indication,"Avec la cimétidine utilisée à des doses supérieures ou égales à 800 mg/j : augmentation des concentrations du carvédilol, pouvant être préjudiciables dans le cas du traitement de l'insuffisance cardiaque, par diminution de son métabolisme hépatique par la cimétidine.",Utiliser un autre antisécrétoire gastrique.,,antisécrétoires antihistaminiques H2 - substances à absorption réduite par
INT_00675,Association DECONSEILLEE,Avec la cimétidine utilisée à des doses supérieures ou égales à 800 mg/j : toxicité médullaire accrue (inhibition du métabolisme de la carmustine).,,,antisécrétoires antihistaminiques H2 - substances à absorption réduite par
INT_00676,Association DECONSEILLEE,Avec la cimétidine utilisée à des doses supérieures ou égales à 800 mg/j : toxicité médullaire accrue (inhibition du métabolisme de la lomustine).,,,antisécrétoires antihistaminiques H2 - substances à absorption réduite par
INT_00677,Association DECONSEILLEE,Avec la cimétidine utilisée à des doses supérieures ou égales à 800 mg/j : augmentation des concentrations plasmatiques de phénytoïne avec possibilité d'apparition des signes habituels de surdosage.,"Si l'association ne peut être évitée, surveillance clinique étroite, dosage des concentrations plasmatiques de phénytoïne et adaptation éventuelle de sa posologie pendant le traitement par la cimétidine et après son arrêt.",,antisécrétoires antihistaminiques H2 - substances à absorption réduite par
INT_00678,Précaution d'emploi,Avec la cimétidine utilisée à des doses supérieures ou égales à 800 mg/j : augmentation de l'effet dépresseur respiratoire de l'analgésique opiacé par diminution de son métabolisme hépatique.,Adapter la posologie de l'alfentanil en cas de traitement par la cimétidine.,,antisécrétoires antihistaminiques H2 - substances à absorption réduite par
INT_00679,Précaution d'emploi,"Avec la cimétidine utilisée à des doses supérieures ou égales à 800 mg/j : en début de traitement, augmentation des concentrations plasmatiques de carbamazépine par inhibition de son métabolisme hépatique par la cimétidine.","Surveillance clinique et réduction éventuelle de la posologie de la carbamazépine, spécialement pendant les premiers jours de traitement par la cimétidine.",,antisécrétoires antihistaminiques H2 - substances à absorption réduite par
INT_00680,Précaution d'emploi,Avec la cimétidine utilisée à des doses supérieures ou égales à 800 mg/j : risque accru de somnolence.,Avertir les patients de l'augmentation du risque en cas de conduite automobile ou d'utilisation de machines.,,antisécrétoires antihistaminiques H2 - substances à absorption réduite par
INT_00681,Précaution d'emploi,Avec la cimétidine utilisée à des doses supérieures ou égales à 800 mg/j : risque accru de somnolence.,Avertir les patients de l'augmentation du risque en cas de conduite automobile ou d'utilisation de machines.,,antisécrétoires antihistaminiques H2 - substances à absorption réduite par
INT_00682,Précaution d'emploi,Avec la cimétidine utilisée à des doses supérieures ou égales à 800 mg/j : augmentation des concentrations plasmatiques de lidocaïne avec risque d'effets indésirables neurologiques et cardiaques (inhibition du métabolisme hépatique de la lidocaïne).,"Surveillance clinique, ECG et éventuellement des concentrations plasmatiques de la lidocaïne ; s'il y a lieu, adaptation de la posologie de la lidocaïne pendant le traitement par la cimétidine et après son arrêt.",,antisécrétoires antihistaminiques H2 - substances à absorption réduite par
INT_00683,Précaution d'emploi,"Augmentation des concentrations plasmatiques de méthadone avec surdosage et risque majoré d’allongement de l’intervalle QT et de troubles du rythme ventriculaire, notamment de torsades de pointes.","Surveillance clinique et électrocardiographique renforcée ; si besoin, adaptation de la posologie de la méthadone pendant le traitement par la cimétidine et après son arrêt.",,antisécrétoires antihistaminiques H2 - substances à absorption réduite par
INT_00684,Précaution d'emploi,"Avec le métoprolol utilisé dans l'insuffisance cardiaque, et la cimétidine utilisée à des doses supérieures ou égales à 800 mg/j : augmentation des concentrations du métoprolol, pouvant être préjudiciables dans le cas du traitement de l'insuffisance cardiaque, par diminution de son métabolisme hépatique par la cimétidine.","Surveillance clinique. Si besoin, adaptation de la posologie du métoprolol pendant le traitement par la cimétidine.",,antisécrétoires antihistaminiques H2 - substances à absorption réduite par
INT_00685,Précaution d'emploi,"Avec la cimétidine utilisée à des doses supérieures ou égales à 800 mg/j : augmentation des concentrations du moclobémide, par diminution de son métabolisme hépatique.",Surveillance clinique avec adaptation éventuelle de la posologie de moclobémide.,,antisécrétoires antihistaminiques H2 - substances à absorption réduite par
INT_00686,Précaution d'emploi,Avec la cimétidine utilisée à des doses supérieures ou égales à 800 mg/j : augmentation de l'effet hypotenseur de la nifédipine par inhibition de son métabolisme hépatique par la cimétidine.,Surveillance clinique accrue : adapter la posologie de la nifédipine pendant le tratiement par la cimétidine et après son arrêt.,,antisécrétoires antihistaminiques H2 - substances à absorption réduite par
INT_00687,Précaution d'emploi,Avec la cimétidine utilisée à des doses supérieures ou égales à 800 mg/j : augmentation de la théophyllinémie avec risque de surdosage (diminution du métabolisme de la théophylline).,"Surveillance clinique et éventuellement de la théophyllinémie. S'il y a lieu, adaptation de la théophylline pendant le traitement par la cimétidine et après son arrêt.",,antisécrétoires antihistaminiques H2 - substances à absorption réduite par
INT_00688,A prendre en compte,Avec la cimétidine utilisée à des doses supérieures ou égales à 800 mg/j : augmentation de l'effet de l'antivitamine K et du risque hémorragique (diminution de son métabolisme hépatique).,,,antisécrétoires antihistaminiques H2 - substances à absorption réduite par
INT_00689,A prendre en compte,Ralentissement de l’élimination de la chloroquine et risque de surdosage.,,,antisécrétoires antihistaminiques H2 - substances à absorption réduite par
INT_00690,A prendre en compte,Avec la cimétidine utilisée à des doses supérieures ou égales à 800 mg/j : augmentation des concentrations sanguines de ciclosporine.,,,antisécrétoires antihistaminiques H2 - substances à absorption réduite par
INT_00691,Contre-indication,"Augmentation très importante des concentrations plasmatiques de dextrométhorphane avec risque de surdosage, par diminution de son métabolisme hépatique par le cinacalcet.",,,
INT_00692,Contre-indication,Augmentation possiblement très importante de l’exposition des métabolites actifs de la tétrabénazine.,,,
INT_00693,Association DECONSEILLEE,Risque d’inefficacité de l’opiacé par inhibition de son métabolisme par l’inhibiteur.,,,
INT_00694,Association DECONSEILLEE,"Risque de majoration des effets indésirables de la méquitazine, par inhibition de son métabolisme par l’inhibiteur enzymatique.",,,
INT_00695,Association DECONSEILLEE,Risque d’inefficacité de l’opiacé par inhibition de son métabolisme par l’inhibiteur.,,,
INT_00696,Association DECONSEILLEE,Risque d’hypocalcémie sévère.,,,
INT_00697,Précaution d'emploi,"Augmentation des concentrations plasmatiques de métroprolol avec risque de surdosage, par diminution de son métabolisme hépatique par le cinacalcet.",Surveillance clinique et réduction de la posologie du métroprolol pendant le traitement par cinacalcet.,,
INT_00698,Précaution d'emploi,"Augmentation des concentrations plasmatiques de propafénone avec risque de surdosage, par diminution de son métabolisme hépatique par le cinacalcet.",Surveillance clinique et réduction de la posologie de la propafénone pendant le traitement par cinacalcet.,,
INT_00699,Association DECONSEILLEE,"Augmentation des concentrations d'agomélatine, avec risque de majoration des effets indésirables.",,,fluoroquinolones - médicaments abaissant le seuil épileptogène - substances
INT_00700,Association DECONSEILLEE,Augmentation de la toxicité du méthotrexate par inhibition de sa sécrétion tubulaire rénale par la ciprofloxacine.,,,fluoroquinolones - médicaments abaissant le seuil épileptogène - substances
INT_00701,Précaution d'emploi,Diminution de l'absorption digestive de la ciprofloxacine.,"Prendre les sels de calcium à distance de la ciprofloxacine (plus de 2 heures, si possible).",,fluoroquinolones - médicaments abaissant le seuil épileptogène - substances
INT_00702,Précaution d'emploi,"Augmentation des concentrations de clozapine avec risque de surdosage, par diminution de son métabolisme hépatique par la ciprofloxacine.",Surveillance clinique et réduction éventuelle de la posologie de la clozapine pendant le traitement par la ciprofloxacine et après son arrêt.,,fluoroquinolones - médicaments abaissant le seuil épileptogène - substances
INT_00703,Précaution d'emploi,"Variation, éventuellement importante, des concentrations de phénytoïne en cas de traitement par la ciprofloxacine.",Surveillance clinique et contrôle des concentrations plasmatiques de l’anticonvulsivant pendant le traitement par ciprofloxacine et après son arrêt.,,fluoroquinolones - médicaments abaissant le seuil épileptogène - substances
INT_00704,Précaution d'emploi,"Augmentation des concentrations de ropinirole avec risque de surdosage, par diminution de son métabolisme hépatique par la ciprofloxacine.",Surveillance clinique et réduction éventuelle de la posologie du ropinirole pendant le traitement par la ciprofloxacine et après son arrêt.,,fluoroquinolones - médicaments abaissant le seuil épileptogène - substances
INT_00705,Précaution d'emploi,"Risque majoré de troubles du rythme ventriculaire, notamment de torsades de pointes.",Surveillance clinique et électrocardiographique pendant l'association.,,fluoroquinolones - médicaments abaissant le seuil épileptogène - substances
INT_00706,Précaution d'emploi,"Augmentation de la théophyllinémie avec risque de surdosage, par diminution de son métabolisme hépatique par la ciprofloxacine.",Surveillance clinique et éventuellement de la théophyllinémie.,,fluoroquinolones - médicaments abaissant le seuil épileptogène - substances
INT_00707,A prendre en compte,"Augmentation des concentrations plasmatiques de caféine, par diminution de son métabolisme hépatique.",,,fluoroquinolones - médicaments abaissant le seuil épileptogène - substances
INT_00708,Précaution d'emploi,"Risque de facilitation du passage systémique de l’aluminium, notamment en cas de fonction rénale altérée.","Prendre les topiques gastro-intestinaux à base d'aluminium à distance des citrates (plus de 2 heures si possible), y compris les citrates naturels (jus d'agrumes).",,
INT_00709,Association DECONSEILLEE,Risque de diminution de l’efficacité de la cladribine par la lamivudine.,,,cytotoxiques
INT_00710,Association DECONSEILLEE,Augmentation des concentrations plasmatiques de la fidaxomicine.,,,inhibiteurs puissants du CYP3A4 - macrolides (sauf spiramycine)
INT_00711,Association DECONSEILLEE,Augmentation très importante des concentrations sanguines de l'immunosuppresseur par inhibition de son métabolisme hépatique.,"En cas d’association, contrôle strict de la fonction rénale, dosage des concentrations sanguines de l'immunosuppresseur et adaptation éventuelle de la posologie.",,inhibiteurs puissants du CYP3A4 - macrolides (sauf spiramycine)
INT_00712,Précaution d'emploi,Augmentation des concentrations plasmatiques de clarithromycine et inhibition de la formation de son métabolite actif.,"Surveillance clinique et biologique régulière, notamment en début d'association.",,inhibiteurs puissants du CYP3A4 - macrolides (sauf spiramycine)
INT_00713,Précaution d'emploi,"Risque majoré d'effets indésirables (concentration-dépendants) à type de rhabdomyolyse, par diminution du métabolisme hépatique de l'hypocholesterolémiant.","Utiliser des doses plus faibles d'hypocholestérolémiant. Si l'objectif thérapeutique n'est pas atteint, utiliser une autre statine non concernée par ce type d'interaction.",,inhibiteurs puissants du CYP3A4 - macrolides (sauf spiramycine)
INT_00714,Précaution d'emploi,"Augmentation des concentrations plasmatiques de carbamazépine avec signes de surdosage, par inhibition de son métabolisme hépatique.",Surveillance clinique et réduction éventuelle de la posologie de la carbamazépine.,,inhibiteurs puissants du CYP3A4 - macrolides (sauf spiramycine)
INT_00715,Précaution d'emploi,Augmentation des concentrations de la clarithromycine et de son métabolite actif par diminution de son métabolisme hépatique par l'inhibiteur de protéases.,"Surveillance clinique et biologique régulière, notamment en début d'association.",,inhibiteurs puissants du CYP3A4 - macrolides (sauf spiramycine)
INT_00716,Précaution d'emploi,Augmentation de la concentration plasmatique de la pravastatine par la clarithromycine.,Surveillance clinique et biologique pendant le traitement par l'antibiotique.,,inhibiteurs puissants du CYP3A4 - macrolides (sauf spiramycine)
INT_00717,Précaution d'emploi,Risque d'hypoglycémie par augmentation des concentrations plasmatiques du répaglinide.,"Prévenir le patient, renforcer l'autosurveillance glycémique et adapter éventuellement la posologie de l'hypoglycémiant pendant le traitement par la clarithromycine.",,inhibiteurs puissants du CYP3A4 - macrolides (sauf spiramycine)
INT_00718,Précaution d'emploi,"Risque d'augmentation des effets indésirables de la rifabutine (uvéites) par augmentation de ses concentrations et de celle de son métabolite actif par la clarithromycine. De plus, augmentation du métabolisme de la clarithromycine par la rifabutine, avec augmentation des concentrations de son métabolite actif.","Surveillance clinique et biologique régulière, notamment en début d'association.",,inhibiteurs puissants du CYP3A4 - macrolides (sauf spiramycine)
INT_00719,Précaution d'emploi,"Diminution des concentrations plasmatiques et risque de baisse de l'efficacité de la clarithromycine, notamment chez le patient HIV, par augmentation de son métabolisme hépatique par la rifampicine.",Surveillance clinique et biologique régulière.,,inhibiteurs puissants du CYP3A4 - macrolides (sauf spiramycine)
INT_00720,Précaution d'emploi,"Risque majoré de troubles du rythme ventriculaire, notamment de torsades de pointes.",Surveillance clinique et électrocardiographique pendant l'association.,,inhibiteurs puissants du CYP3A4 - macrolides (sauf spiramycine)
INT_00721,Précaution d'emploi,Risque d'hypoglycémie par augmentation des concentrations plasmatiques de l’antidiabétique.,"Prévenir le patient, renforcer l'autosurveillance glycémique et adapter éventuellement la posologie du sulfamide hypoglycémiant pendant le traitement par la clarithromycine.",,inhibiteurs puissants du CYP3A4 - macrolides (sauf spiramycine)
INT_00722,Précaution d'emploi,Augmentation des concentrations de talazoparib avec risque de majoration de la toxicité.,Réduire la dose de talazoparib.,,inhibiteurs puissants du CYP3A4 - macrolides (sauf spiramycine)
INT_00723,A prendre en compte,"Dans le traitement des infections à Mycobacterium avium complex, risque de diminution de l’efficacité de la clarithromycine par augmentation de son métabolisme hépatique par l’étravirine.",,,inhibiteurs puissants du CYP3A4 - macrolides (sauf spiramycine)
INT_00724,A prendre en compte,"Risque de majoration des effets indésirables du linézolide par la clarithromycine, par augmentation de son absorption.",,,inhibiteurs puissants du CYP3A4 - macrolides (sauf spiramycine)
INT_00725,A prendre en compte,"Risque d'augmentation de la théophyllinémie, particulièrement chez l'enfant.",,,inhibiteurs puissants du CYP3A4 - macrolides (sauf spiramycine)
INT_00726,A prendre en compte,Augmentation des concentrations de venlafaxine avec risque de surdosage.,,,inhibiteurs puissants du CYP3A4 - macrolides (sauf spiramycine)
INT_00727,Précaution d'emploi,Augmentation de l’effet de l’antivitamine K et du risque hémorragique.,Contrôle plus fréquent de l’INR. Adaptation éventuelle de la posologie de l’antivitamine K pendant le traitement par clindamycine et après son arrêt.,,"lincosanides - substances à absorption réduite par les topiques gastro-intestinaux,"
INT_00728,Précaution d'emploi,Diminution des concentrations sanguines de l'immunosuppresseur avec risque de perte de l'activité immunosuppressive.,Contrôle renforcé des dosages sanguins de ciclosporine et augmentation éventuelle de sa posologie.,,"lincosanides - substances à absorption réduite par les topiques gastro-intestinaux,"
INT_00729,Précaution d'emploi,"Diminution des concentrations sanguines de l'immunosuppresseur, avec risque de perte de l'activité immunosuppressive.",Contrôle renforcé des dosages sanguins de tacrolimus et augmentation éventuelle de sa posologie.,,"lincosanides - substances à absorption réduite par les topiques gastro-intestinaux,"
INT_00730,Précaution d'emploi,"Augmentation des concentrations plasmatiques de ces anticonvulsivants, avec risque de surdosage, par inhibition de leur métabolisme hépatique.","Surveillance clinique, dosage plasmatique, lorsque cela est possible, de l'anticonvulsivant associé au stiripentol et éventuelle adaptation posologique de l'anticonvulsivant associé.",,benzodiazépines et apparentés - médicaments sédatifs
INT_00731,Précaution d'emploi,Risque d'augmentation des effets indésirables de la clomipramine par diminution de son métabolisme hépatique par le bupropion.,"Surveillance clinique. Si besoin, adaptation de la posologie de la clomipramine pendant le traitement par le bupropion.",,antidépresseurs imipraminiques - médicaments abaissant le seuil épileptogène
INT_00732,Précaution d'emploi,"Augmentation des concentrations plasmatiques du métabolite actif de la carbamazépine. De plus, diminution des concentrations plasmatiques du clonazépam par augmentation de son métabolisme hépatique par la carbamazépine.","Surveillance clinique, dosages plasmatiques et adaptation éventuelle des posologies des deux anticonvulsivants.",,benzodiazépines et apparentés - médicaments sédatifs
INT_00733,Association DECONSEILLEE,Majoration du risque hémorragique par addition des activités antiagrégantes plaquettaires.,Association déconseillée : - en dehors des indications validées pour cette association dans les syndromes coronariens aigus. Précaution d'emploi : - dans les indications validées pour cette association dans les syndromes coronariens aigus. Surveillance clinique.,Yes,antiagrégants plaquettaires
INT_00734,Précaution d'emploi,Augmentation des concentrations plasmatiques de phénytoïne avec signes de surdosage (inhibition du métabolisme de la,Surveillance clinique et contrôle des concentrations plasmatiques de phénytoïne.,,antiagrégants plaquettaires
INT_00735,Précaution d'emploi,Risque d’augmentation des effets indésirables du sélexipag par diminution de son métabolisme.,Surveillance clinique étroite pendant l’association. Réduire de moitié la posologie (une seule prise par jour).,,antiagrégants plaquettaires
INT_00736,A prendre en compte,Risque d’augmentation des concentrations des métabolites actifs de l’onazimod.,,,antiagrégants plaquettaires
INT_00737,A prendre en compte,"Augmentation des concentrations du paclitaxel par le clopidogrel, avec risque de majoration des effets indésirables.",,,antiagrégants plaquettaires
INT_00738,A prendre en compte,"Augmentation des concentrations du répaglinide par le clopidogrel, avec risque de majoration des effets indésirables.",,,antiagrégants plaquettaires
INT_00739,Contre-indication,Risque d’inefficacité du traitement antipsychotique (diminution des concentrations plasmatiques de clozapine par augmentation de son métabolisme hépatique).,,,médicaments atropiniques - médicaments sédatifs - médicaments à l'origine
INT_00740,Association DECONSEILLEE,"Diminution des concentrations plasmatiques de clozapine avec risque de perte d’efficacité. De plus, avec la carbamazépine, risque de majoration des effets hématologiques graves.","Association déconseillée: - avec la carbamazépine, l'apalutamide, l'enzalutamide Précaution d'emploi: - Avec la phénytoïne, la fosphénytoïne, la primidone, le phénobarbital. Surveillance clinique et adaptation posologique de la clozapine pendant l’association et après l’arrêt de l’inducteur - Avec l'apalutamide, l'enzalutamide : risque vraisemblablement modéré",Yes,médicaments atropiniques - médicaments sédatifs - médicaments à l'origine
INT_00741,Précaution d'emploi,"Augmentation des concentrations de clozapine avec risque de surdosage, par diminution de son métabolisme hépatique par la ciprofloxacine.",Surveillance clinique et réduction éventuelle de la posologie de la clozapine pendant le traitement par la ciprofloxacine et après son arrêt.,,médicaments atropiniques - médicaments sédatifs - médicaments à l'origine
INT_00742,Précaution d'emploi,Augmentation des concentrations plasmatiques de clozapine avec signes de surdosage.,"Surveillance clinique accrue ; si besoin, adaptation de la posologie de la clozapine pendant le traitement par la fluvoxamine et après son arrêt.",,médicaments atropiniques - médicaments sédatifs - médicaments à l'origine
INT_00743,Précaution d'emploi,Risque d'inefficacité du traitement antipsychotique (diminution des concentrations plasmatiques de clozapine par augmentation de son métabolisme hépatique).,Surveillance clinique et augmentation éventuelle de la posologie de la clozapine durant le traitement par la rifampicine.,,médicaments atropiniques - médicaments sédatifs - médicaments à l'origine
INT_00744,A prendre en compte,Risque accru de collapsus avec arrêt respiratoire et / ou cardiaque.,,,médicaments atropiniques - médicaments sédatifs - médicaments à l'origine
INT_00745,Contre-indication,Risque de majoration des effets indésirables de l'amiodarone par diminution de son métabolisme par le cobicistat.,,,inhibiteurs puissants du CYP3A4
INT_00746,Contre-indication,Risque de diminution de l’efficacité du cobicistat par augmentation de son métabolisme par l’inducteur.,,,inhibiteurs puissants du CYP3A4
INT_00747,Contre-indication,Risque de diminution de l’efficacité du cobicistat par augmentation de son métabolisme par l’inducteur.,,,inhibiteurs puissants du CYP3A4
INT_00748,Contre-indication,Risque de majoration des effets indésirables de la quinidine par diminution de son métabolisme par le cobicistat.,Surveillance clinique.,,inhibiteurs puissants du CYP3A4
INT_00749,Contre-indication,Risque de diminution de l’efficacité du cobicistat par augmentation de son métabolisme par l’inducteur.,,,inhibiteurs puissants du CYP3A4
INT_00750,Association DECONSEILLEE,Risque de diminution des concentrations plasmatiques du cobicistat par l’étravirine.,,,inhibiteurs puissants du CYP3A4
INT_00751,Précaution d'emploi,"Décrit chez des patients HIV. Risque d’insuffisance surrénale aiguë, même en cas d’injection unique. L’articulation peut constituer un réservoir relarguant de façon continue le corticoïde CYP3A4-dépendant dans la circulation générale, avec augmentation possiblement très importante des concentrations du corticoïde, à l’origine d’une freination de la réponse hypothalamo- hypophysaire.",Préférer un corticoïde non CYP3A4-dépendant (hydrocortisone).,,inhibiteurs puissants du CYP3A4
INT_00752,Précaution d'emploi,"Augmentation très importante du métabolite de la rifabutine, avec risque de majoration de sa toxicité (uvéites, neutropénies). Par ailleurs, possible diminution des concentrations de cobicistat.","Réduction de la dose de rifabutine (150 mg 1 jour sur deux). Surveillance clinique et biologique régulière, notamment en début d'association.",,inhibiteurs puissants du CYP3A4
INT_00753,Précaution d'emploi,"Avec l'atazanavir, le darunavir ou le lopinavir boostés par cobicistat, augmentation des concentrations plasmatiques du ténofovir alafénamide par augmentation de son absorption.","En cas de co-administration, la dose de ténofovir alafénamide doit être limitée à 10 mg par jour. L’association avec les autres inhibiteurs de protéases du VIH n’a pas été étudiée.",,inhibiteurs puissants du CYP3A4
INT_00754,A prendre en compte,Risque d’augmentation des concentrations plasmatiques du cobicistat ou de l’inhibiteur du CYP3A4.,"Pour connaître les risques et les niveaux de contrainte de chaque interaction, il convient de se reporter aux AMM specifiques à chaque spécialité.",,inhibiteurs puissants du CYP3A4
INT_00755,Précaution d'emploi,Augmentation du risque hémorragique.,Surveillance clinique.,,inhibiteurs de tyrosine kinases métabolisés - substrats à risque du CYP3A4
INT_00756,Précaution d'emploi,Augmentation du risque hémorragique.,Surveillance clinique.,,inhibiteurs de tyrosine kinases métabolisés - substrats à risque du CYP3A4
INT_00757,Précaution d'emploi,Augmentation du risque hémorragique.,"Surveillance clinique et le cas échéant, contrôle plus fréquent de l'INR.",,inhibiteurs de tyrosine kinases métabolisés - substrats à risque du CYP3A4
INT_00758,Précaution d'emploi,Augmentation du risque hémorragique.,Surveillance clinique.,,inhibiteurs de tyrosine kinases métabolisés - substrats à risque du CYP3A4
INT_00759,Précaution d'emploi,Augmentation du risque hémorragique.,Surveillance clinique.,,inhibiteurs de tyrosine kinases métabolisés - substrats à risque du CYP3A4
INT_00760,Précaution d'emploi,Augmentation du risque hémorragique.,Surveillance clinique.,,inhibiteurs de tyrosine kinases métabolisés - substrats à risque du CYP3A4
INT_00761,Précaution d'emploi,Augmentation du risque hémorragique.,Surveillance clinique.,,inhibiteurs de tyrosine kinases métabolisés - substrats à risque du CYP3A4
INT_00762,Précaution d'emploi,Augmentation du risque hémorragique.,Surveillance clinique.,,inhibiteurs de tyrosine kinases métabolisés - substrats à risque du CYP3A4
INT_00763,Précaution d'emploi,Augmentation du risque hémorragique.,Surveillance clinique.,,inhibiteurs de tyrosine kinases métabolisés - substrats à risque du CYP3A4
INT_00764,A prendre en compte,Risque majoré de rhabdomyolyse.,,,inhibiteurs de tyrosine kinases métabolisés - substrats à risque du CYP3A4
INT_00765,A prendre en compte,"Augmentation des concentrations de cocaïne par diminution de son métabolisme par le disulfirame, avec risque majoré de survenue de torsades de pointes.",,,substances susceptibles de donner des torsades de pointes - torsadogènes
INT_00766,Association DECONSEILLEE,Risque d’inefficacité de l’opiacé par inhibition de son métabolisme par l’inhibiteur.,,,analgésiques morphiniques agonistes - analgésiques morphiniques de palier
INT_00767,Association DECONSEILLEE,Risque d’inefficacité de l’opiacé par inhibition de son métabolisme par l’inhibiteur.,,,analgésiques morphiniques agonistes - analgésiques morphiniques de palier
INT_00768,Association DECONSEILLEE,Risque d’inefficacité de l’opiacé par inhibition de son métabolisme par l’inhibiteur.,,,analgésiques morphiniques agonistes - analgésiques morphiniques de palier
INT_00769,Association DECONSEILLEE,Diminution de l’efficacité de l’opiacé par inhibition de son métabolisme par l’inhibiteur.,,,analgésiques morphiniques agonistes - analgésiques morphiniques de palier
INT_00770,Association DECONSEILLEE,Diminution de l’efficacité de l’opiacé par inhibition de son métabolisme par l’inhibiteur.,,,analgésiques morphiniques agonistes - analgésiques morphiniques de palier
INT_00771,Association DECONSEILLEE,Diminution de l’efficacité de l’opiacé par inhibition de son métabolisme par l’inhibiteur.,,,analgésiques morphiniques agonistes - analgésiques morphiniques de palier
INT_00772,Association DECONSEILLEE,Risque d’inefficacité de l’opiacé par inhibition de son métabolisme par l’inhibiteur.,,,analgésiques morphiniques agonistes - analgésiques morphiniques de palier
INT_00773,Contre-indication,"Augmentation des effets indésirables de la colchicine, aux conséquences potentiellement fatales.","Contre-indication : - avec les macrolides Association déconseillée : - avec les antifongiques azolés, les inhibiteurs de protéases boostés par ritonavir et le cobicistat",Yes,médicaments à l'origine d'atteintes musculaires
INT_00774,Contre-indication,"Augmentation des effets indésirables de la colchicine, aux conséquences potentiellement fatales.",,,médicaments à l'origine d'atteintes musculaires
INT_00775,Contre-indication,Augmentation des concentrations plasmatiques de la colchicine par diminution de son métabolisme hépatique par la bithérapie.,"Contre-indication: - chez les patients insuffisants rénaux et/ou hépatiques. Association déconseillée - chez les patients ayant une fonction rénale et hépatique normale. Si l’association s'avère nécessaire, une réduction de la dose de colchicine ou une interruption du traitement par la colchicine est recommandée.",Yes,médicaments à l'origine d'atteintes musculaires
INT_00776,Contre-indication,Augmentation des effets indésirables de la colchicine aux conséquences potentiellement fatales.,,,médicaments à l'origine d'atteintes musculaires
INT_00777,Association DECONSEILLEE,"Risque d’addition des effets indésirables neuromusculaires et augmentation de la toxicité de la colchicine avec risque de surdosage par inhibition de son élimination par la ciclosporine, notamment en cas d’insuffisance rénale préexistante.",,,médicaments à l'origine d'atteintes musculaires
INT_00778,Association DECONSEILLEE,"Augmentation des effets indésirables de la colchicine, aux conséquences potentiellement fatales.",,,médicaments à l'origine d'atteintes musculaires
INT_00779,Association DECONSEILLEE,"Risque de majoration des effets indésirables de la colchicine, par augmentation de ses concentrations plasmatiques par le vérapamil.",,,médicaments à l'origine d'atteintes musculaires
INT_00780,Précaution d'emploi,Augmentation de l'effet de l'antivitamine K et du risque hémorragique.,Contrôle plus fréquent de l'INR. Adaptation éventuelle de la posologie de l'antivitamine K pendant le traitement par la colchicine et 8 jours après son arrêt.,,médicaments à l'origine d'atteintes musculaires
INT_00781,Précaution d'emploi,"Risque de majoration des effets indésirables musculaires de ces substances, et notamment de rhabdomyolyse.","Surveillance clinique et biologique, particulièrement au début de l’association.",,médicaments à l'origine d'atteintes musculaires
INT_00782,Précaution d'emploi,"Risque de majoration des effets indésirables musculaires de ces substances, et notamment de rhabdomyolyse.","Surveillance clinique et biologique, notamment au début de l'association.",,médicaments à l'origine d'atteintes musculaires
INT_00783,Précaution d'emploi,Risque d’augmentation des concentrations plasmatiques de la colchicine par augmentation de son absorption intestinale par le ponatinib.,Surveillance clinique et biologique étroite pendant l’association.,,médicaments à l'origine d'atteintes musculaires
INT_00784,Précaution d'emploi,"Risque d’augmentation des effets indésirables de la colchicine, aux conséquences potentiellement fatales.",Surveillance clinique et biologique étroite pendant l’association.,,médicaments à l'origine d'atteintes musculaires
INT_00785,Précaution d'emploi,"Potentialisation des curares lorque l'antibiotique est administré par voie parentérale et/ou péritonéale avant, pendant ou après l'agent curarisant.",Surveiller le degré de curarisation en fin d'anesthésie.,,médicaments néphrotoxiques
INT_00786,Association DECONSEILLEE,Risque de moindre efficacité du mifamurtide.,,,
INT_00787,A prendre en compte,"Décrit chez des patients HIV. Risque d’insuffisance surrénale aiguë, même en cas d’injection unique. L’articulation peut constituer un réservoir relarguant de façon continue le corticoïde CYP3A4-dépendant dans la circulation générale, avec augmentation possiblement très importante des concentrations du corticoïde à l’origine d’une freination de la réponse hypothalamo-hypophysaire.",Préférer un corticoïde non CYP3A4-dépendant (hydrocortisone),,
INT_00788,Association DECONSEILLEE,"En cas d’utilisation prolongée par voie orale ou inhalée : augmentation des concentrations plasmatiques du corticoïde par diminution de son métabolisme hépatique par l’inhibiteur, avec risque d’apparition d’un syndrome cushingoïde voire d’une insuffisance surrénalienne.",Préférer un corticoïde non métabolisé.,,
INT_00789,Association DECONSEILLEE,Risque d’augmentation des concentrations plasmatiques d’ibrutinib par diminution de son métabolisme hépatique par le crizotinib.,"Si l’association ne peut être évitée, surveillance clinique étroite et réduction de la dose d’ibrutinib à 280 mg par jour pendant la durée de l’association.",,bradycardisants - inhibiteurs de tyrosine kinases métabolisés - substances
INT_00790,Association DECONSEILLEE,"Risque majoré de troubles du rythme ventriculaire, notamment de torsades de pointes.","Contre-indication : - avec le citalopram, la dompéridone, l'escitalopram, l'hydroxyzine et la pipéraquine. Association déconseillée: - avec les autres médicaments susceptibles de donner des torsades de pointes. Si l’association ne peut être évitée, contrôle clinique et électrocardiographique régulier.",,bradycardisants - inhibiteurs de tyrosine kinases métabolisés - substances
INT_00791,Association DECONSEILLEE,Risque de majoration de la toxicité de ces molécules par diminution de leur métabolisme et/ou augmentation de leur biodisponibilité par le crizotinib.,,,bradycardisants - inhibiteurs de tyrosine kinases métabolisés - substances
INT_00792,Précaution d'emploi,"Potentialisation des curares lorque l'antibiotique est administré par voie parentérale et/ou péritonéale avant, pendant ou après l'agent curarisant.",Surveiller le degré de curarisation en fin d'anesthésie.,,
INT_00793,Précaution d'emploi,"Potentialisation des curares lorque l'antibiotique est administré par voie parentérale et/ou péritonéale avant, pendant ou après l'agent curarisant.",Surveiller le degré de curarisation en fin d'anesthésie.,,
INT_00794,Précaution d'emploi,"Potentialisation des curares lorque l'antibiotique est administré par voie parentérale et/ou péritonéale avant, pendant ou après l'agent curarisant.",Surveiller le degré de curarisation en fin d'anesthésie.,,
INT_00795,Précaution d'emploi,"Potentialisation des curares lorque l'antibiotique est administré par voie parentérale et/ou péritonéale avant, pendant ou après l'agent curarisant.",Surveiller le degré de curarisation en fin d'anesthésie.,,
INT_00796,A prendre en compte,"Avec les glucocorticoïdes par voie IV : risque de myopathie sévère, réversible après un délai éventuellement long (plusieurs mois).",,,
INT_00797,A prendre en compte,"Risque de carence en cyanocobalamine après traitement prolongé (quelques années), la réduction de l’acidité gastrique par ces médicaments pouvant diminuer l’absorption digestive de la vitamine B12.",,,
INT_00798,A prendre en compte,"Risque de carence en cyanocobalamine après traitement prolongé (quelques années), la réduction de l’acidité gastrique par ces médicaments pouvant diminuer l’absorption digestive de la vitamine B12.",,,
INT_00799,Contre-indication,Risque d'hypertension intracrânienne.,,,
INT_00800,Contre-indication,"En cas d'apport de 10,000 UI/j et plus : risque d’hypertension intracrânienne.",,,
INT_00801,Précaution d'emploi,"Augmentation de l'effet de l'antivitamine K et du risque hémorragique (pour la tigécycline, effet direct sur la coagulation et/ou les systèmes fibrinolytiques).",Contrôle plus fréquent de l'INR. Adaptation éventuelle de la posologie de l'antivitamine K pendant le traitement par la cycline et après son arrêt.,,
INT_00802,Précaution d'emploi,Diminution de l'absorption digestive des cyclines.,"Prendre les sels de calcium à distance des cyclines (plus de deux heures, si possible).",,
INT_00803,Précaution d'emploi,Diminution de l'absorption digestive des cyclines et du fer,"Prendre les sels de fer à distance des cyclines (plus de 2 heures, si possible).",,
INT_00804,Précaution d'emploi,Diminution de l'absorption digestive du strontium.,"Prendre le strontium à distance des cyclines (plus de deux heures, si possible).",,
INT_00805,Précaution d'emploi,Diminution de l'absorption digestive des cyclines.,Prendre les sels de zinc à distance des cyclines (plus de 2 heures si possible).,,
INT_00806,Contre-indication,"Risque d’augmentation des concentrations plasmatiques du métabolite actif du cyclophosphamide par le millepertuis, et donc de sa toxicité.",,,cytotoxiques
INT_00807,Association DECONSEILLEE,"Risque d’augmentation des concentrations plasmatiques du métabolite actif du cyclophosphamide par l'inducteur, et donc de sa toxicité.",,,cytotoxiques
INT_00808,Association DECONSEILLEE,Majoration du risque de toxicité pulmonaire pouvant être fatale.,,,cytotoxiques
INT_00809,A prendre en compte,Risque de diminution de l'efficacité de l'antidépresseur.,,,médicaments atropiniques - médicaments sédatifs
INT_00810,Contre-indication,"Risque de diminution de l'efficacité de la cyprotérone, par augmentation de son métabolisme hépatique par le millepertuis.",,,médicaments à l'origine d'un hypogonadisme masculin
INT_00811,Association DECONSEILLEE,Risque de diminution de l'efficacité de la cyprotérone.,"Association déconseillée: - dans son utilisation comme contraceptif hormonal: utiliser de préférence une autre méthode de contraception en particulier de type mécanique, pendant la durée de l'association et un cycle suivant. Précaution d'emploi - dans ses indications comme anti-androgène: surveillance clinique et adaptation éventuelle de la posologie de la cyprotérone pendant l'association et après son arrêt.",Yes,médicaments à l'origine d'un hypogonadisme masculin
INT_00812,Association DECONSEILLEE,Risque de diminution de l'efficacité de la cyprotérone.,"Association déconseillée - dans son utilisation comme contraceptif hormonal: utiliser de préférence une autre méthode de contraception en particulier de type mécanique, pendant la durée de l'association et un cycle suivant. Précaution d'emploi - dans ses indications comme anti-androgène: surveillance clinique et adaptation éventuelle de la posologie de la cyprotérone pendant l'association et après son arrêt.",Yes,médicaments à l'origine d'un hypogonadisme masculin
INT_00813,Association DECONSEILLEE,"Pour des doses de pérampanel > ou = à 12 mg/jour, risque de diminution de l'efficacité de la cyprotérone.","Dans son utilisation comme contraceptif hormonal: utiliser de préférence une autre méthode de contraception en particulier de type mécanique, pendant la durée de l'association et un cycle suivant.",,médicaments à l'origine d'un hypogonadisme masculin
INT_00814,Association DECONSEILLEE,"Dans l'indication contraception d'urgence de l'ulipristal : Antagonisme des effets de l’ulipristal en cas de reprise d’un contraceptif hormonal moins de 5 jours après la prise de la contraception d’urgence. Dans l’indication fibrome de l'ulipristal : Antagonisme réciproque des effets de l’ulipristal et du progestatif, avec risque d’inefficacité.","Association déconseillée Dans l'utilisation à visée contraceptive de la cyprotérone - Dans l'indication contraception d'urgence de l'ulipristal Dans le cas où la (re)prise d’une contraception hormonale est envisagée, utiliser une contraception additionnelle de type mécanique pendant les 12 jours qui suivent la (dernière) prise de l’ulipristal (au cas où il y en aurait eu plus d’une). - Dans l’indication fibrome de l'ulipristal : Dans le cas où la (re)prise d’une contraception hormonale est envisagée, utiliser une contraception de type mécanique pendant les 7 premiers jours de la contraception hormonale. Association à prendre en compte Lorsque la cyprotérone n'est pas à visée contraceptive.",Yes,médicaments à l'origine d'un hypogonadisme masculin
INT_00815,Précaution d'emploi,Risque de diminution des concentrations de la cyprotérone avec risque de moindre efficacité contraceptive.,"Dans son utilisation comme contraceptif hormonal : Utiliser une méthode de contraception fiable, additionnelle ou alternative, pendant la durée de l'association.",,médicaments à l'origine d'un hypogonadisme masculin
INT_00816,Précaution d'emploi,Risque de diminution de l'efficacité de la cyprotérone.,"Dans ses indications comme anti-androgène, surveillance clinique et si possible adaptation de la posologie de la cyprotérone pendant l'administration avec le bosentan et après son arrêt. Dans son utilisation comme contraceptif hormonal, utiliser une méthode de contraception fiable, additionnelle ou alternative pendant la durée de l'association.",,médicaments à l'origine d'un hypogonadisme masculin
INT_00817,Contre-indication,Risque de maladie vaccinale généralisée éventuellement mortelle.,"- Et pendant les 6 mois suivant l'arrêt de la chimiothérapie. - Et, à l'exception de l'hydroxycarbamide dans son indication chez le patient drépanocytaire.",,
INT_00818,Association DECONSEILLEE,Risque de majoration de l’effet myélosuppresseur du cytotoxique,,,
INT_00819,Association DECONSEILLEE,"Risque de survenue de convulsions par diminution de l'absorption digestive de la seule phénytoïne par le cytotoxique, ou bien risque de majoration de la toxicité ou de perte d'efficacité du cytotoxique par augmentation de son métabolisme hépatique par la phénytoïne ou la fosphénytoïne.",,,
INT_00820,Précaution d'emploi,"Augmentation du risque thrombotique et hémorragique au cours des affections tumorales. De surcroit, possible interaction entre les AVK et la chimiothérapie.",Contrôle plus fréquent de l'INR.,,
INT_00821,A prendre en compte,Risque de majoration de la toxicité hématologique,,,
INT_00822,A prendre en compte,Immunodépression excessive avec risque de syndrome lympho- prolifératif.,,,
INT_00823,Contre-indication,"Augmentation de plus du double des concentrations plasmatiques de dabigatran, avec majoration du risque de saignement.",,,anticoagulants oraux
INT_00824,Contre-indication,"Doublement des concentrations plasmatiques de dabigatran, avec majoration du risque de saignement.",,,anticoagulants oraux
INT_00825,Contre-indication,"Doublement des concentrations plasmatiques de dabigatran, avec majoration du risque de saignements.",,,anticoagulants oraux
INT_00826,Contre-indication,"Augmentation de plus du double des concentrations plasmatiques de dabigatran, avec majoration du risque de saignement.",,,anticoagulants oraux
INT_00827,Contre-indication,"Augmentation de plus du double des concentrations plasmatiques de dabigatran, avec majoration du risque de saignement.",,,anticoagulants oraux
INT_00828,Association DECONSEILLEE,"Diminution des concentrations plasmatiques de dabigatran, avec risque de diminution de l'effet thérapeutique.",,,anticoagulants oraux
INT_00829,Association DECONSEILLEE,"Diminution des concentrations plasmatiques de dabigatran, avec risque de diminution de l'effet thérapeutique.",,,anticoagulants oraux
INT_00830,Association DECONSEILLEE,Risque d'augmentation des concentrations plasmatiques de dabigatran.,,,anticoagulants oraux
INT_00831,Précaution d'emploi,"Augmentation des concentrations plasmatiques de dabigatran, avec majoration du risque de saignement.","Dans l'indication post-chirurgicale : surveillance clinique et adaptation de la posologie du dabigatran si nécessaire, sans excéder 150 mg/j.",,anticoagulants oraux
INT_00832,Précaution d'emploi,Risque d’augmentation des concentrations plasmatiques du dabigatran par augmentation de son absorption intestinale par le ponatinib.,Surveillance clinique et biologique étroite pendant l’association.,,anticoagulants oraux
INT_00833,Précaution d'emploi,"Augmentation des concentrations plasmatiques de dabigatran, avec majoration du risque de saignement.",Dans l'indication post-chirurgicale : surveillance clinique et adaptation de la posologie du dabigatran à 150 mg/j en une prise.,,anticoagulants oraux
INT_00834,Précaution d'emploi,Risque d’augmentation des concentrations plasmatiques du dabigatran par augmentation de son absorption intestinale par le rolapitant.,Surveillance clinique et biologique étroite pendant l’association.,,anticoagulants oraux
INT_00835,Précaution d'emploi,"Augmentation des concentrations plasmatiques de dabigatran, avec majoration du risque de saignement.","Dans l'indication post-chirurgicale : surveillance clinique et adaptation de la posologie du dabigatran à 150 mg/j en une prise, voire 75 mg/j en cas d'insuffisance rénale modérée. Dans l'indication fibrillation auriculaire : surveillance clinique et adaptation de la posologie du dabigatran à 220 mg/j en deux prises.",,anticoagulants oraux
INT_00836,A prendre en compte,"Augmentation des concentrations plasmatiques de dabigatran, avec majoration du risque de saignement.",,,anticoagulants oraux
INT_00837,Précaution d'emploi,Avec la dacarbazine à doses élevées : risque de toxicité pulmonaire (syndrome de détresse respiratoire aiguë de l'adulte).,Ne pas utiliser simultanément mais respecter un délai d'une semaine entre la dernière administration de fotémustine et le premier jour de la cure de dacarbazine.,,cytotoxiques
INT_00838,Contre-indication,Ergotisme avec possibilité de nécrose des extrémités (inhibition du métabolisme hépatique de l'alcaloïde de l'ergot de seigle).,,,
INT_00839,Contre-indication,Ergotisme avec possibilité de nécrose des extrémités (inhibition du métabolisme hépatique de l'alcaloïde de l'ergot de seigle).,,,
INT_00840,Association DECONSEILLEE,"Risque majoré de troubles du rythme ventriculaire, notamment de torsades de pointes.",,,
INT_00841,Précaution d'emploi,Augmentation des concentrations sanguines de l'immunosuppresseur par inhibition de son métabolisme hépatique.,"Dosage des concentrations sanguines de l'immunosuppresseur, contrôle de la fonction rénale et adaptation de la posologie pendant l'association et après son arrêt.",,
INT_00842,Contre-indication,Risque majoré d'effets indésirables (concentration-dépendants) à type de rhabdomyolyse par diminution du métabolisme de la simvastatine.,,,
INT_00843,Association DECONSEILLEE,Effet diabétogène du danazol.,"Si l'association ne peut être évitée, prévenir le patient et renforcer l'autosurveillance glycémique. Adapter éventuellement la posologie de l'insuline pendant le traitement par le danazol et après son arrêt.",,
INT_00844,Association DECONSEILLEE,Effet diabétogène du danazol.,"Si l'association ne peut être évitée, prévenir le patient et renforcer l'autosurveillance glycémique. Adapter éventuellement la posologie de l'antidiabétique pendant le traitement par le danazol et après son arrêt.",,
INT_00845,Précaution d'emploi,Augmentation du risque hémorragique par effet direct sur la coagulation et/ou les systèmes fibrinolytiques.,Contrôle plus fréquent de l’INR. Adaptation de la posologie de l’antivitamine K pendant le traitement par le danazol et après son arrêt.,,
INT_00846,Précaution d'emploi,"Augmentation des concentrations plasmatiques de carbamazépine, avec signes de surdosage.",Surveillance clinique et réduction éventuelle de la posologie de la carbamazépine.,,
INT_00847,Précaution d'emploi,Augmentation des concentrations sanguines de ciclosporine par inhibition de son métabolisme hépatique.,"Dosage des concentrations sanguines de ciclosporine, contrôle de la fonction rénale et adaptation de la posologie pendant l’association et après son arrêt.",,
INT_00848,Précaution d'emploi,Augmentation des concentrations sanguines du tacrolimus par inhibition de son métabolisme hépatique.,"Dosage des concentrations sanguines du tacrolimus et adaptation de sa posologie pendant l'association et après son arrêt, avec contrôle de la fonction rénale.",,
INT_00849,Contre-indication,"Avec le dantrolène administré par perfusion : chez l'animal, des cas de fibrillations ventriculaires mortelles sont constamment observés lors de l'administration de vérapamil et de dantrolène par voie IV. L'association d'un antagoniste du calcium et de dantrolène est donc potentiellement dangereuse. Cependant, quelques patients ont reçu l'association nifédipine et dantrolène sans inconvénient.",,,
INT_00850,Contre-indication,"Avec le dantrolène administré par perfusion : chez l'animal, des cas de fibrillations ventriculaires mortelles sont constamment observés lors de l'administration de vérapamil et de dantrolène par voie IV. L'association d'un antagoniste du calcium et de dantrolène est donc potentiellement dangereuse. Cependant, quelques patients ont reçu l'association nifédipine et dantrolène sans inconvénient.",,,
INT_00851,Association DECONSEILLEE,"Avec le dantrolène administré par perfusion : chez l'animal des cas de fibrillations ventriculaires mortelles sont constamment observés lors de l'administration de vérapamil et de dantrolène IV. L'association d'un antagoniste du calcium et de dantrolène est donc potentiellement dangereuse. Cependant, quelques patients ont reçu l'association nifédipine et dantrolène sans inconvénient.",,,
INT_00852,Contre-indication,"Risque de majoration des effets indésirables, notamment à type de vertiges ou de syncopes.",,,inhibiteurs sélectifs de la recapture de la sérotonine - médicaments sédatifs
INT_00853,Association DECONSEILLEE,"Risque de majoration des effets indésirables, notamment à type de vertiges ou de syncopes.",Association déconseillée - avec les inhibiteurs de la phosphodiestérase de type 5 A prendre en compte - avec les autres classes thérapeutiques,Yes,inhibiteurs sélectifs de la recapture de la sérotonine - médicaments sédatifs
INT_00854,Précaution d'emploi,Augmentation de la toxicité hématologique (addition d'effets de toxicité médullaire).,Contrôle plus fréquent de l'hémogramme.,,médicaments méthémoglobinisants
INT_00855,Association DECONSEILLEE,Risque d’addition des effets indésirables (dose-dépendant) à type de rhabdomyolyse.,"Si l’association ne peut être évitée, renforcer la surveillance biologique (dosage des CPK plus d’une fois par semaine) et surveillance clinique étroite.",,médicaments à l'origine d'atteintes musculaires
INT_00856,Précaution d'emploi,"Augmentation des concentrations plasmatiques du métoprolol, avec risque de surdosage, par diminution de son métabolisme hépatique par la darifénacine.",Surveillance clinique et réduction de la posologie du métoprolol pendant le traitement par darifénacine.,,antispasmodiques urinaires - médicaments atropiniques
INT_00857,Précaution d'emploi,"Augmentation des concentrations plasmatiques de propafénone, avec risque de surdosage, par diminution de son métabolisme hépatique par la darifénacine.",Surveillance clinique et réduction de la posologie de la propafénone pendant le traitement par darifénacine.,,antispasmodiques urinaires - médicaments atropiniques
INT_00858,Association DECONSEILLEE,Diminution des concentrations plasmatiques de dalorutamide avec risque de perte d’efficacité.,,,
INT_00859,Association DECONSEILLEE,Diminution des concentrations plasmatiques de dalorutamide avec risque de perte d’efficacité.,,,
INT_00860,Association DECONSEILLEE,"Augmentation considérable (d’un facteur 5) des concentrations de rosuvastatine avec risque de rhabdomyolyse et/ou de néphrotoxicité, par augmentation de sa biodisponibilité.",,,
INT_00861,Association DECONSEILLEE,Risque de diminution des concentrations plasmatiques du darunavir par l’étravirine.,,,inhibiteurs de protéases boostés par ritonavir
INT_00862,Contre-indication,Augmentation de l’hépatotoxicité.,,,
INT_00863,Contre-indication,Risque d’augmentation des concentrations plasmatiques du dasabuvir par le gemfibrozil.,,,
INT_00864,Contre-indication,Risque de diminution des concentrations plasmatiques du dasabuvir par l’inducteur.,,,
INT_00865,Contre-indication,Risque de diminution des concentrations plasmatiques du dasabuvir par le millepertuis.,,,
INT_00866,Contre-indication,Risque de diminution des concentrations plasmatiques du dasabuvir par le mitotane.,,,
INT_00867,Contre-indication,Risque d'hyperchélation.,,,
INT_00868,Contre-indication,Risque d'hyperchélation.,,,
INT_00869,Association DECONSEILLEE,"Risque d’augmentation des concentrations plasmatique de répaglinide, par inhibition de son métabolisme hépatique par le deferasirox.","Si l’association ne peut être évitée, surveillance clinique et biologique étroite.",,
INT_00870,Précaution d'emploi,Risque de diminution des concentrations plasmatiques de déférasirox.,"Surveiller la ferritinémie pendant et après le traitement par l’inducteur enzymatique. Si besoin, adaptation de la posologie de déférasirox.",,
INT_00871,Précaution d'emploi,Risque d’augmentation des concentrations plasmatiques du paclitaxel par inhibition de son métabolisme hépatique par le deferasirox.,Surveillance clinique et biologique étroite.,,
INT_00872,Précaution d'emploi,Risque de diminution des concentrations plasmatiques de déférasirox.,"Surveiller la ferritinémie pendant et après le traitement par l’inducteur enzymatique. Si besoin, adaptation de la posologie de déférasirox.",,
INT_00873,Précaution d'emploi,Risque d’augmentation des effets indésirables du sélexipag par diminution de son métabolisme.,Surveillance clinique étroite pendant l’association. Réduire de moitié la posologie (une seule prise par jour).,,
INT_00874,A prendre en compte,Majoration du risque ulcérogène et hémorragique digestif.,A prendre en compte : - Pour des doses anti-inflammatoires d'acide acétylsalicylique ( 1g par prise et/ou 3g par jour) - Pour des doses antalgiques ou antipyrétiques d'acide acétylsalicylique ( 500 mg par prise et/ou <3g par jour) et ( 500 mg par prise et/ou <3g par jour),,
INT_00875,A prendre en compte,Majoration du risque ulcérogène et hémorragique digestif.,,,
INT_00876,A prendre en compte,Majoration du risque ulcérogène et hémorragique digestif.,,,
INT_00877,A prendre en compte,Risque d’augmentation de la toxicité du busulfan par diminution de sa clairance par le déférasirox.,,,
INT_00878,Précaution d'emploi,Risque d'augmentation des effets indésirables de la désipramine par diminution de son métabolisme hépatique par le bupropion.,"Surveillance clinique. Si besoin, adaptation de la posologie de la désipramine pendant le traitement par le bupropion.",,
INT_00879,Contre-indication,"Avec la dexaméthasone par voie systémique (sauf en cas de prise unique), risque de diminution des concentrations plasmatiques de rilpivirine par augmentation de son métabolisme hépatique par la dexamethasone.",,,"corticoïdes - corticoïdes (voie intra-articulaire) - corticoïdes métabolisés, notamment"
INT_00880,Précaution d'emploi,"Diminution des concentrations plasmatiques du praziquantel, avec risque d'échec du traitement, par augmentation du métabolisme hépatique du praziquantel par la dexaméthasone.",Décaler l'administration des deux médicaments d'au moins une semaine.,,"corticoïdes - corticoïdes (voie intra-articulaire) - corticoïdes métabolisés, notamment"
INT_00881,Association DECONSEILLEE,Augmentation du risque hémorragique (inhibition de la fonction plaquettaire par le dextran 40).,,,
INT_00882,Contre-indication,"Augmentation très importante des concentrations plasmatiques de dextrométhorphane avec risque de surdosage, par diminution de son métabolisme hépatique par le cinacalcet.",,,antitussifs morphine-like - morphiniques - médicaments sédatifs
INT_00883,Contre-indication,"Risque d'apparition d'un syndrome sérotoninergique : diarrhée, tachycardie, sueurs, tremblements, confusion voire coma.",,,antitussifs morphine-like - morphiniques - médicaments sédatifs
INT_00884,Association DECONSEILLEE,"Risque d'apparition d'un syndrome sérotoninergique : diarrhée, tachycardie, sueurs, tremblements, confusion voire coma.",,,antitussifs morphine-like - morphiniques - médicaments sédatifs
INT_00885,Précaution d'emploi,Avec la cimétidine utilisée à des doses supérieures ou égales à 800 mg/j : risque accru de somnolence.,Avertir les patients de l'augmentation du risque en cas de conduite automobile ou d'utilisation de machines.,,benzodiazépines et apparentés - médicaments sédatifs
INT_00886,Précaution d'emploi,"Variations imprévisibles : les concentrations plasmatiques de phénytoïne peuvent augmenter, avec signes de surdosage, mais aussi diminuer ou rester stables.",Surveillance clinique et contrôle des concentrations plasmatiques de phénytoïne.,,benzodiazépines et apparentés - médicaments sédatifs
INT_00887,Précaution d'emploi,"Augmentation des concentrations plasmatiques du diazépam, avec risque de surdosage, par inhibition de son métabolisme hépatique.","Surveillance clinique et dosage plasmatique, lorsque cela est possible, de l'anticonvulsivant associé au stiripentol et éventuelle adaptation posologique de l'anticonvulsivant associé.",,benzodiazépines et apparentés - médicaments sédatifs
INT_00888,A prendre en compte,Risque de majoration des effets indésirables de la buspirone.,,,benzodiazépines et apparentés - médicaments sédatifs
INT_00889,Association DECONSEILLEE,Augmentation des concentrations plasmatiques de didanosine et de ses effets indésirables.,,,
INT_00890,Association DECONSEILLEE,"Risque d'augmentation des effets indésirables de la didanosine, et notamment la toxicité mitochondriale, par augmentation importante de ses concentrations. De plus risque de diminution de l'efficacité du ganciclovir par diminution de ses concentrations, si les deux médicaments sont ingérés à moins de 2 heures d'intervalle.",,,
INT_00891,Association DECONSEILLEE,Risque de majoration de la toxicité mitochondriale de la didanosine par augmentation de son métabolite actif.,,,
INT_00892,Association DECONSEILLEE,"Risque d'échec du traitement antirétroviral, voire émergence de résistances. De plus, majoration du risque de la toxicité mitochondriale de la didanosine.",,,
INT_00893,Précaution d'emploi,Risque majoré de survenue de pancréatite par addition d'effets indésirables.,Surveillance de l'amylasémie. Ne pas associer si l'amylasémie est à la limite supérieure de la normale.,,
INT_00894,Précaution d'emploi,Risque majoré de survenue de neuropathies périphériques par addition d'effets indésirables.,"Surveillance clinique et biologique régulière, notamment en début d'association.",,
INT_00895,Contre-indication,"Risque de troubles du rythme graves, voire mortels avec les sels de calcium administrés par voie IV.","Contre-indication : - avec les sels de calcium IV, hormis supplémentation parentérale. Précaution d'emploi : - avec les sels de calcium par voie orale. Surveillance clinique et, s'il y a lieu, contrôle de l'ECG et de la calcémie.",Yes,"bradycardisants - substances à absorption réduite par les topiques gastro-intestinaux,"
INT_00896,Contre-indication,"Diminution de la digoxinémie, en raison de l'effet inducteur du millepertuis, avec risque de baisse d'efficacité voire d'annulation de l'effet, dont les conséquences peuvent être éventuellement graves (décompensation d'une insuffisance cardiaque).","En cas d'association fortuite, ne pas interrompre brutalement la prise de millepertuis mais contrôler les concentrations plasmatiques (ou l'efficacité) de la digoxine avant puis après l'arrêt du millepertuis.",,"bradycardisants - substances à absorption réduite par les topiques gastro-intestinaux,"
INT_00897,Association DECONSEILLEE,"Dépression de l'automatisme (bradycardie excessive) et troubles de la conduction auriculo-ventriculaire. En outre, augmentation de la digoxinémie par diminution du métabolisme de la digoxine. Surveillance clinique et ECG.",Réduire de moitié les doses de digoxine.,,"bradycardisants - substances à absorption réduite par les topiques gastro-intestinaux,"
INT_00898,Association DECONSEILLEE,Troubles de l'automatisme (majoration de l'effet bradycardisant de la midodrine) et troubles de la conduction auriculo-ventriculaire.,"Si cette association ne peut être évitée, renforcer la surveillance clinique et ECG.",,"bradycardisants - substances à absorption réduite par les topiques gastro-intestinaux,"
INT_00899,Précaution d'emploi,"Dépression de l'automatisme (bradycardie excessive) et troubles de la conduction auriculo-ventriculaire. De plus, augmentation de la digoxinémie par diminution de la clairance de la digoxine.","Surveillance clinique, ECG et, s'il y a lieu, contrôle de la digoxinémie et adaptation de la posologie de la digoxine.",,"bradycardisants - substances à absorption réduite par les topiques gastro-intestinaux,"
INT_00900,Précaution d'emploi,Augmentation des concentrations plasmatiques de carbamazépine et diminution de la digoxinémie.,Prudence dans l'interprétation des concentrations plasmatiques.,,"bradycardisants - substances à absorption réduite par les topiques gastro-intestinaux,"
INT_00901,Précaution d'emploi,Augmentation des concentrations plasmatiques de la digoxine par la bithérapie.,Surveillance clinique et éventuellement de la digoxinémie pendant le traitement par glécaprévir/ pibrentasvir.,,"bradycardisants - substances à absorption réduite par les topiques gastro-intestinaux,"
INT_00902,Précaution d'emploi,"Augmentation de la digoxinémie par diminution de la clairance rénale de la digoxine. De plus, troubles de l'automatisme (bradycardie excessive et troubles de la conduction auriculo- ventriculaire).","Surveillance clinique et ECG. En cas de réponse inattendue, contrôler la digoxinémie et adapter la posologie.",,"bradycardisants - substances à absorption réduite par les topiques gastro-intestinaux,"
INT_00903,Précaution d'emploi,Hypokaliémie favorisant les effets toxiques des digitaliques.,"Corriger auparavant toute hypokaliémie et réaliser une surveillance clinique, électrolytique et électrocardiographique.",,"bradycardisants - substances à absorption réduite par les topiques gastro-intestinaux,"
INT_00904,Précaution d'emploi,"Augmentation de la digoxinémie, plus marquée pour la voie intraveineuse, par augmentation de l’absorption de la digoxine ou diminution de sa clairance rénale.","Surveillance clinique et, s’il y a lieu, de l’ECG et de la digoxinémie, avec adaptation éventuelle de la posologie de digoxine.",,"bradycardisants - substances à absorption réduite par les topiques gastro-intestinaux,"
INT_00905,Précaution d'emploi,"Augmentation de la digoxinémie avec nausées, vomissements, troubles du rythme.","Surveillance clinique et, s'il y a lieu, de l'ECG et de la digoxinémie avec adaptation de la posologie de la digoxine pendant le traitement par l'itraconazole et après son arrêt.",,"bradycardisants - substances à absorption réduite par les topiques gastro-intestinaux,"
INT_00906,Précaution d'emploi,Augmentation de la digoxinémie par augmentation de son absorption.,Surveillance clinique et éventuellement de la digoxinémie pendant le traitement par le macrolide et après son arrêt.,,"bradycardisants - substances à absorption réduite par les topiques gastro-intestinaux,"
INT_00907,Précaution d'emploi,Augmentation modérée de la digoxinémie par majoration de son absorption par l'oméprazole.,"Surveillance clinique, ECG et de la digoxinémie, particulièrement chez le sujet âgé.",,"bradycardisants - substances à absorption réduite par les topiques gastro-intestinaux,"
INT_00908,Précaution d'emploi,Risque d’augmentation des concentrations plasmatiques de la digoxine par augmentation de son absorption intestinale par le ponatinib.,Surveillance clinique et biologique étroite pendant l’association.,,"bradycardisants - substances à absorption réduite par les topiques gastro-intestinaux,"
INT_00909,Précaution d'emploi,"Augmentation de la digoxinémie avec nausées, vomissements, troubles du rythme.","Surveillance clinique et, s'il y a lieu, de l'ECG et de la digoxinémie, avec adaptation de la posologie de la digoxine pendant le traitement par le posaconazole et après son arrêt.",,"bradycardisants - substances à absorption réduite par les topiques gastro-intestinaux,"
INT_00910,Précaution d'emploi,"Risque d’augmentation de la digoxinémie, notamment chez le sujet âgé.",Surveillance clinique et éventuellement de la digoxinémie pendant le traitement par propafénone et après son arrêt.,,"bradycardisants - substances à absorption réduite par les topiques gastro-intestinaux,"
INT_00911,Précaution d'emploi,"Augmentation de la digoxinémie par diminution de la clairance rénale de la digoxine. De plus, troubles de l'automatisme (bradycardie excessive et troubles de la conduction auriculo- ventriculaire).","Surveillance clinique et ECG. En cas de réponse inattendue, contrôler la digoxinémie et adapter la posologie.",,"bradycardisants - substances à absorption réduite par les topiques gastro-intestinaux,"
INT_00912,Précaution d'emploi,Augmentation modérée de la digoxinémie.,"Surveillance clinique et ECG, si besoin, avec adaptation éventuelle des doses de digoxine.",,"bradycardisants - substances à absorption réduite par les topiques gastro-intestinaux,"
INT_00913,Précaution d'emploi,Augmentation de la digoxinémie.,"Surveillance clinique, biologique et éventuellement ECG. Adaptation de la posologie de la digoxine, si besoin.",,"bradycardisants - substances à absorption réduite par les topiques gastro-intestinaux,"
INT_00914,Précaution d'emploi,Diminution modeste des concentrations de digoxine.,Surveillance clinique et ECG.,,"bradycardisants - substances à absorption réduite par les topiques gastro-intestinaux,"
INT_00915,Précaution d'emploi,Augmentation de la digoxinémie par majoration de son absorption.,Surveillance clinique et ECG pendant le traitement par le rolapitant et après son arrêt.,,"bradycardisants - substances à absorption réduite par les topiques gastro-intestinaux,"
INT_00916,Précaution d'emploi,Diminution de l'absorption digestive de la digoxine.,"Prendre le sucralfate à distance de la digoxine (plus de 2 heures, si possible).",,"bradycardisants - substances à absorption réduite par les topiques gastro-intestinaux,"
INT_00917,Précaution d'emploi,Diminution de la digoxinémie pouvant atteindre 50 %.,"Surveillance clinique, ECG et, éventuellement, de la digoxinémie. S'il y a lieu, adaptation de la posologie de la digoxine pendant le traitement par la sulfasalazine et après son arrêt.",,"bradycardisants - substances à absorption réduite par les topiques gastro-intestinaux,"
INT_00918,Précaution d'emploi,Augmentation de la digoxinémie par augmentation de son absorption.,Surveillance clinique et éventuellement de la digoxinémie pendant le traitement par la télithromycine et après son arrêt.,,"bradycardisants - substances à absorption réduite par les topiques gastro-intestinaux,"
INT_00919,Précaution d'emploi,Bradycardie excessive et bloc auriculo-ventriculaire par majoration des effets de la digoxine sur l'automatisme et la conduction et par diminution de l'élimination rénale et extrarénale de la digoxine.,"Surveillance clinique, ECG et, éventuellement, contrôle de la digoxinémie. S'il y a lieu, adaptation de la posologie de la digoxine pendant le traitement par le vérapamil et après son arrêt.",,"bradycardisants - substances à absorption réduite par les topiques gastro-intestinaux,"
INT_00920,A prendre en compte,"Troubles de l’automatisme (bradycardie, arrêt sinusal) et troubles de la conduction sino-auriculaire et auriculo-ventriculaire.",,,"bradycardisants - substances à absorption réduite par les topiques gastro-intestinaux,"
INT_00921,Contre-indication,Ergotisme avec possibilité de nécrose des extrémités (inhibition du métabolisme hépatique de l'alcaloïde de l'ergot de seigle).,,,alcaloïdes de l'ergot de seigle vasoconstricteurs - substrats à risque du CYP3A4
INT_00922,Contre-indication,Ergotisme avec possibilité de nécrose des extrémités (inhibition du métabolisme hépatique de l'alcaloïde de l'ergot de seigle).,,,alcaloïdes de l'ergot de seigle vasoconstricteurs - substrats à risque du CYP3A4
INT_00923,Contre-indication,Ergotisme avec possibilité de nécrose des extrémités (inhibition du métabolisme hépatique de l'alcaloïde de l'ergot de seigle).,,,alcaloïdes de l'ergot de seigle vasoconstricteurs - substrats à risque du CYP3A4
INT_00924,Contre-indication,Ergotisme avec possibilité de nécrose des extrémités (inhibition de l’élimination hépatique de l'alcaloïde de l’ergot de seigle).,,,alcaloïdes de l'ergot de seigle vasoconstricteurs - substrats à risque du CYP3A4
INT_00925,Contre-indication,Ergotisme avec possibilité de nécrose des extrémités (inhibition du métabolisme hépatique de l'alcaloïde de l'ergot de seigle).,,,alcaloïdes de l'ergot de seigle vasoconstricteurs - substrats à risque du CYP3A4
INT_00926,Contre-indication,Ergotisme avec possibilité de nécrose des extrémités (inhibition de l’élimination hépatique de l'alcaloïde de l’ergot de seigle).,,,alcaloïdes de l'ergot de seigle vasoconstricteurs - substrats à risque du CYP3A4
INT_00927,Contre-indication,Ergotisme avec possibilité de nécrose des extrémités (inhibition du métabolisme hépatique de l’alcaloïde de l’ergot de seigle).,"Respecter un délai de 24 heures entre l’arrêt du triclabendazole et la prise du médicament dérivé de l’ergot, et inversement.",,alcaloïdes de l'ergot de seigle vasoconstricteurs - substrats à risque du CYP3A4
INT_00928,Association DECONSEILLEE,"Avec le dantrolène administré par perfusion : chez l'animal des cas de fibrillations ventriculaires mortelles sont constamment observés lors de l'administration de vérapamil et de dantrolène IV. L'association d'un antagoniste du calcium et de dantrolène est donc potentiellement dangereuse. Cependant, quelques patients ont reçu l'association nifédipine et dantrolène sans inconvénient.",,,
INT_00929,A prendre en compte,"Hypotension, défaillance cardiaque chez les patients en insuffisance cardiaque latente ou non contrôlée (addition des effets inotropes négatifs). Le bêta-bloquant peut par ailleurs minimiser la réaction sympathique réflexe mise en jeu en cas de répercussion hémodynamique excessive.",,,
INT_00930,A prendre en compte,"Hypotension, défaillance cardiaque chez les malades en insuffisance cardiaque latente ou non contrôlée (effet inotrope négatif in vitro des dihydropyridines plus ou moins marqué et susceptibles de s'additionner aux effets inotropes négatifs des bêta- bloquants). La présence d'un traitement bêta-bloquant peut par ailleurs minimiser la réaction sympathique réflexe mise en jeu en cas de répercussion hémodynamique excessive.",,,
INT_00931,Contre-indication,"Avec le dantrolène administré par perfusion : chez l'animal, des cas de fibrillations ventriculaires mortelles sont constamment observés lors de l'administration de vérapamil et de dantrolène par voie IV. L'association d'un antagoniste du calcium et de dantrolène est donc potentiellement dangereuse. Cependant, quelques patients ont reçu l'association nifédipine et dantrolène sans inconvénient.",,,antagonistes des canaux calciques - antiarythmiques - antihypertenseurs sauf
INT_00932,Contre-indication,Ergotisme avec possibilité de nécrose des extrémités (inhibition du métabolisme hépatique de l'alcaloïde de l'ergot de seigle).,,,antagonistes des canaux calciques - antiarythmiques - antihypertenseurs sauf
INT_00933,Contre-indication,Ergotisme avec possibilité de nécrose des extrémités (inhibition du métabolisme hépatique de l'alcaloïde de l'ergot de seigle).,,,antagonistes des canaux calciques - antiarythmiques - antihypertenseurs sauf
INT_00934,Contre-indication,"Augmentation des concentrations plasmatiques de l’ivabradine et de ses effets indésirables, notamment cardiaques (inhibition de son métabolisme hépatique par le diltiazem), qui s’ajoutent aux effets bradycardisants de ces substances.",,,antagonistes des canaux calciques - antiarythmiques - antihypertenseurs sauf
INT_00935,Contre-indication,"Augmentation des concentrations de lomitapide, avec risque d’hépatotoxicité.",,,antagonistes des canaux calciques - antiarythmiques - antihypertenseurs sauf
INT_00936,Contre-indication,"Augmentation importantes des concentrations de nifédipine par diminution de son métabolisme hépatique par le diltiazem, avec risque d'hypotension sévère.",,,antagonistes des canaux calciques - antiarythmiques - antihypertenseurs sauf
INT_00937,Contre-indication,"Risque majoré de troubles du rythme ventriculaire, notamment de torsades de pointes.",,,antagonistes des canaux calciques - antiarythmiques - antihypertenseurs sauf
INT_00938,Association DECONSEILLEE,"Pour diltiazem voie injectable : risque de bradycardie et de bloc auriculo-ventriculaire Pour diltiazem per os : risque de bradycardie ou de bloc auriculo- ventriculaire, notamment chez les personnes âgées.","Association déconseillée avec : - le diltiazem IV Si l'association ne peut être évitée, surveillance clinique et ECG continu. Précaution d'emploi avec : - le diltiazem per os Surveillance clinique et ECG.",Yes,antagonistes des canaux calciques - antiarythmiques - antihypertenseurs sauf
INT_00939,Association DECONSEILLEE,"Troubles de l'automatisme (bradycardie excessive, arrêt sinusal), troubles de la conduction sino-auriculaire et auriculo-ventriculaire et défaillance cardiaque.","Une telle association ne doit se faire que sous surveillance clinique et ECG étroite, en particulier chez le sujet âgé ou en début de traitement.",,antagonistes des canaux calciques - antiarythmiques - antihypertenseurs sauf
INT_00940,Association DECONSEILLEE,"Effet inotrope négatif avec risque de décompensation de l’insuffisance cardiaque, troubles de l'automatisme (bradycardie, arrêt sinusal) et troubles de la conduction sino-auriculaire et auriculo-ventriculaire.",,,antagonistes des canaux calciques - antiarythmiques - antihypertenseurs sauf
INT_00941,Association DECONSEILLEE,"Troubles de l'automatisme (bradycardie excessive, arrêt sinusal), troubles de la conduction sino-auriculaire et auriculo-ventriculaire et défaillance cardiaque.",Association déconseillée : - en cas d'altération de la fonction ventriculaire gauche. Précaution d'emploi : - si la fonction ventriculaire gauche est normale. Surveillance clinique et ECG.,Yes,antagonistes des canaux calciques - antiarythmiques - antihypertenseurs sauf
INT_00942,Association DECONSEILLEE,Risque d'augmentation des concentrations plasmatiques d’ibrutinib par diminution de son métabolisme hépatique par le diltiazem.,"Si l’association ne peut être évitée, surveillance clinique étroite et réduction de la dose d’ibrutinib à 280 mg par jour pendant la durée de l’association.",,antagonistes des canaux calciques - antiarythmiques - antihypertenseurs sauf
INT_00943,Association DECONSEILLEE,Augmentation des concentrations plasmatiques d’olaparib par le diltiazem.,"Si l’association ne peut être évitée, limiter la dose d’olaparib à 200 mg deux fois par jour.",,antagonistes des canaux calciques - antiarythmiques - antihypertenseurs sauf
INT_00944,Précaution d'emploi,Augmentation de l'effet dépresseur respiratoire de l'analgésique opiacé par diminution de son métabolisme hépatique.,Adapter la posologie de l'alfentanil en cas de traitement par le diltiazem.,,antagonistes des canaux calciques - antiarythmiques - antihypertenseurs sauf
INT_00945,Précaution d'emploi,"Risque majoré d'effets indésirables (concentration-dépendants) à type de rhabdomyolyse, par diminution du métabolisme hépatique de l'hypocholestérolémiant.",Utiliser des doses plus faibles d’hypocholestérolémiant ou une autre statine non concernée par ce type d’interaction.,,antagonistes des canaux calciques - antiarythmiques - antihypertenseurs sauf
INT_00946,Précaution d'emploi,"Augmentation des concentrations plasmatiques de la buspirone par diminution de son métabolisme hépatique par le diltiazem, avec augmentation de ses effets indésirables.",Surveillance clinique et adaptation de la posologie de la buspirone si nécessaire.,,antagonistes des canaux calciques - antiarythmiques - antihypertenseurs sauf
INT_00947,Précaution d'emploi,"Risque de bradycardie ou de bloc auriculo-ventriculaire, notamment chez le sujet âgé. Par ailleurs, légère augmentation des concentrations de dronédarone par diminution de son métabolisme par l’antagoniste des canaux calciques.","Débuter le traitement par l’antagoniste calcique aux posologies minimales recommandées, et ajuster les doses en fonction de l’ECG.",,antagonistes des canaux calciques - antiarythmiques - antihypertenseurs sauf
INT_00948,Précaution d'emploi,Augmentation des concentrations sanguines de l'immunosuppresseur par diminution de son métabolisme.,"Dosage des concentrations sanguines de l'immunosuppresseur, contrôle de la fonction rénale et adaptation de la posologie pendant l'association et après son arrêt.",,antagonistes des canaux calciques - antiarythmiques - antihypertenseurs sauf
INT_00949,Précaution d'emploi,"Augmentation des concentrations plasmatiques de midazolam par diminution de son métabolisme hépatique, avec majoration de la sédation.",Surveillance clinique et réduction de la posologie pendant le traitement par le diltiazem.,,antagonistes des canaux calciques - antiarythmiques - antihypertenseurs sauf
INT_00950,Précaution d'emploi,Augmentation des concentrations plasmatiques de naloxegol par le diltiazem.,Adaptation posologique pendant l’association.,,antagonistes des canaux calciques - antiarythmiques - antihypertenseurs sauf
INT_00951,Précaution d'emploi,"Risque majoré d'effets indésirables (concentration-dépendants) à type de rhabdomyolyse, par diminution du métabolisme hépatique de l'hypocholestérolémiant.","Ne pas dépasser la posologie de 20 mg/jour de simvastatine. Si l'objectif thérapeutique n'est pas atteint à cette posologie, utiliser une autre statine non concernée par ce type d'interaction.",,antagonistes des canaux calciques - antiarythmiques - antihypertenseurs sauf
INT_00952,Précaution d'emploi,"Risque de majoration des effets indésirables de la tamsulosine, par inhibition de son métabolisme hépatique.","Surveillance clinique et adaptation de la posologie de la tamsulosine pensant le traitement par l’inhibiteur enzymatique et après son arrêt, le cas échéant.",,antagonistes des canaux calciques - antiarythmiques - antihypertenseurs sauf
INT_00953,Précaution d'emploi,"Augmentation des concentrations de tolvaptan, avec risque de majoration importante des effets indésirables, notamment diurèse importante, déshydratation, insuffisance rénale aiguë.",Réduire la posologie de tolvaptan de moitié.,,antagonistes des canaux calciques - antiarythmiques - antihypertenseurs sauf
INT_00954,Précaution d'emploi,Risque d’augmentation des effets indésirables du vénétoclax par diminution de son métabolisme hépatique.,"Surveillance clinique et biologique régulière, notamment hématologique, et adaptation de la posologie du vénétoclax.",,antagonistes des canaux calciques - antiarythmiques - antihypertenseurs sauf
INT_00955,A prendre en compte,Troubles de l'automatisme (troubles de la conduction auriculo- ventriculaire par addition des effets négatifs sur la conduction).,,,antagonistes des canaux calciques - antiarythmiques - antihypertenseurs sauf
INT_00956,A prendre en compte,Risque d’augmentation des concentrations plasmatiques de ticagrelor par diminution de son métabolisme hépatique.,,,antagonistes des canaux calciques - antiarythmiques - antihypertenseurs sauf
INT_00957,A prendre en compte,Possible augmentation du risque infectieux.,,,
INT_00958,Précaution d'emploi,Risque de surdosage par augmentation des concentrations plasmatiques de diprophylline (inhibition de sa sécrétion tubulaire rénale).,Réduire la posologie de diprophylline pendant le traitement par le probénécide.,,
INT_00959,Précaution d'emploi,Avec le dipyridamole par voie injectable : réduction de l’effet vasodilatateur du dipyridamole par la caféine.,"Interrompre un traitement à base de caféine au moins 5 jours avant une imagerie myocardique avec le dipyridamole et éviter la consommation de café, thé, chocolat ou cola dans les 24 heures qui précèdent le test.",,
INT_00960,Précaution d'emploi,Avec le dipyridamole par voie injectable : réduction de l’effet vasodilatateur du dipyridamole par la théine.,Eviter la consommation de produits à base de théine dans les 24 heures qui précèdent une imagerie myocardique avec le dipyridamole.,,
INT_00961,Précaution d'emploi,Avec le dipyridamole par voie injectable : réduction de l’effet vasodilatateur du dipyridamole par la théophylline.,Interrompre un traitement par théophylline au moins 5 jours avant une imagerie myocardique avec le dipyridamole.,,
INT_00962,A prendre en compte,Avec le dipyridamole par voie injectable : majoration de l'effet antihypertenseur.,,,
INT_00963,Contre-indication,Risque d’augmentation des concentrations plasmatiques de disopyramide et de ses effets indésirables.,,,antiarythmiques - antiarythmiques classe Ia - bradycardisants - médicaments
INT_00964,Précaution d'emploi,Risque de diminution des concentrations du disopyramide par l’inducteur.,Surveillance clinique et éventuellement adaptation de la posologie du disopyramide pendant l’association et 1 à 2 semaines après l’arrêt de l’inducteur.,,antiarythmiques - antiarythmiques classe Ia - bradycardisants - médicaments
INT_00965,Précaution d'emploi,Risque d’augmentation des effets indésirables du disopyramide par diminution de son métabolisme.,Surveillance clinique et adaptation éventuelle de la posologie du disopyramide.,,antiarythmiques - antiarythmiques classe Ia - bradycardisants - médicaments
INT_00966,Précaution d'emploi,"Risque de majoration des effets indésirables du disopyramide : hypoglycémies sévères, allongement de l’intervalle QT et troubles du rythme ventriculaire graves, notamment à type de torsades de pointes.","Surveillance clinique, biologique et électrocardiographique régulière.",,antiarythmiques - antiarythmiques classe Ia - bradycardisants - médicaments
INT_00967,Association DECONSEILLEE,Troubles du comportement et de la coordination.,,,antabuse (réaction)
INT_00968,Association DECONSEILLEE,"Risque d’épisodes de psychose aiguë ou d’état confusionnel, réversibles à l’arrêt de l’association.",,,antabuse (réaction)
INT_00969,Association DECONSEILLEE,Augmentation importante et rapide des concentrations plasmatiques de phénytoïne avec signes toxiques (inhibition de son métabolisme).,"Si elle ne peut être évitée, contrôle clinique et des concentrations plasmatiques de phénytoïne pendant le traitement par le disulfirame et après son arrêt.",,antabuse (réaction)
INT_00970,Précaution d'emploi,Augmentation de l'effet de l'antivitamine K et du risque hémorragique.,Contrôle plus fréquent de l'INR. Adaptation de la posologie de l'antivitamine K pendant le traitement par le disulfirame et 8 jours après son arrêt.,,antabuse (réaction)
INT_00971,A prendre en compte,"Augmentation des concentrations de cocaïne par diminution de son métabolisme par le disulfirame, avec risque majoré de survenue de torsades de pointes.",,,antabuse (réaction)
INT_00972,Précaution d'emploi,"Pour des doses anti-inflammatoires d'acide acétylsalicylique (>= 1g par prise et/ou >= 3g par jour) ou pour des doses antalgiques ou antipyrétiques (>= 500 mg par prise et/ou < 3g par jour) : Insuffisance rénale aiguë chez le patient à risque (âgé, déshydraté, avec une fonction rénale altérée), par diminution de la filtration glomérulaire secondaire à une diminution de la synthèse des prostaglandines rénales. Par ailleurs, réduction de l'effet antihypertenseur.",Hydrater le malade et surveiller la fonction rénale en début de traitement et régulièrement pendant l’association.,,
INT_00973,Précaution d'emploi,"Insuffisance rénale aiguë chez le patient à risque (âgé, déshydraté, sous diurétiques, avec une fonction rénale altérée), par diminution de la filtration glomérulaire secondaire à une diminution de la synthèse des prostaglandines rénales. Ces effets sont généralement réversibles. Par ailleurs, réduction de l’effet antihypertenseur.",Hydrater le malade et surveiller la fonction rénale en début de traitement et régulièrement pendant l'association.,,
INT_00974,Précaution d'emploi,"En cas de déshydratation provoquée par les diurétiques, risque majoré d'insuffisance rénale fonctionnelle aiguë, en particulier lors d'utilisation de doses importantes de produits de contraste iodés.",Réhydratation avant administration du produit iodé.,,
INT_00975,Contre-indication,"Hyperkaliémie potentiellement létale, notamment chez l'insuffisant rénal (addition des effets hyperkaliémiants).",Contre-indiqué sauf s'il existe une hypokaliémie.,,
INT_00976,Association DECONSEILLEE,Risque d'hyperkaliémie (potentiellement létale) surtout en cas d'insuffisance rénale (addition des effets hyperkaliémiants).,"Association déconseillée : - si l'association est justifiée, contrôle strict de la kaliémie et de la fonction rénale. Précaution d'emploi : - pour la spironolactone à des doses comprises entre 12,5 mg et 50 mg/jour, et pour l’éplérénone utilisées dans le traitement de l'insuffisance cardiaque, ainsi qu'en cas d'hypokaliémie : contrôle strict de la kaliémie et de la fonction rénale.",Yes,
INT_00977,Association DECONSEILLEE,"Hyperkaliémie potentiellement létale, surtout lors d'une insuffisance rénale (addition des effets hyperkaliémiants).",,,
INT_00978,Association DECONSEILLEE,Risque d'hyperkaliémie (potentiellement létale) surtout en cas d'insuffisance rénale (addition des effets hyperkaliémiants).,"Association déconseillée : - si l'association est justifiée, contrôle strict de la kaliémie et de la fonction rénale. Précaution d'emploi : - pour la spironolactone à des doses comprises entre 12,5 mg et 50 mg/jour, et pour l’éplérénone utilisées dans le traitement de l'insuffisance cardiaque, ainsi qu'en cas d'hypokaliémie : contrôle strict de la kaliémie et de la fonction rénale.",Yes,
INT_00979,Association DECONSEILLEE,"Augmentation de la lithémie avec signes de surdosage en lithium, comme lors d’un régime désodé (diminution de l’excrétion urinaire du lithium).","Si l'association ne peut être évitée, surveillance stricte de la lithémie et adaptation de la posologie du lithium.",,
INT_00980,Association DECONSEILLEE,"Pour une quantité de potassium > à 1 mmol/prise, hyperkaliémie potentiellement létale, notamment chez l'insuffisant rénal (addition des effets hyperkaliémiants).",Sauf en cas d'hypokaliémie.,,
INT_00981,Association DECONSEILLEE,"Hyperkaliémie potentiellement létale, surtout lors d'une insuffisance rénale (addition des effets hyperkaliémiants).",,,
INT_00982,Précaution d'emploi,Augmentation des risques néphrotoxiques et ototoxiques de l'aminoside (insuffisance rénale fonctionnelle liée à la déshydratation entraînée par le diurétique).,"Association possible sous contrôle de l'état d'hydratation, des fonctions rénale et cochléovestibulaire, et éventuellement, des concentrations plasmatiques de l'aminoside.",,
INT_00983,Précaution d'emploi,"L'association rationnelle, utile pour certains patients, n'exclut pas la survenue d'hypokaliémie ou, en particulier chez l'insuffisant rénal et le diabétique, d'hyperkaliémie.","Surveiller la kaliémie, éventuellement l'ECG et, s'il y a lieu, reconsidérer le traitement.",,
INT_00984,Précaution d'emploi,"Augmentation de la lithémie avec signes de surdosage en lithium, comme lors d’un régime désodé (diminution de l’excrétion urinaire du lithium).",Surveillance stricte de la lithémie et adaptation éventuelle de la posologie du lithium.,,
INT_00985,Précaution d'emploi,"Acidose lactique due à la metformine, déclenchée par une éventuelle insuffisance rénale fonctionnelle, liée aux diurétiques de l'anse.","Ne pas utiliser la metformine lorsque la créatininémie dépasse 15 mg/l (135 µmol/l) chez l'homme, et 12 mg/l (110 µmol/l) chez la femme.",,
INT_00986,A prendre en compte,"Risque d’addition des effets ototoxiques et/ou néphrotoxiques. DIURÉTIQUES ÉPARGNEURS DE POTASSIUM (SEULS OU (amiloride, canrenoate de potassium, eplerenone, spironolactone, triamterene)",ASSOCIÉS),,
INT_00987,Précaution d'emploi,Risque d'hypotension artérielle brutale et/ou d'insuffisance rénale aiguë lors de l'instauration ou de l'augmentation de la posologie d'un traitement par un antagoniste de l'angiotensine II en cas de déplétion hydrosodée préexistante.,"Dans l'hypertension artérielle, lorsqu'un traitement diurétique préalable a pu entraîner une déplétion hydrosodée, il faut : - soit arrêter le diurétique avant de débuter le traitement par l'antagoniste de l'angiotensine II, et réintroduire un diurétique hypokaliémiant si nécessaire ultérieurement ; - soit administrer des doses initiales réduites d'antagoniste de l'angiotensine II et augmenter progressivement la posologie. Dans tous les cas : surveiller la fonction rénale (créatininémie) dans les premières semaines du traitement par l'antagoniste de l'angiotensine II.",,
INT_00988,Précaution d'emploi,Risque d'hyponatrémie symptomatique.,"Surveillance clinique et biologique. Si possible, utiliser une autre classe de diurétiques.",,
INT_00989,Précaution d'emploi,"L'association rationnelle, utile pour certains patients, n'exclut pas la survenue d'hypokaliémie ou, en particulier chez l'insuffisant rénal et le diabétique, d'hyperkaliémie.","Surveiller la kaliémie, éventuellement l'ECG et, s'il y a lieu, reconsidérer le traitement.",,
INT_00990,Précaution d'emploi,Risque d'hypotension artérielle brutale et/ou d'insuffisance rénale aiguë lors de l'instauration ou de l'augmentation de la posologie d'un traitement par un inhibiteur de l'enzyme de conversion en cas de déplétion hydrosodée préexistante.,"Dans l'hypertension artérielle, lorsqu'un traitement diurétique préalable a pu entraîner une déplétion hydrosodée, il faut : - soit arrêter le diurétique avant de débuter le traitement par l'IEC, et réintroduire un diurétique hypokaliémiant si nécessaire ultérieurement ; - soit administrer des doses initiales réduites d'IEC et augmenter progressivement la posologie. Dans l'insuffisance cardiaque congestive traitée par diurétiques, commencer par une dose très faible d'IEC, éventuellement après réduction de la dose du diurétique hypokaliémient associé. Dans tous les cas : surveiller la fonction rénale (créatininémie) dans les premières semaines du traitement par l'IEC.",,
INT_00991,A prendre en compte,"Risque d'augmentation de la créatininémie sans modification des concentrations sanguines de ciclosporine, même en l'absence de déplétion hydrosodée. Egalement, risque d'hyperuricémie et de complications comme la goutte.",,,
INT_00992,Association DECONSEILLEE,"Augmentation de la lithémie avec signes de surdosage en lithium, comme lors d’un régime désodé (diminution de l’excrétion urinaire du lithium).","Si l'association ne peut être évitée, surveillance stricte de la lithémie et adaptation de la posologie du lithium.",,
INT_00993,A prendre en compte,Risque d'hypercalcémie par diminution de l'élimination urinaire du calcium.,,,
INT_00994,Contre-indication,Risque de moindre efficacité du taxane par augmentation de son métabolisme par le millepertuis.,,,cytotoxiques - substrats à risque du CYP3A4
INT_00995,Association DECONSEILLEE,"Risque de diminution très importante des concentrations du docétaxel, et perte d‘efficacité, par augmentation de son métabolisme hépatique par l’apalutamide.",,,cytotoxiques - substrats à risque du CYP3A4
INT_00996,Association DECONSEILLEE,"Diminution des concentrations du cytotoxique par augmentation de son métabolisme par l’inducteur, avec risque de moindre efficacité.",,,cytotoxiques - substrats à risque du CYP3A4
INT_00997,Précaution d'emploi,Risque de majoration des effets indésirables du docétaxel par diminution de son métabolisme hépatique par l’amiodarone,Surveillance clinique et adaptation éventuelle de la posologie du docétaxel.,,cytotoxiques - substrats à risque du CYP3A4
INT_00998,Précaution d'emploi,Risque de majoration de la toxicité du docétaxel par diminution de son métabolisme.,Surveillance clinique et adaptation éventuelle de la posologie du docétaxel pendant le traitement par l’inhibiteur enzymatique.,,cytotoxiques - substrats à risque du CYP3A4
INT_00999,Précaution d'emploi,Risque de majoration des effets indésirables dose-dépendants du docétaxel par inhibition de son métabolisme par l’inhibiteur enzymatique.,Surveillance clinique et adaptation éventuelle de la posologie du docétaxel pendant le traitement par l’inhibiteur enzymatique.,,cytotoxiques - substrats à risque du CYP3A4
INT_01000,Association DECONSEILLEE,Diminution des concentrations plasmatiques de dolutégravir par augmentation de son métabolisme par l’inducteur.,Association déconseillée : - en cas de résistance à la classe des inhibiteurs d'intégrase Précaution d'emploi : - en l'absence de résistance à la classe des inhibiteurs d'intégrase Adaptation de la posologie de dolutégravir à 50 mg 2 fois par jour pendant l’association et une semaine après son arrêt.,Yes,"inhibiteurs d'intégrase - substances à absorption réduite par les topiques gastro-intestinaux,"
INT_01001,Association DECONSEILLEE,Risque de diminution des concentrations plasmatiques de dolutégravir par augmentation de son métabolisme par le millepertuis.,,,"inhibiteurs d'intégrase - substances à absorption réduite par les topiques gastro-intestinaux,"
INT_01002,Précaution d'emploi,Augmentation moyenne de moins de deux fois des concentrations plasmatiques de metformine.,"Chez le patient avec une insuffisance rénale modérée, surveillance clinique et éventuelle réduction supplémentaire de la posologie de metformine.",,"inhibiteurs d'intégrase - substances à absorption réduite par les topiques gastro-intestinaux,"
INT_01003,Contre-indication,"Risque de troubles du rythme ventriculaire, notamment de torsades de pointes.",,,substances susceptibles de donner des torsades de pointes - torsadogènes
INT_01004,Contre-indication,Augmentation des concentrations plasmatiques de dompéridone par diminution de son métabolisme hépatique par l’inhibiteur.,,,substances susceptibles de donner des torsades de pointes - torsadogènes
INT_01005,Contre-indication,Antagonisme réciproque entre le dopaminergique et le neuroleptique.,Utiliser un antiémétique dénué d'effets extrapyramidaux.,,
INT_01006,Association DECONSEILLEE,Antagonisme réciproque entre le dopaminergique et la tétrabénazine.,,,
INT_01007,Contre-indication,Antagonisme réciproque de l'agoniste dopaminergique et des neuroleptiques.,,,
INT_01008,A prendre en compte,Risque de majoration de la toxicité de la doxorubicine par augmentation de ses concentrations plasmatiques.,,,cytotoxiques
INT_01009,A prendre en compte,Risque de diminution importante des concentrations de doxycycline.,,,"cyclines - substances à absorption réduite par les topiques gastro-intestinaux,"
INT_01010,A prendre en compte,Risque de diminution importante des concentrations de doxycycline.,,,"cyclines - substances à absorption réduite par les topiques gastro-intestinaux,"
INT_01011,Contre-indication,"Doublement des concentrations plasmatiques de dabigatran, avec majoration du risque de saignement.",,,antiarythmiques - bradycardisants - substances susceptibles de donner des
INT_01012,Contre-indication,Augmentation importante des concentrations de dronédarone par diminution de son métabolisme.,,,antiarythmiques - bradycardisants - substances susceptibles de donner des
INT_01013,Association DECONSEILLEE,"Dépression de l'automatisme (bradycardie excessive) et troubles de la conduction auriculo-ventriculaire. En outre, augmentation de la digoxinémie par diminution du métabolisme de la digoxine. Surveillance clinique et ECG.",Réduire de moitié les doses de digoxine.,,antiarythmiques - bradycardisants - substances susceptibles de donner des
INT_01014,Association DECONSEILLEE,Augmentation des concentrations plasmatiques de la fidaxomicine.,,,antiarythmiques - bradycardisants - substances susceptibles de donner des
INT_01015,Association DECONSEILLEE,Risque d’augmentation des concentrations plasmatiques d’ibrutinib par diminution de son métabolisme hépatique par la dronédarone.,"Si l’association ne peut être évitée, surveillance clinique étroite et réduction de la dose d’ibrutinib à 280 mg par jour pendant la durée de l’association.",,antiarythmiques - bradycardisants - substances susceptibles de donner des
INT_01016,Association DECONSEILLEE,Augmentation importante des concentrations sanguines de l’immunosuppresseur par diminution de son métabolisme.,,,antiarythmiques - bradycardisants - substances susceptibles de donner des
INT_01017,Association DECONSEILLEE,"Diminution importante des concentrations de dronédarone par augmentation de son métabolisme, sans modification notable du métabolite actif.",,,antiarythmiques - bradycardisants - substances susceptibles de donner des
INT_01018,Association DECONSEILLEE,"Diminution importante des concentrations de dronédarone par augmentation de son métabolisme, sans modification notable du métabolite actif.",,,antiarythmiques - bradycardisants - substances susceptibles de donner des
INT_01019,Association DECONSEILLEE,Augmentation des concentrations de dronédarone par inhibition de son métabolisme par le pamplemousse.,,,antiarythmiques - bradycardisants - substances susceptibles de donner des
INT_01020,Association DECONSEILLEE,"Diminution importante des concentrations de dronédarone par augmentation de son métabolisme, sans modification notable du métabolite actif.",,,antiarythmiques - bradycardisants - substances susceptibles de donner des
INT_01021,Association DECONSEILLEE,Risque majoré d'effets indésirables (concentration-dépendants) à type de rhabdomyolyse (diminution du métabolisme hépatique de la simvastatine).,,,antiarythmiques - bradycardisants - substances susceptibles de donner des
INT_01022,Précaution d'emploi,"Risque de bradycardie ou de bloc auriculo-ventriculaire, notamment chez le sujet âgé. Par ailleurs, légère augmentation des concentrations de dronédarone par diminution de son métabolisme par l’antagoniste des canaux calciques.","Débuter le traitement par l’antagoniste calcique aux posologies minimales recommandées, et ajuster les doses en fonction de l’ECG.",,antiarythmiques - bradycardisants - substances susceptibles de donner des
INT_01023,Précaution d'emploi,Risque de majoration de la toxicité du docétaxel par diminution de son métabolisme.,Surveillance clinique et adaptation éventuelle de la posologie du docétaxel pendant le traitement par l’inhibiteur enzymatique.,,antiarythmiques - bradycardisants - substances susceptibles de donner des
INT_01024,Précaution d'emploi,"Risque de bradycardie ou de bloc auriculo-ventriculaire, notamment chez le sujet âgé. Par ailleurs, légère augmentation des concentrations de dronédarone par diminution de son métabolisme par la quinidine.","Débuter le traitement par la quinidine aux posologies minimales recommandées, et ajuster les doses en fonction de l’ECG.",,antiarythmiques - bradycardisants - substances susceptibles de donner des
INT_01025,Précaution d'emploi,Augmentation des concentrations de talazoparib avec risque de majoration de la toxicité.,Réduire la dose de talazoparib.,,antiarythmiques - bradycardisants - substances susceptibles de donner des
INT_01026,Précaution d'emploi,"Risque de bradycardie ou de bloc auriculo-ventriculaire, notamment chez le sujet âgé. Par ailleurs, légère augmentation des concentrations de dronédarone par diminution de son métabolisme par l’antagoniste des canaux calciques.","Débuter le traitement par l’antagoniste calcique aux posologies minimales recommandées, et ajuster les doses en fonction de l’ECG.",,antiarythmiques - bradycardisants - substances susceptibles de donner des
INT_01027,Précaution d'emploi,"Augmentation des concentrations plasmatiques de l’édoxaban, avec majoration du risque de saignement.",Réduire la dose d’édoxaban de moitié.,,antiarythmiques - bradycardisants - substances susceptibles de donner des
INT_01028,Contre-indication,Risque d’augmentation des effets indésirables de la duloxétine par diminution de son métabolisme hépatique par l'énoxacine.,,,médicaments mixtes adrénergiques-sérotoninergiques - médicaments à l'origine
INT_01029,Contre-indication,Risque d’augmentation des effets indésirables de la duloxétine par diminution de son métabolisme hépatique par la fluvoxamine.,,,médicaments mixtes adrénergiques-sérotoninergiques - médicaments à l'origine
INT_01030,Contre-indication,Augmentation possiblement très importante de l’exposition des métabolites actifs de la tétrabénazine.,,,médicaments mixtes adrénergiques-sérotoninergiques - médicaments à l'origine
INT_01031,Association DECONSEILLEE,Risque d’inefficacité de l’opiacé par inhibition de son métabolisme par l’inhibiteur.,,,médicaments mixtes adrénergiques-sérotoninergiques - médicaments à l'origine
INT_01032,Association DECONSEILLEE,"Risque de majoration des effets indésirables de la méquitazine, par inhibition de son métabolisme par l’inhibiteur enzymatique.",,,médicaments mixtes adrénergiques-sérotoninergiques - médicaments à l'origine
INT_01033,Association DECONSEILLEE,"Risque de baisse de l'efficacité du tamoxifène, par inhibition de la formation de son métabolite actif par la duloxétine.",,,médicaments mixtes adrénergiques-sérotoninergiques - médicaments à l'origine
INT_01034,Association DECONSEILLEE,Risque d’inefficacité de l’opiacé par inhibition de son métabolisme par l’inhibiteur.,,,médicaments mixtes adrénergiques-sérotoninergiques - médicaments à l'origine
INT_01035,Précaution d'emploi,"Augmentation des concentrations plasmatiques de métoprolol avec risque de surdosage, par diminution de son métabolisme hépatique par la duloxétine.",Surveillance clinique et réduction de la posologie du métoprolol pendant le traitement par la duloxétine et après son arrêt.,,médicaments mixtes adrénergiques-sérotoninergiques - médicaments à l'origine
INT_01036,Précaution d'emploi,"Augmentation des concentrations plasmatiques de propafénone avec risque de surdosage, par diminution de son métabolisme hépatique par la duloxétine.",Surveillance clinique et réduction de la posologie de la propafénone pendant le traitement par la duloxétine et après son arrêt.,,médicaments mixtes adrénergiques-sérotoninergiques - médicaments à l'origine
INT_01037,Contre-indication,Risque hémorragique accru.,,,
INT_01038,Association DECONSEILLEE,Risque hémorragique accru.,,,
INT_01039,Association DECONSEILLEE,Risque hémorragique accru.,,,
INT_01040,Association DECONSEILLEE,Risque hémorragique accru.,,,
INT_01041,Précaution d'emploi,Augmentation du risque hémorragique.,Surveillance clinique.,,
INT_01042,Contre-indication,Risque d'hyperchélation.,,,
INT_01043,Précaution d'emploi,"Par extrapolation à partir de l’interaction avec la déféroxamine : avec l’acide ascorbique à fortes doses et par voie IV, risque d’anomalies de la fonction cardiaque, voire insuffisance cardiaque aiguë (en général réversible à l’arrêt de la vitamine C).",,,
INT_01044,Contre-indication,Risque d'hyperchélation.,,,
INT_01045,Précaution d'emploi,"Avec l'acide ascorbique à fortes doses et par voie IV : anomalies de la fonction cardiaque, voire insuffisance cardiaque aiguë (en général réversible à l'arrêt de la vitamine C).","En cas d'hémochromatose, ne donner de la vitamine C qu'après avoir commencé le traitement par la déféroxamine. Surveiller la fonction cardiaque en cas d'association.",,
INT_01046,Contre-indication,Diminution des concentrations plasmatiques de delamanid par augmentation de son métabolisme hépatique par l’inducteur.,,,
INT_01047,Contre-indication,Diminution des concentrations plasmatiques de delamanid par augmentation de son métabolisme hépatique par l’inducteur.,,,
INT_01048,Contre-indication,"Risque majoré de troubles du rythme ventriculaire, notamment de torsades de pointes.","Contre-indication: - avec citalopram, dompéridone, escitalopram, hydroxyzine et pipéraquine Associations déconseillées - avec les autres susbtances susceptibles de donner des torsades de pointes. Si l’association ne peut être évitée, contrôle clinique et électrocardiographique régulier.",Yes,
INT_01049,Association DECONSEILLEE,"Risque majoré de troubles du rythme ventriculaires, notamment de torsades de pointes.","Si l’association ne peut être évitée, contrôle clinique et électrocardiographique régulier.",,
INT_01050,A prendre en compte,"Risque de majoration de l'effet myélosuppresseur de l'immunomodulateur par inhibition de son métabolisme hépatique par le dérivé de l'ASA, notamment chez les sujets présentant un déficit partiel en thiopurine méthyltransférase (TPMT).",,,
INT_01051,Contre-indication,Risque d'hypotension importante (effet synergique) pouvant aggraver l'état d'ischémie myocardique et provoquer notamment un accident coronarien aigu.,,,
INT_01052,Contre-indication,Risque d'hypotension importante (effet synergique).,,,
INT_01053,Précaution d'emploi,Quelle que soit la voie d'administration de l'éconazole : augmentation de l'effet de l'antivitamine K et du risque hémorragique.,Contrôle plus fréquent de l'INR. Adaptation éventuelle de la posologie de l'antivitamine K pendant le traitement par éconazole et après son arrêt.,,
INT_01054,Contre-indication,Ergotisme avec possibilité de nécrose des extrémités (inhibition du métabolisme hépatique de l'alcaloïde de l'ergot de seigle).,,,inducteurs enzymatiques
INT_01055,Contre-indication,Ergotisme avec possibilité de nécrose des extrémités (inhibition du métabolisme hépatique de l'alcaloïde de l'ergot de seigle).,,,inducteurs enzymatiques
INT_01056,Contre-indication,"Risque de diminution des concentrations d'éfavirenz, avec baisse d'efficacité.",,,inducteurs enzymatiques
INT_01057,Contre-indication,"Risque majoré de troubles du rythme ventriculaire, notamment de torsades de pointes.",,,inducteurs enzymatiques
INT_01058,Association DECONSEILLEE,Risque de baisse de l’efficacité de l’atazanavir par augmentation de son métabolisme hépatique.,"Si l’association s’avère nécessaire, adaptation posologique de l’atazanavir avec surveillance clinique et biologique régulière, notamment en début d’association.",,inducteurs enzymatiques
INT_01059,Association DECONSEILLEE,Diminution des concentrations plasmatiques d'atovaquone par l'inducteur enzymatique.,,,inducteurs enzymatiques
INT_01060,Association DECONSEILLEE,Risque de moindre efficacité de l'éfavirenz.,,,inducteurs enzymatiques
INT_01061,Association DECONSEILLEE,Diminution importante des concentrations de lénacapavir.,,,inducteurs enzymatiques
INT_01062,Association DECONSEILLEE,"Risque de diminution des concentrations de velpatasvir/sofosbuvir, avec possible retentissement sur l’efficacité.",,,inducteurs enzymatiques
INT_01063,Association DECONSEILLEE,Risque de baisse de l'efficacité du voriconazole par augmentation de son métabolisme hépatique par l'efavirenz.,"Si l'association ne peut être évitée, surveillance clinique étroite et adaptation de la posologie du voriconazole et de l'éfavirenz pendant l'association.",,inducteurs enzymatiques
INT_01064,Précaution d'emploi,Diminution de l'effet de l'antivitamine K par augmentation de son métabolisme hépatique.,Contrôle plus fréquent de l'INR. Adaptation éventuelle de la posologie de l'antivitamine K.,,inducteurs enzymatiques
INT_01065,Précaution d'emploi,Risque de baisse de l'efficacité de l'amprénavir.,"Surveillance clinique et biologique régulière, notamment en début d'association.",,inducteurs enzymatiques
INT_01066,Précaution d'emploi,"Risque d'hypothyroïdie clinique chez les patients hypothyroïdiens, par augmentation du métabolisme de la T3 et de la T4.","Surveillance clinique et biologique. Adaptation, si besoin, de la posologie des hormones thyroïdiennes pendant le traitement par l'inducteur et après son arrêt.",,inducteurs enzymatiques
INT_01067,Précaution d'emploi,"Diminution importante des concentrations de rifabutine, par augmentation de son métabolisme hépatique par l’éfavirenz. Egalement, possibilité de diminution importante des concentrations d'éfavirenz par la rifabutine.",Adaptation éventuelle de la posologie de la rifabutine ou de l'éfavirenz pendant la durée de l'association.,,inducteurs enzymatiques
INT_01068,Précaution d'emploi,Diminution des concentrations plasmatiques et de l'efficacité de l'éfavirenz par augmentation de son métabolisme hépatique par la rifampicine.,"Surveillance clinique et biologique régulière, notamment en début d'association.",,inducteurs enzymatiques
INT_01069,Association DECONSEILLEE,Risque d’augmentation des effets indésirables de l’ozanimod.,,,
INT_01070,Précaution d'emploi,"Risque de majoration de la toxicité des statines, par inhibition de leur recapture hépatique.",Surveillance clinique et adaptation éventuelle de la posologie de la statine.,,
INT_01071,Précaution d'emploi,Diminution de l’efficacité contraceptive par augmentation du métabolisme hépatique du contraceptif hormonal par l'elvitégravir.,"Utiliser une méthode additionnelle de type mécanique (préservatif) pendant la durée de l’association, et un cycle suivant l’arrêt de l'elvitégravir.",,"substances à absorption réduite par les topiques gastro-intestinaux, antiacides"
INT_01072,Précaution d'emploi,Augmentation des concentrations plasmatiques d’elvitegravir par diminution de son métabolisme par l'itraconazole.,"Avec l’elvitegravir co-administré avec le cobicistat, surveillance clinique. Limiter la dose maximale d’itraconazole à 200 mg/j.",,"substances à absorption réduite par les topiques gastro-intestinaux, antiacides"
INT_01073,Précaution d'emploi,Augmentation des concentrations plasmatiques d’elvitegravir par diminution de son métabolisme par le kétoconazole.,"Avec l’elvitegravir co-administré avec le cobicistat, surveillance clinique. Limiter la dose maximale de kétoconazole à 200 mg/j.",,"substances à absorption réduite par les topiques gastro-intestinaux, antiacides"
INT_01074,A prendre en compte,Diminution des concentrations minimales d’elvitégravir.,,,"substances à absorption réduite par les topiques gastro-intestinaux, antiacides"
INT_01075,Contre-indication,Risque d’augmentation des effets indésirables de la duloxétine par diminution de son métabolisme hépatique par l'énoxacine.,,,fluoroquinolones - médicaments abaissant le seuil épileptogène - substances
INT_01076,Contre-indication,Surdosage en théophylline par diminution importante de son métabolisme.,,,fluoroquinolones - médicaments abaissant le seuil épileptogène - substances
INT_01077,Association DECONSEILLEE,"Augmentation des concentrations plasmatiques de caféine, pouvant entraîner excitations et hallucinations, par diminution de son métabolisme hépatique.",,,fluoroquinolones - médicaments abaissant le seuil épileptogène - substances
INT_01078,Précaution d'emploi,Augmentation des concentrations plasmatiques de ropinirole avec signes de surdosage par diminution de son métabolisme hépatique.,Surveillance clinique et réduction de la posologie du ropinirole pendant le traitement par l'énoxacine et après son arrêt.,,fluoroquinolones - médicaments abaissant le seuil épileptogène - substances
INT_01079,Précaution d'emploi,Diminution de l'absorption digestive de l'entacapone et du fer par chélation de celui-ci par l'entacapone.,Prendre les sels de fer à distance de l'entacapone (plus de 2 heures si possible).,,antiparkinsoniens dopaminergiques - dopaminergiques - inhibiteurs de la catéchol-O-méthyltransférase
INT_01080,Précaution d'emploi,Majoration de la fraction active de l’enzalutamide.,Réduire la dose d’enzalutamide de moitié en cas d’association au gemfibrozil.,,inducteurs enzymatiques - inducteurs enzymatiques puissants - médicaments
INT_01081,Contre-indication,"Risque d’augmentation des concentrations plasmatiques de l’éplérénone par l'inhibiteur et de ses effets indésirables, notamment l’hyperkaliémie.",,,antihypertenseurs sauf alpha-bloquants - diurétiques - diurétiques épargneurs
INT_01082,Précaution d'emploi,"Majoration du risque d’hyperkaliémie, notamment chez le sujet âgé.",Contrôle strict de la kaliémie et de la fonction rénale pendant l’association.,,antihypertenseurs sauf alpha-bloquants - diurétiques - diurétiques épargneurs
INT_01083,Précaution d'emploi,"Majoration du risque d’hyperkaliémie, notamment chez le sujet âgé.",Contrôle strict de la kaliémie et de la fonction rénale pendant l’association.,,antihypertenseurs sauf alpha-bloquants - diurétiques - diurétiques épargneurs
INT_01084,Contre-indication,Ergotisme avec possibilité de nécrose des extrémités (inhibition du métabolisme hépatique de l'alcaloïde de l'ergot de seigle).,,,alcaloïdes de l'ergot de seigle vasoconstricteurs - substrats à risque du CYP3A4
INT_01085,Contre-indication,Ergotisme avec possibilité de nécrose des extrémités (inhibition du métabolisme hépatique de l'alcaloïde de l'ergot de seigle).,,,alcaloïdes de l'ergot de seigle vasoconstricteurs - substrats à risque du CYP3A4
INT_01086,Contre-indication,Ergotisme avec possibilité de nécrose des extrémités (inhibition du métabolisme hépatique de l'alcaloïde de l'ergot de seigle).,,,alcaloïdes de l'ergot de seigle vasoconstricteurs - substrats à risque du CYP3A4
INT_01087,Contre-indication,Ergotisme avec possibilité de nécrose des extrémités (diminution de l'élimination hépatique de l'ergotamine).,,,alcaloïdes de l'ergot de seigle vasoconstricteurs - substrats à risque du CYP3A4
INT_01088,Contre-indication,Ergotisme avec possibilité de nécrose des extrémités (inhibition du métabolisme hépatique de l'alcaloïde de l'ergot de seigle).,,,alcaloïdes de l'ergot de seigle vasoconstricteurs - substrats à risque du CYP3A4
INT_01089,Contre-indication,Ergotisme avec possibilité de nécrose des extrémités (inhibition de l’élimination hépatique de l'alcaloïde de l’ergot de seigle).,,,alcaloïdes de l'ergot de seigle vasoconstricteurs - substrats à risque du CYP3A4
INT_01090,Contre-indication,Ergotisme avec possibilité de nécrose des extrémités (inhibition du métabolisme hépatique de l’alcaloïde de l’ergot de seigle).,"Respecter un délai de 24 heures entre l’arrêt du triclabendazole et l’ergotamine, et inversement.",,alcaloïdes de l'ergot de seigle vasoconstricteurs - substrats à risque du CYP3A4
INT_01091,Précaution d'emploi,Ergotisme : quelques cas de spasme artériel avec ischémie des extrémités ont été observés (addition d'effets vasculaires).,"Surveillance clinique renforcée, en particulier pendant les premières semaines de l'association.",,alcaloïdes de l'ergot de seigle vasoconstricteurs - substrats à risque du CYP3A4
INT_01092,Précaution d'emploi,Ergotisme : quelques cas de spasme artériel avec ischémie des extrémités ont été observés (addition d'effets vasculaires).,"Surveillance clinique renforcée, en particulier pendant les premières semaines de l'association.",,alcaloïdes de l'ergot de seigle vasoconstricteurs - substrats à risque du CYP3A4
INT_01093,Association DECONSEILLEE,"Augmentation des concentrations plasmatiques de la buspirone par diminution de son métabolisme hépatique, avec majoration importante de la sédation.",,,inhibiteurs puissants du CYP3A4 - macrolides (sauf spiramycine) - substances
INT_01094,Association DECONSEILLEE,"Augmentation des concentrations plasmatiques de carbamazépine, avec signes de surdosage, par inhibition de son métabolisme hépatique.",,,inhibiteurs puissants du CYP3A4 - macrolides (sauf spiramycine) - substances
INT_01095,Association DECONSEILLEE,Augmentation des concentrations plasmatiques de la fidaxomicine.,,,inhibiteurs puissants du CYP3A4 - macrolides (sauf spiramycine) - substances
INT_01096,Association DECONSEILLEE,Augmentation très importante des concentrations sanguines de l'immunosuppresseur par inhibition de son métabolisme hépatique.,"En cas d’association, contrôle strict de la fonction rénale, dosage des concentrations sanguines de l'immunosuppresseur et adaptation éventuelle de la posologie.",,inhibiteurs puissants du CYP3A4 - macrolides (sauf spiramycine) - substances
INT_01097,Association DECONSEILLEE,"Surdosage en théophylline par diminution de son élimination hépatique, plus particulièrement à risque chez l'enfant.",,,inhibiteurs puissants du CYP3A4 - macrolides (sauf spiramycine) - substances
INT_01098,Précaution d'emploi,Augmentation des concentrations plasmatique d’afatinib par augmentation de son absorption par l'érythromycine.,"Il est recommandé d’administrer l'érythromycine le plus à distance possible de l’afatinib, en respectant de préférence un intervalle de 6 heures ou de 12 heures par rapport à la prise d’afatinib.",,inhibiteurs puissants du CYP3A4 - macrolides (sauf spiramycine) - substances
INT_01099,Précaution d'emploi,Augmentation de l'effet dépresseur respiratoire de l'analgésique opiacé par diminution de son métabolisme hépatique.,Adapter la posologie de l'alfentanil en cas de traitement par l'érythromycine.,,inhibiteurs puissants du CYP3A4 - macrolides (sauf spiramycine) - substances
INT_01100,Précaution d'emploi,"Risque majoré d'effets indésirables (concentration-dépendants) à type de rhabdomyolyse, par diminution du métabolisme hépatique de l'hypocholesterolémiant.","Utiliser des doses plus faibles d'hypocholestérolémiant. Si l'objectif thérapeutique n'est pas atteint, utiliser une autre statine non concernée par ce type d'interaction.",,inhibiteurs puissants du CYP3A4 - macrolides (sauf spiramycine) - substances
INT_01101,Précaution d'emploi,Risque d'hypoglycémie par augmentation de l’absorption et des concentrations plasmatiques de l’antidiabétique.,"Prévenir le patient, renforcer l'autosurveillance glycémique et adapter éventuellement la posologie du sulfamide hypoglycémiant pendant le traitement par l’érythromycine.",,inhibiteurs puissants du CYP3A4 - macrolides (sauf spiramycine) - substances
INT_01102,Précaution d'emploi,Risque d'hypoglycémie par augmentation de l’absorption et des concentrations plasmatiques de l’antidiabétique.,"Prévenir le patient, renforcer l'autosurveillance glycémique et adapter éventuellement la posologie du sulfamide hypoglycémiant pendant le traitement par l’érythromycine.",,inhibiteurs puissants du CYP3A4 - macrolides (sauf spiramycine) - substances
INT_01103,Précaution d'emploi,Augmentation des concentrations plasmatiques du nintédanib par augmentation de son absorption par l'érythromycine.,Surveillance clinique pendant l’association.,,inhibiteurs puissants du CYP3A4 - macrolides (sauf spiramycine) - substances
INT_01104,Précaution d'emploi,Avec l'érythromycine utilisée par voie orale : augmentation de la concentration plasmatique de la pravastatine par l' érythromycine.,Surveillance clinique et biologique pendant le traitement par l'antibiotique.,,inhibiteurs puissants du CYP3A4 - macrolides (sauf spiramycine) - substances
INT_01105,Précaution d'emploi,Augmentation des concentrations de talazoparib avec risque de majoration de la toxicité.,Réduire la dose de talazoparib.,,inhibiteurs puissants du CYP3A4 - macrolides (sauf spiramycine) - substances
INT_01106,Précaution d'emploi,"Bradycardie et/ou troubles de la conduction auriculo-ventriculaire, par diminution du métabolisme hépatique du vérapamil par l'érythromycine.","Surveillance clinique et ECG ; s'il y a lieu, adaptation de la posologie du vérapamil pendant le traitement par l'érythromycine et après son arrêt.",,inhibiteurs puissants du CYP3A4 - macrolides (sauf spiramycine) - substances
INT_01107,Précaution d'emploi,"Augmentation des concentrations plasmatiques de l’édoxaban, avec majoration du risque de saignement.",Réduire la dose d’édoxaban de moitié.,,inhibiteurs puissants du CYP3A4 - macrolides (sauf spiramycine) - substances
INT_01108,A prendre en compte,Augmentation des concentrations de venlafaxine avec risque de surdosage.,,,inhibiteurs puissants du CYP3A4 - macrolides (sauf spiramycine) - substances
INT_01109,Précaution d'emploi,"Risque majoré de troubles du rythme ventriculaire, notamment de torsades de pointes.",Surveillance clinique et électrocardiographique pendant l'association.,,hyponatrémiants - inhibiteurs sélectifs de la recapture de la sérotonine - médicaments
INT_01110,Précaution d'emploi,"Risque majoré de troubles du rythme ventriculaire, notamment de torsades de pointes.",Surveillance clinique et électrocardiographique pendant l'association.,,hyponatrémiants - inhibiteurs sélectifs de la recapture de la sérotonine - médicaments
INT_01111,Association DECONSEILLEE,"Troubles de l'automatisme (bradycardie excessive, arrêt sinusal), troubles de la conduction sino-auriculaire et auriculo-ventriculaire et défaillance cardiaque.",Association déconseillée : - en cas d'altération de la fonction ventriculaire gauche. Précaution d'emploi : - si la fonction ventriculaire gauche est normale. Surveillance clinique et ECG.,Yes,bradycardisants
INT_01112,Association DECONSEILLEE,"Troubles de l'automatisme (bradycardie excessive, arrêt sinusal), troubles de la conduction sino-auriculaire et auriculo-ventriculaire et défaillance cardiaque.",Association déconseillée : - en cas d'altération de la fonction ventriculaire gauche. Précaution d'emploi : - si la fonction ventriculaire gauche est normale. Surveillance clinique et ECG.,Yes,bradycardisants
INT_01113,Précaution d'emploi,"Troubles de la contractilité, de l'automatisme et de la conduction (suppression des mécanismes sympathiques compensateurs).",Surveillance clinique et ECG.,,bradycardisants
INT_01114,Précaution d'emploi,"Troubles de la contractilité, de l'automatisme et de la conduction (suppression des mécanismes sympathiques compensateurs).",Surveillance clinique et ECG.,,bradycardisants
INT_01115,Précaution d'emploi,"Troubles de la contractilité, de l'automatisme et de la conduction (suppression des mécanismes sympathiques compensateurs).",Surveillance clinique et ECG.,,bradycardisants
INT_01116,Précaution d'emploi,"Risque majoré de troubles du rythme ventriculaire, notamment de torsades de pointes.",Surveillance clinique et électrocardiographique pendant l'association.,,antisécrétoires inhibiteurs de la pompe à protons
INT_01117,Association DECONSEILLEE,Risque de majoration des effets indésirables à type d'oedème angio-neurotique (angio-oedème).,,,"cytotoxiques - médicaments, bradykinine et angio-œdème"
INT_01118,Précaution d'emploi,Risque d’augmentation des concentrations plasmatiques d’estramustine par le clodronate.,Surveillance clinique au cours de l’association.,,"cytotoxiques - médicaments, bradykinine et angio-œdème"
INT_01119,Précaution d'emploi,Diminution de l'absorption digestive de l'estramustine.,"Prendre les sels de calcium à distance de l'estramustine (plus de 2 heures, si possible).",,"cytotoxiques - médicaments, bradykinine et angio-œdème"
INT_01120,Précaution d'emploi,Risque d'hypothyroïdie clinique en cas d'estrogénothérapie substitutive.,Surveillance clinique et biologique ; adaptation éventuelle des doses de l'hormone thyroïdienne chez les femmes ménopausées prenant des estrogènes.,,
INT_01121,Précaution d'emploi,Diminution de l'efficacité de l'estrogène.,Surveillance clinique et adaptation éventuelle de la posologie du traitement hormonal pendant l'administration de l'inducteur et après son arrêt.,,
INT_01122,Précaution d'emploi,"Risque de diminution de l'efficacité du traitement hormonal, par augmentation de son métabolisme hépatique par l'oxcarbazépine.",Surveillance clinique et adaptation éventuelle de la posologie du traitement hormonal pendant le traitement par l'oxcarbazépine et après son arrêt.,,
INT_01123,Contre-indication,"Diminution des concentrations plasmatiques du contraceptif hormonal, en raison de l'effet inducteur enzymatique du millepertuis, avec risque de baisse d'efficacité voire d'annulation de l'effet dont les conséquences peuvent être éventuellement graves (survenue d'une grossesse).",,,
INT_01124,Association DECONSEILLEE,"Diminution de l'efficacité contraceptive, par augmentation du métabolisme hépatique du contraceptif hormonal par l'inducteur.","Utiliser une méthode additionnelle de type mécanique (préservatif) pendant la durée de l’association, et un cycle suivant l’arrêt de l’inducteur.",,
INT_01125,Association DECONSEILLEE,"Risque de diminution de l'efficacité contraceptive par diminution des concentrations en contraceptif hormonal, dûe à l'augmentation de son métabolisme hépatique par le ritonavir.","Utiliser une méthode additionnelle de type mécanique (préservatif) pendant la durée de l’association, et un cycle suivant l’arrêt du ritonavir.",,
INT_01126,Association DECONSEILLEE,Diminution des concentrations et de l’efficacité de la lamotrigine par augmentation de son métabolisme hépatique.,Association déconseillée: - Eviter de mettre en route une contraception orale pendant la période d'ajustement posologique de la lamotrigine. Précaution d'emploi: - Surveillance clinique et adaptation de la posologie de la lamotrigine lors de la mise en route d'une contraception orale et après son arrêt.,Yes,
INT_01127,Association DECONSEILLEE,"Risque de diminution de l’efficacité contraceptive, pendant le traitement et un cycle après l’arrêt du traitement par le modafinil, en raison de son potentiel inducteur enzymatique.","Utiliser une méthode additionnelle de type mécanique (préservatif) pendant la durée de l’association, et un cycle suivant l’arrêt du modafinil.",,
INT_01128,Association DECONSEILLEE,Pour des doses de topiramate >= 200 mg/jour : Risque de diminution de l’efficacité contraceptive par diminution des concentrations en estrogène.,"Si l’association s’avère nécessaire, utiliser une méthode additionnel de type mécanique pendant la durée de l’association et un cycle suivant l’arrêt du topiramate.",,
INT_01129,Association DECONSEILLEE,"Risque de diminution des concentrations des estroprogestatifs, avec pour conséquence un risque d’inefficacité.",,,
INT_01130,Précaution d'emploi,Diminution de l’efficacité contraceptive par augmentation du métabolisme hépatique du contraceptif hormonal par l'aprépitant.,"Utiliser une méthode additionnelle de type mécanique (préservatif) pendant la durée de l’association, et un cycle suivant l’arrêt de l’aprépitant.",,
INT_01131,Précaution d'emploi,Diminution de l’efficacité contraceptive par augmentation du métabolisme hépatique du contraceptif hormonal par le bosentan.,"Utiliser une méthode additionnelle de type mécanique (préservatif) pendant la durée de l’association, et un cycle suivant l’arrêt du bosentan.",,
INT_01132,Précaution d'emploi,Diminution de l’efficacité contraceptive par augmentation du métabolisme hépatique du contraceptif hormonal par l'elvitégravir.,"Utiliser une méthode additionnelle de type mécanique (préservatif) pendant la durée de l’association, et un cycle suivant l’arrêt de l'elvitégravir.",,
INT_01133,Précaution d'emploi,"Risque de diminution de l’efficacité contraceptive, pendant le traitement et un cycle après l’arrêt du traitement par le felbamate, en raison de son potentiel inducteur enzymatique.","Utiliser une méthode additionnelle de type mécanique (préservatif) pendant la durée de l’association, et un cycle suivant l’arrêt du felbamate.",,
INT_01134,Précaution d'emploi,Diminution de l’efficacité contraceptive par augmentation du métabolisme hépatique du contraceptif hormonal par la griséofulvine.,"Utiliser une méthode additionnelle de type mécanique (préservatif) pendant la durée de l’association, et un cycle suivant l’arrêt de de la griséofulvine.",,
INT_01135,Précaution d'emploi,Diminution de l’efficacité contraceptive par augmentation du métabolisme hépatique du contraceptif hormonal par le rufinamide.,"Utiliser une méthode additionnelle de type mécanique (préservatif) pendant la durée de l’association, et un cycle suivant l’arrêt du rufinamide.",,
INT_01136,Contre-indication,Augmentation de l'effet sédatif de l’eszopiclone.,"Contre-indication - chez les patients âgés Précaution d'emploi En cas d’association chez les sujets non âgés, une réduction de la dose d’eszopiclone peut être nécessaire.",Yes,benzodiazépines et apparentés - hypnotiques - médicaments sédatifs
INT_01137,Précaution d'emploi,Risque de diminution des concentrations plasmatiques et de l'efficacité de l’eszopiclone par augmentation de son métabolisme hépatique par la rifampicine.,Surveillance clinique. Utiliser éventuellement un autre hypnotique.,,benzodiazépines et apparentés - hypnotiques - médicaments sédatifs
INT_01138,Association DECONSEILLEE,Risque accru d'infections graves et de neutropénies.,,,anti-TNF alpha
INT_01139,Contre-indication,Augmentation de l’hépatotoxicité.,,,estroprogestatifs contraceptifs
INT_01140,Contre-indication,Augmentation de l’hépatotoxicité avec la bithérapie.,,,estroprogestatifs contraceptifs
INT_01141,Contre-indication,Augmentation de l’hépatotoxicité.,,,estroprogestatifs contraceptifs
INT_01142,Précaution d'emploi,Diminution des concentrations plasmatiques d'éthosuximide.,"Surveillance clinique, dosage plasmatique de l'éthosuximide et augmentation éventuelle de sa posologie.",,anticonvulsivants métabolisés
INT_01143,Contre-indication,Risque de diminution des concentrations plasmatiques d’étoposide par le millepertuis.,,,cytotoxiques
INT_01144,Association DECONSEILLEE,Diminution des concentrations plasmatiques d’étoposide par l’inducteur.,"Si l'association s'avère nécessaire, surveillance clinique et adaptation éventuelle de la posologie d’étoposide pendant l’association, et 1 à 2 semaines après l’arrêt de l’inducteur.",,cytotoxiques
INT_01145,Contre-indication,Risque de diminution des concentrations plasmatiques de grazoprevir/elbasvir par l’étravirine.,,,
INT_01146,Association DECONSEILLEE,Risque de diminution des concentrations plasmatiques d’atazanavir par l’étravirine.,,,
INT_01147,Association DECONSEILLEE,Risque de diminution des concentrations plasmatiques du cobicistat par l’étravirine.,,,
INT_01148,Association DECONSEILLEE,Risque de diminution des concentrations plasmatiques du darunavir par l’étravirine.,,,
INT_01149,A prendre en compte,"Dans le traitement des infections à Mycobacterium avium complex, risque de diminution de l’efficacité de la clarithromycine par augmentation de son métabolisme hépatique par l’étravirine.",,,
INT_01150,Association DECONSEILLEE,En association avec le ritonavir : augmentation significative des concentrations de l’immunosuppresseur avec risque de majoration de sa toxicité par la bithérapie.,"Si l’association s’avère nécessaire, contrôle strict de la fonction rénale, dosage des concentrations sanguines de l'immunosuppresseur et adaptation éventuelle de la posologie.",,immunosuppresseurs - substrats à risque du CYP3A4
INT_01151,Précaution d'emploi,Augmentation des concentrations sanguines de l’évérolimus par la ciclosporine. La néphrotoxicité de la ciclosporine est également augmentée lors de l’association.,"Dosage des concentrations sanguines d’évérolimus, éventuellement adaptation de la posologie et contrôle de la fonction rénale, pendant l’association et après son arrêt.",,immunosuppresseurs - substrats à risque du CYP3A4
INT_01152,Précaution d'emploi,Augmentation des concentrations sanguines de l'évérolimus par diminution de son métabolisme hépatique par le vérapamil.,"Dosage des concentrations sanguines de l’immunosuppresseur, contrôle de la fonction rénale et adaptation de la posologie pendant l’association et après son arrêt.",,immunosuppresseurs - substrats à risque du CYP3A4
INT_01153,A prendre en compte,Risque de diminution de l'efficacité de l'exemestane par augmentation de son métabolisme hépatique par l'inducteur enzymatique.,,,
INT_01154,Association DECONSEILLEE,"D’une part, risque majoré d'effets indésirables (concentration- dépendants) à type de rhabdomyolyse, par augmentation des concentrations d’ézétimibe ; d’autre part, possible augmentation des concentrations de ciclosporine.",,,médicaments à l'origine d'atteintes musculaires
INT_01155,Association DECONSEILLEE,Risque de lithiase biliaire par augmentation de l’excrétion biliaire du cholestérol.,,,médicaments à l'origine d'atteintes musculaires
INT_01156,Précaution d'emploi,"Augmentation des concentrations plasmatiques du métabolite actif de la carbamazépine. De plus, diminution des concentrations plasmatiques de felbamate par augmentation de son métabolisme hépatique par la carbamazépine.","Surveillance clinique, dosages plasmatiques et adaptation éventuelle des posologies des deux anticonvulsivants.",,anticonvulsivants métabolisés
INT_01157,Précaution d'emploi,"Risque de diminution de l’efficacité contraceptive, pendant le traitement et un cycle après l’arrêt du traitement par le felbamate, en raison de son potentiel inducteur enzymatique.","Utiliser une méthode additionnelle de type mécanique (préservatif) pendant la durée de l’association, et un cycle suivant l’arrêt du felbamate.",,anticonvulsivants métabolisés
INT_01158,Précaution d'emploi,"Diminution des concentrations plasmatiques et de l'efficacité du felbamate et augmentation des concentrations plasmatiques du phénobarbital, avec risque de surdosage.",Surveillance clinique et contrôle des concentrations plasmatiques de phénobarbital avec adaptation de la posologie si besoin.,,anticonvulsivants métabolisés
INT_01159,Précaution d'emploi,"Augmentation des concentrations plasmatiques de phénytoïne avec risque de surdosage, par inhibition de son métabolisme par le felbamate.","Surveillance clinique, contrôle des concentrations plasmatiques de phénytoïne et si besoin, adaptation de sa posologie pendant le traitement par le felbamate.",,anticonvulsivants métabolisés
INT_01160,Précaution d'emploi,"Augmentation des concentrations plasmatiques de l'acide valproïque, avec risque de surdosage.","Surveillance clinique, contrôle biologique et adaptation éventuelle de la posologie du valproate ou du valpromide pendant le traitement par le felbamate et après son arrêt.",,anticonvulsivants métabolisés
INT_01161,Association DECONSEILLEE,Risque de lithiase biliaire par augmentation de l’excrétion biliaire du cholestérol.,,,fibrates - médicaments à l'origine d'atteintes musculaires
INT_01162,Précaution d'emploi,Risque d'augmentation de la néphrotoxicité de la ciclosporine.,"Surveillance clinique et biologique de la fonction rénale, pendant et après l'association.",,fibrates - médicaments à l'origine d'atteintes musculaires
INT_01163,Association DECONSEILLEE,Diminution des concentrations plasmatiques de fentanyl par augmentation de son métabolisme hépatique par l'inducteur.,Préférer un autre morphinique.,,analgésiques morphiniques agonistes - analgésiques morphiniques de palier
INT_01164,Association DECONSEILLEE,Diminution des concentrations plasmatiques de fentanyl par augmentation de son métabolisme hépatique par la rifampicine.,Préférer un autre morphinique.,,analgésiques morphiniques agonistes - analgésiques morphiniques de palier
INT_01165,Précaution d'emploi,Risque d'augmentation de l’effet dépresseur respiratoire de l’analgésique opiacé par légère diminution de son métabolisme hépatique.,Surveillance clinique et adaptation éventuelle de la posologie de l’analgésique opiacé en cas de traitement par un inhibiteur puissant du CYP3A4.,,analgésiques morphiniques agonistes - analgésiques morphiniques de palier
INT_01166,Association DECONSEILLEE,"Lipothymie, voire choc attribué à la libération rapide du fer de sa forme complexe et à la saturation de la sidérophiline.",,,"substances à absorption réduite par les topiques gastro-intestinaux, antiacides"
INT_01167,Précaution d'emploi,Diminution de près des deux tiers de l'absorption du bictégravir en cas d’ingestion simultanée ou à jeun.,"Prendre le bictégravir au moins 2 heures avant les sels de fer, ou en même temps qu’un repas.",,"substances à absorption réduite par les topiques gastro-intestinaux, antiacides"
INT_01168,Précaution d'emploi,Pour les sels de fer administrés par voie orale : diminution de l'absorption digestive des bisphosphonates.,"Prendre les sels de fer à distance des bisphosphonates (de 30 minutes au minimum à plus de 2 heures, si possible, selon le bisphosphonate).",,"substances à absorption réduite par les topiques gastro-intestinaux, antiacides"
INT_01169,Précaution d'emploi,Avec les sels de fer par voie orale : diminution de l'absorption digestive des sels de fer.,Prendre les sels de fer à distance des repas et en l'absence de calcium.,,"substances à absorption réduite par les topiques gastro-intestinaux, antiacides"
INT_01170,Précaution d'emploi,Diminution de l'absorption digestive des cyclines et du fer,"Prendre les sels de fer à distance des cyclines (plus de 2 heures, si possible).",,"substances à absorption réduite par les topiques gastro-intestinaux, antiacides"
INT_01171,Précaution d'emploi,Diminution de l'absorption digestive de l'entacapone et du fer par chélation de celui-ci par l'entacapone.,Prendre les sels de fer à distance de l'entacapone (plus de 2 heures si possible).,,"substances à absorption réduite par les topiques gastro-intestinaux, antiacides"
INT_01172,Précaution d'emploi,Diminution de l'absorption digestive des fluoroquinolones.,"Prendre les sels de fer à distance des fluoroquinolones (plus de 2 heures, si possible).",,"substances à absorption réduite par les topiques gastro-intestinaux, antiacides"
INT_01173,Précaution d'emploi,Diminution de l'absorption digestive des hormones thyroïdiennes.,"Prendre les hormones thyroïdiennes à distance du fer (plus de 2 heures, si possible).",,"substances à absorption réduite par les topiques gastro-intestinaux, antiacides"
INT_01174,Précaution d'emploi,Diminution de l'absorption digestive des inhibiteurs d’intégrase.,"Prendre les sels de fer à distance de l’antirétroviral (plus de 2 heures, si possible).",,"substances à absorption réduite par les topiques gastro-intestinaux, antiacides"
INT_01175,Précaution d'emploi,Diminution de l'absorption digestive de la lévodopa.,Prendre les sels de fer à distance de la lévodopa (plus de 2 heures si possible).,,"substances à absorption réduite par les topiques gastro-intestinaux, antiacides"
INT_01176,Précaution d'emploi,Diminution de l'absorption digestive de la méthyldopa (formation de complexes).,"Prendre les sels de fer à distance de la méthyldopa (plus de deux heures, si possible).",,"substances à absorption réduite par les topiques gastro-intestinaux, antiacides"
INT_01177,Précaution d'emploi,Diminution de l'absorption digestive de la pénicillamine.,"Prendre les sels de fer à distance de la pénicillamine (plus de 2 heures, si possible).",,"substances à absorption réduite par les topiques gastro-intestinaux, antiacides"
INT_01178,Précaution d'emploi,"La prise de cation divalent peut diminuer l’absorption intestinale et, potentiellement, l’efficacité du roxadustat pris simultanément.","Prendre le roxadustat à distance des sels de fer (plus de 1 heure, si possible).",,"substances à absorption réduite par les topiques gastro-intestinaux, antiacides"
INT_01179,Précaution d'emploi,Diminution de l'absorption digestive du strontium.,"Prendre le strontium à distance des sels de fer (plus de deux heures, si possible).",,"substances à absorption réduite par les topiques gastro-intestinaux, antiacides"
INT_01180,Précaution d'emploi,Diminution des concentrations de fer sérique.,Prendre la trientine à distance des sels de fer.,,"substances à absorption réduite par les topiques gastro-intestinaux, antiacides"
INT_01181,Précaution d'emploi,Diminution de l’absorption digestive du zinc par le fer.,Prendre les sels de fer à distance du zinc (plus de 2 heures si possible).,,"substances à absorption réduite par les topiques gastro-intestinaux, antiacides"
INT_01182,A prendre en compte,Diminution de l'absorption digestive de ces deux médicaments par chélation du fer.,,,"substances à absorption réduite par les topiques gastro-intestinaux, antiacides"
INT_01183,Contre-indication,Diminution des concentrations plasmatiques de la féxofénadine par le millepertuis.,,,"substances à absorption réduite par les topiques gastro-intestinaux, antiacides"
INT_01184,Contre-indication,Risque majoré d'effets indésirables à type de rhabdomyolyse et d'antagonisme pharmacodynamique entre les deux molécules.,,,
INT_01185,Contre-indication,"Risque d'addition d'effets indésirables (dose-dépendants) à type de rhabdomyolyse. En outre, avec le gemfibrozil, diminution du métabolisme de la simvastatine et de la rosuvastatine, ce qui majore le risque musculaire, ainsi que la néphrotoxicité de la rosuvastatine.","L'association d'un fibrate et d'une statine est au minmum déconseillée. Avec la simvastatine, ne pas dépasser 10 mg ( cette restriction de doses ne concerne pas le fénofibrate). La contre-indication s'applique : - entre le gemfibrozil et la simvastatine - pour des doses de rosuvastatine de 40 mg",Yes,
INT_01186,Précaution d'emploi,Augmentation de l'effet de l'antivitamine K et du risque hémorragique.,Contrôle plus fréquent de l'INR. Adaptation éventuelle de la posologie de l'antivitamine K pendant le traitement par le fibrate et 8 jours après son arrêt.,,
INT_01187,Précaution d'emploi,"Risque de majoration des effets indésirables musculaires de ces substances, et notamment de rhabdomyolyse.","Surveillance clinique et biologique, particulièrement au début de l’association.",,
INT_01188,Association DECONSEILLEE,Augmentation des concentrations plasmatiques de la fidaxomicine.,,,
INT_01189,Association DECONSEILLEE,Augmentation des concentrations plasmatiques de la fidaxomicine.,,,
INT_01190,Association DECONSEILLEE,Augmentation des concentrations plasmatiques de la fidaxomicine.,,,
INT_01191,Association DECONSEILLEE,Augmentation des concentrations plasmatiques de la fidaxomicine.,,,
INT_01192,Association DECONSEILLEE,Augmentation des concentrations plasmatiques de la fidaxomicine.,,,
INT_01193,Association DECONSEILLEE,Augmentation des concentrations plasmatiques de la fidaxomicine.,,,
INT_01194,Association DECONSEILLEE,Augmentation des concentrations plasmatiques de la fidaxomicine.,,,
INT_01195,Association DECONSEILLEE,Potentialisation des effets bradycardisants pouvant avoir des conséquences fatales. Les bêta-bloquants sont d’autant plus à risque qu’ils empêchent les mécanismes de compensation adrénergique.,"Surveillance clinique et ECG continu pendant les 6 heures suivant la première dose voire 2 heures de plus, jusqu'au lendemain si nécessaire.",,bradycardisants
INT_01196,Association DECONSEILLEE,"Risque accru d'acidose métabolique à trou anionique élevé, notamment en cas d'insuffisance rénale sévère, de sepsis, de facteurs prédisposant à la déplétion en glutathion (malnutrition, alcoolisme chronique…), ainsi qu’en cas d’utilisation de paracétamol aux doses quotidiennes maximales.","Si l’association ne peut être évitée, surveillance étroite avec mesure de la 5-oxoproline urinaire.",,pénicillines
INT_01197,Association DECONSEILLEE,"Diminution des concentrations de voriconazole, avec risque d'inefficacité de l'antifongique azolé.",,,pénicillines
INT_01198,Contre-indication,"Risque de troubles du rythme ventriculaire, notamment de torsades de pointes.",,,
INT_01199,Contre-indication,"Risque majoré de troubles du rythme ventriculaire, notamment de torsades de pointes.",,,
INT_01200,Association DECONSEILLEE,"Augmentation des concentrations plasmatiques de l'apixaban par le fluconazole, avec majoration du risque de saignement.",,,
INT_01201,Association DECONSEILLEE,"Augmentation des effets indésirables de la colchicine, aux conséquences potentiellement fatales.",,,
INT_01202,Association DECONSEILLEE,"Risque majoré de troubles du rythme ventriculaires, notamment de torsades de pointes.","Si cela est possible, interrompre le fluconazole. Si l'association ne peut être évitée, contrôle préalable du QT et surveillance ECG monitorée.",,
INT_01203,Association DECONSEILLEE,Risque d’augmentation des concentrations plasmatiques d’ibrutinib par diminution de son métabolisme hépatique par le fluconazole.,"Si l’association ne peut être évitée, surveillance clinique étroite et réduction de la dose d’ibrutinib à 280 mg par jour pendant la durée de l’association.",,
INT_01204,Association DECONSEILLEE,Augmentation des concentrations plasmatiques d’olaparib par le fluconazole.,"Si l’association ne peut être évitée, limiter la dose d’olaparib à 200 mg deux fois par jour.",,
INT_01205,Association DECONSEILLEE,"Majoration des effets indésirables, notamment respiratoires, de l’oxycodone par diminution de son métabolisme hépatique par le fluconazole.",,,
INT_01206,Association DECONSEILLEE,Diminution des concentrations plasmatiques et de l'efficacité du fluconazole par augmentation de son métabolisme par la rifampicine.,,,
INT_01207,Association DECONSEILLEE,"Augmentation des concentrations plasmatiques du rivaroxaban par le fluconazole, avec majoration du risque de saignement.",,,
INT_01208,Précaution d'emploi,Risque de majoration des effets indésirables de l’abrocitinib par diminution de son métabolisme.,Réduire la posologie de l’abrocitinib de moitié en cas de traitement par le fluconazole.,,
INT_01209,Précaution d'emploi,Augmentation de l'effet dépresseur respiratoire de l'analgésique opiacé par diminution de son métabolisme hépatique.,Adapter la posologie de l'alfentanil en cas de traitement par le fluconazole.,,
INT_01210,Précaution d'emploi,Risque d’allongement de l’intervalle QT.,"Surveillance clinique, particulièrement aux fortes doses de fluconazole (800 mg/j).",,
INT_01211,Précaution d'emploi,Augmentation de l'effet de l'antivitamine K et du risque hémorragique.,Contrôle plus fréquent de l'INR. Adaptation éventuelle de la posologie de l'antivitamine K pendant le traitement par le fluconazole et 8 jours après son arrêt.,,
INT_01212,Précaution d'emploi,Risque majoré d'effets indésirables concentration-dépendants à type de rhabdomyolyse (diminution du métabolisme hépatique de la statine).,"Utiliser des doses plus faibles de l'hypocholestérolémiant. Si l'objectif thérapeutique n'est pas atteint, utiliser une autre statine non concernée par ce type d'interaction.",,
INT_01213,Précaution d'emploi,Pour des doses de fluconazole >= 200 mg par jour : augmentation possible des effets indésirables de la carbamazépine.,"Adapter la posologie de carbamazépine, pendant et après l’arrêt du traitement antifongique.",,
INT_01214,Précaution d'emploi,Risque d'augmentation des concentrations sanguines de l'immunosuppresseur par inhibition de son métabolisme et de la créatininémie.,"Dosage des concentrations sanguines de l'immunosuppresseur, contrôle de la fonction rénale et adaptation de sa posologie pendant l'association et après son arrêt.",,
INT_01215,Précaution d'emploi,"Augmentation des concentrations d’ivacaftor, avec risque de majoration des effets indésirables.",Se référer à l'AMM pour les adaptations posologiques.,,
INT_01216,Précaution d'emploi,"Augmentation des concentrations plasmatiques de midazolam par diminution de son métabolisme hépatique, avec majoration de la sédation.",Surveillance clinique et réduction de la posologie de midazolam en cas de traitement par le fluconazole.,,
INT_01217,Précaution d'emploi,Doublement des concentrations de névirapine avec risque d'augmentation de ses effets indésirables.,Surveillance clinique et adaptation éventuelle de la posologie de la névirapine.,,
INT_01218,Précaution d'emploi,Augmentation des concentrations plasmatiques de phénytoïne pouvant atteindre des valeurs toxiques. Mécanisme invoqué : inhibition du métabolisme hépatique de la phénytoïne.,Surveillance clinique et biologique étroite.,,
INT_01219,Précaution d'emploi,"Risque d'accroissement des effets indésirables de la rifabutine (uvéites), par augmentation de ses concentrations et de celles de son métabolite actif.","Surveillance clinique et biologique régulière, notamment en début d'association.",,
INT_01220,Précaution d'emploi,Risque majoré d'effets indésirables concentration-dépendants à type de rhabdomyolyse (diminution du métabolisme hépatique de la simvastatine).,"Ne pas dépasser la posologie de 20 mg/j de simvastatine. Si l'objectif thérapeutique n'est pas atteint, utiliser une autre statine non concernée par ce type d’interaction.",,
INT_01221,Précaution d'emploi,Augmentation du temps de demi-vie du sulfamide avec survenue possible de manifestations d'hypoglycémie.,"Prévenir le patient, renforcer l'autosurveillance glycémique et adapter éventuellement la posologie du sulfamide pendant le traitement par le fluconazole.",,
INT_01222,Précaution d'emploi,Augmentation de la théophyllinémie avec risque de surdosage (diminution de la clairance de la théophylline).,"Surveillance clinique et éventuellement de la théophyllinémie ; s'il y a lieu, adaptation de la posologie de la théophylline pendant le traitement par le fluconazole et après son arrêt.",,
INT_01223,Précaution d'emploi,"Augmentation des concentrations de tolvaptan, avec risque de majoration importante des effets indésirables, notamment diurèse importante, déshydratation, insuffisance rénale aiguë.",Réduire la posologie de tolvaptan de moitié.,,
INT_01224,Précaution d'emploi,Risque de majoration de la toxicité de l’antimitotique par diminution de son métabolisme hépatique par le fluconazole.,Surveillance clinique et biologique étroite pendant l’association.,,
INT_01225,A prendre en compte,"Risque de diminution de l’efficacité du losartan, par inhibition de la formation de son métabolite actif par le fluconazole.",,,
INT_01226,Précaution d'emploi,Augmentation de la toxicité hématologique (addition d'effets de toxicité médullaire).,Contrôle plus fréquent de l'hémogramme.,,
INT_01227,A prendre en compte,Risque de majoration de la toxicité hématologique,,,
INT_01228,A prendre en compte,Risque de majoration de la toxicité hématologique.,,,
INT_01229,A prendre en compte,Risque de majoration de la toxicité hématologique.,,,
INT_01230,A prendre en compte,Risque de majoration de la toxicité hématologique.,,,
INT_01231,Association DECONSEILLEE,Majoration du risque de toxicité pulmonaire pouvant être fatale.,,,cytotoxiques
INT_01232,Précaution d'emploi,Augmentation de l'effet de l'antivitamine K et du risque hémorragique.,Contrôle plus fréquent de l'INR. Adaptation éventuelle de la posologie de l'antivitamine K pendant le traitement par la fluoroquinolone et après son arrêt.,,
INT_01233,Précaution d'emploi,Diminution de l'absorption digestive des fluoroquinolones.,"Prendre les sels de fer à distance des fluoroquinolones (plus de 2 heures, si possible).",,
INT_01234,Précaution d'emploi,Diminution de l'absorption digestive du strontium.,"Prendre le strontium à distance des fluoroquinolones (plus de deux heures, si possible).",,
INT_01235,Précaution d'emploi,Diminution de l'absorption digestive des fluoroquinolones.,"Prendre le sucralfate à distance des fluoroquinolones (plus de 2 heures, si possible).",,
INT_01236,Précaution d'emploi,Diminution de l'absorption digestive des fluoroquinolones.,"Prendre les sels de zinc à distance des fluoroquinolones (plus de 2 heures, si possible).",,
INT_01237,A prendre en compte,"Possible majoration du risque de tendinopathie, voire de rupture tendineuse (exceptionnelle), particulièrement chez les patients recevant une corticothérapie prolongée.",,,
INT_01238,A prendre en compte,"Diminution des concentrations de l’acide mycophénolique d’environ un tiers, avec risque potentiel de baisse d’efficacité.",,,
INT_01239,Association DECONSEILLEE,Augmentation importante de l'effet de l'antivitamine K et du risque hémorragique.,"Si elle ne peut être évitée, contrôle plus fréquent de l'INR. Adaptation de la posologie de l'antivitamine K pendant le traitement par le cytotoxique et 8 jours après son arrêt.",,
INT_01240,A prendre en compte,"Potentialisation des effets, à la fois cytostatiques et indésirables, du fluoro-uracile.",,,
INT_01241,A prendre en compte,Augmentation de la toxicité gastro-intestinale du fluorouracile.,,,
INT_01242,A prendre en compte,Augmentation de la toxicité du fluoro-uracile par diminution de sa clairance.,,,
INT_01243,A prendre en compte,Augmentation de la toxicité du fluoro-uracile par diminution de sa clairance.,,,
INT_01244,Contre-indication,"Risque majoré de troubles du rythme ventriculaire, notamment de torsades de pointes.",,,hyponatrémiants - inhibiteurs sélectifs de la recapture de la sérotonine - médicaments
INT_01245,Contre-indication,Augmentation possiblement très importante de l’exposition des métabolites actifs de la tétrabénazine.,,,hyponatrémiants - inhibiteurs sélectifs de la recapture de la sérotonine - médicaments
INT_01246,Association DECONSEILLEE,Diminution de l’efficacité de l’opiacé par inhibition de son métabolisme par l’inhibiteur.,,,hyponatrémiants - inhibiteurs sélectifs de la recapture de la sérotonine - médicaments
INT_01247,Association DECONSEILLEE,"Risque de majoration des effets indésirables de la méquitazine, par inhibition de son métabolisme par l’inhibiteur enzymatique.",,,hyponatrémiants - inhibiteurs sélectifs de la recapture de la sérotonine - médicaments
INT_01248,Association DECONSEILLEE,"Baisse de l’efficacité du tamoxifène, par inhibition de la formation de son métabolite actif par la fluoxétine.",,,hyponatrémiants - inhibiteurs sélectifs de la recapture de la sérotonine - médicaments
INT_01249,Association DECONSEILLEE,Diminution de l’efficacité de l’opiacé par inhibition de son métabolisme par l’inhibiteur.,,,hyponatrémiants - inhibiteurs sélectifs de la recapture de la sérotonine - médicaments
INT_01250,Précaution d'emploi,Augmentation des concentrations plasmatiques de carbamazépine avec signes de surdosage.,"Surveillance clinique, contrôle des concentrations plasmatiques de carbamazépine et réduction éventuelle de la posologie de la carbamazépine pendant le traitement par l'antidépresseur sérotoninergique et après son arrêt.",,hyponatrémiants - inhibiteurs sélectifs de la recapture de la sérotonine - médicaments
INT_01251,Précaution d'emploi,"Risque de majoration des effets indésirables du métoprolol, avec notamment bradycardie excessive, par inhibition de son métabolisme par la fluoxétine.","Surveillance clinique accrue ; si besoin, adaptation de la posologie du métoprolol pendant la durée du traitement par la fluoxétine et après son arrêt.",,hyponatrémiants - inhibiteurs sélectifs de la recapture de la sérotonine - médicaments
INT_01252,Précaution d'emploi,"Risque de majoration des effets indésirables du nébivolol avec notamment bradycardie excessive, par inhibition de son métabolisme par l’antidépresseur.","Surveillance clinique accrue ; si besoin, adaptation de la posologie du nébivolol pendant la durée du traitement par l’antidépresseur et après son arrêt.",,hyponatrémiants - inhibiteurs sélectifs de la recapture de la sérotonine - médicaments
INT_01253,Précaution d'emploi,"Augmentation des concentrations plasmatiques de phénytoïne avec signes de surdosage, par inhibition du métabolisme de la phénytoïne.","Surveillance clinique et éventuellement contrôle des concentrations plasmatiques de phénytoïne. Si besoin, adaptation posologique pendant le traitement par la fluoxétine et après son arrêt.",,hyponatrémiants - inhibiteurs sélectifs de la recapture de la sérotonine - médicaments
INT_01254,Précaution d'emploi,"Augmentation de la fraction active de la rispéridone par diminution de son métabolisme hépatique par la fluoxétine, avec risque de majoration des effets indésirables.","Surveillance clinique et, si besoin, adaptation posologique de la rispéridone.",,hyponatrémiants - inhibiteurs sélectifs de la recapture de la sérotonine - médicaments
INT_01255,Précaution d'emploi,"Augmentation modérée des concentrations de fluvastatine, avec risque musculaire non exclu.",Surveillance clinique et biologique pendant l’association.,,inhibiteurs de l'HMG-CoA réductase (statines) - médicaments à l'origine d'atteintes
INT_01256,Contre-indication,"Augmentation des concentrations d'agomélatine, avec risque de majoration des effets indésirables.",,,hyponatrémiants - inhibiteurs sélectifs de la recapture de la sérotonine - médicaments
INT_01257,Contre-indication,Risque d’augmentation des effets indésirables de la duloxétine par diminution de son métabolisme hépatique par la fluvoxamine.,,,hyponatrémiants - inhibiteurs sélectifs de la recapture de la sérotonine - médicaments
INT_01258,Contre-indication,Augmentation des concentrations plasmatiques de pirfenidone avec signes de surdosage.,,,hyponatrémiants - inhibiteurs sélectifs de la recapture de la sérotonine - médicaments
INT_01259,Précaution d'emploi,Risque de majoration des effets indésirables de l’abrocitinib par diminution de son métabolisme.,Réduire la posologie de l’abrocitinib de moitié en cas de traitement par la fluvoxamine.,,hyponatrémiants - inhibiteurs sélectifs de la recapture de la sérotonine - médicaments
INT_01260,Précaution d'emploi,Augmentation des concentrations plasmatiques de carbamazépine avec signes de surdosage.,"Surveillance clinique, contrôle des concentrations plasmatiques de carbamazépine et réduction éventuelle de la posologie de la carbamazépine pendant le traitement par l'antidépresseur sérotoninergique et après son arrêt.",,hyponatrémiants - inhibiteurs sélectifs de la recapture de la sérotonine - médicaments
INT_01261,Précaution d'emploi,Augmentation des concentrations plasmatiques de clozapine avec signes de surdosage.,"Surveillance clinique accrue ; si besoin, adaptation de la posologie de la clozapine pendant le traitement par la fluvoxamine et après son arrêt.",,hyponatrémiants - inhibiteurs sélectifs de la recapture de la sérotonine - médicaments
INT_01262,Précaution d'emploi,Augmentation des concentrations plasmatiques de la lidocaïne avec possibilités d’effets indésirables neurologiques et cardiaques (diminution de la clairance hépatique de la lidocaïne).,"Surveillance clinique, ECG et éventuellement contrôle des concentrations plasmatiques de la lidocaïne pendant et après l’arrêt de l’association. Adaptation, si besoin, de la posologie de la lidocaïne.",,hyponatrémiants - inhibiteurs sélectifs de la recapture de la sérotonine - médicaments
INT_01263,Précaution d'emploi,"Augmentation des concentrations plasmatiques de méthadone avec surdosage et risque majoré d’allongement de l’intervalle QT et de troubles du rythme ventriculaire, notamment de torsades de pointes.","Surveillance clinique et électrocardiographique renforcée ; si besoin, adaptation de la posologie de la méthadone pendant le traitement par la fluvoxamine et après son arrêt.",,hyponatrémiants - inhibiteurs sélectifs de la recapture de la sérotonine - médicaments
INT_01264,Précaution d'emploi,"Risque de majoration des effets indésirables de la méxilétine, par inhibition de son métabolisme par la fluvoxamine.",Surveillance clinique et ECG. Adaptation de la posologie de la méxilétine pendant le traitement par la fluvoxamine et après son arrêt.,,hyponatrémiants - inhibiteurs sélectifs de la recapture de la sérotonine - médicaments
INT_01265,Précaution d'emploi,"Augmentation des concentrations de l’olanzapine, avec risque de majoration des effets indésirables, par diminution de son métabolisme hépatique par la fluvoxamine.",Surveillance clinique et réduction éventuelle de la posologie de l’olanzapine pendant le traitement par fluvoxamine.,,hyponatrémiants - inhibiteurs sélectifs de la recapture de la sérotonine - médicaments
INT_01266,Précaution d'emploi,"Augmentation des concentrations plasmatiques de phénytoïne avec signes de surdosage, par inhibition du métabolisme hépatique de la phénytoïne.","Surveillance clinique et éventuellement contröle des concentrations plamatiques de phénytoïne. Si besoin, adaptation posologique de la phénytoïne pendant le traitement par la fluvoxamine et après son arrët.",,hyponatrémiants - inhibiteurs sélectifs de la recapture de la sérotonine - médicaments
INT_01267,Précaution d'emploi,"Augmentation des concentrations plasmatiques de propranolol par inhibition de son métabolisme hépatique, avec majoration de l'activité et des effets indésirables, par exemple : bradycardie importante.","Surveillance clinique accrue et, si besoin, adaptation de la posologie du propranolol pendant le traitement par la fluvoxamine et après son arrêt.",,hyponatrémiants - inhibiteurs sélectifs de la recapture de la sérotonine - médicaments
INT_01268,Précaution d'emploi,"Augmentation des concentrations de ropinirole, avec risque de surdosage, par diminution de son métabolisme hépatique par la fluvoxamine.",Surveillance clinique et réduction de la posologie du ropinirole pendant le traitement par fluvoxamine et après son arrêt.,,hyponatrémiants - inhibiteurs sélectifs de la recapture de la sérotonine - médicaments
INT_01269,Précaution d'emploi,Augmentation de la théophyllinémie avec signes de surdosage (diminution du métabolisme hépatique de la théophylline).,"Surveillance clinique et éventuellement de la théophyllinémie ; si besoin, adaptation de la posologie de la théophylline pendant le traitement par la fluvoxamine et après son arrêt.",,hyponatrémiants - inhibiteurs sélectifs de la recapture de la sérotonine - médicaments
INT_01270,Précaution d'emploi,"Diminution des concentrations plasmatiques du phénobarbital, par augmentation de son métabolisme dont les folates représentent un des cofacteurs.","Surveillance clinique, contrôle des concentrations plasmatiques, et adaptation, s'il y a lieu, de la posologie du phénobarbital pendant la supplémentation folique et après son arrêt.",,
INT_01271,Précaution d'emploi,Diminution des concentrations plasmatiques de phénytoïne par augmentation de son métabolisme dont les folates représentent un des cofacteurs.,Surveillance clinique et contrôle des concentrations plasmatiques de phénytoïne. Adaptation éventuelle de la posologie de la phénytoïne pendant la supplémentation folique et après son arrêt.,,
INT_01272,Association DECONSEILLEE,Diminution significative des concentrations d’amprénavir pouvant conduire à une perte de la réponse virologique.,,,inhibiteurs de protéases boostés par ritonavir
INT_01273,Précaution d'emploi,Risque de baisse de l'efficacité de l'amprénavir.,"Surveillance clinique et biologique régulière, notamment en début d'association.",,inhibiteurs de protéases boostés par ritonavir
INT_01274,Précaution d'emploi,Risque de baisse de l'efficacité de l'amprénavir.,"Surveillance clinique et biologique régulière, notamment en début d'association.",,inhibiteurs de protéases boostés par ritonavir
INT_01275,Précaution d'emploi,Risque d'hypocalcémie sévère.,Surveillance de la calcémie et supplémentation si nécessaire.,,médicaments néphrotoxiques
INT_01276,Précaution d'emploi,Doublement moyen des concentrations plasmatiques de la rosuvastatine.,"Surveillance clinique et biologique, avec adaptation de la posologie de rosuvastatine si nécessaire.",,inhibiteurs de tyrosine kinases métabolisés
INT_01277,Contre-indication,"Diminution significative des concentrations de fotemsavir avec la rifampicine, avec risque de réduction de la réponse virologique.","Contre-indication : - avec la rifampicine, la carbamazépine, la phénytoïne, l’enzalutamide A prendre en compte : - avec les autres inducteurs",Yes,
INT_01278,Contre-indication,"Risque de diminution significative des concentrations de fostemsavir avec le millepertuis, avec réduction de la réponse virologique.",,,
INT_01279,Contre-indication,"Diminution significative des concentrations de fostemsavir avec la rifampicine, avec risque de réduction de la réponse virologique. Éventualité non exclue avec le mitotane.",,,
INT_01280,Précaution d'emploi,Augmentation modérée des concentrations de rosuvastatine.,Débuter par la dose minimale de rosuvastatine. Surveillance clinique régulière.,,
INT_01281,Précaution d'emploi,Avec la dacarbazine à doses élevées : risque de toxicité pulmonaire (syndrome de détresse respiratoire aiguë de l'adulte).,Ne pas utiliser simultanément mais respecter un délai d'une semaine entre la dernière administration de fotémustine et le premier jour de la cure de dacarbazine.,,cytotoxiques
INT_01282,Précaution d'emploi,Diminution de l'effet diurétique pouvant atteindre 50 %.,Utiliser éventuellement des doses plus élevées de furosémide.,,antihypertenseurs sauf alpha-bloquants - diurétiques - diurétiques de l'anse
INT_01283,Contre-indication,Antagonisme de la phosporylation et donc de l'effet pharmacologique du ganciclovir par le maribavir.,,,médicaments néphrotoxiques
INT_01284,Association DECONSEILLEE,"Risque d'augmentation des effets indésirables de la didanosine, et notamment la toxicité mitochondriale, par augmentation importante de ses concentrations. De plus risque de diminution de l'efficacité du ganciclovir par diminution de ses concentrations, si les deux médicaments sont ingérés à moins de 2 heures d'intervalle.",,,médicaments néphrotoxiques
INT_01285,Précaution d'emploi,Augmentation de la toxicité hématologique (addition d'effets de toxicité médullaire).,"Arrêter de façon transitoire la zidovudine ; contrôler la NFS et réintroduire, si possible, la zidovudine à doses faibles.",,médicaments néphrotoxiques
INT_01286,A prendre en compte,Risque de majoration de la toxicité hématologique.,,,médicaments néphrotoxiques
INT_01287,Contre-indication,Risque d’augmentation des concentrations plasmatiques du dasabuvir par le gemfibrozil.,,,fibrates - médicaments à l'origine d'atteintes musculaires
INT_01288,Contre-indication,"Risque d'hypoglycémie sévère voire de coma, par augmentation importante des concentrations plasmatiques de repaglinide par le gemfibrozil.",,,fibrates - médicaments à l'origine d'atteintes musculaires
INT_01289,Contre-indication,Risque d’augmentation des effets indésirables du sélexipag par diminution de son métabolisme.,,,fibrates - médicaments à l'origine d'atteintes musculaires
INT_01290,Association DECONSEILLEE,Augmentation importante des concentrations de tucatinib par diminution de son métabolisme par le gemfibrozil.,,,fibrates - médicaments à l'origine d'atteintes musculaires
INT_01291,Précaution d'emploi,Majoration de la fraction active de l’enzalutamide.,Réduire la dose d’enzalutamide de moitié en cas d’association au gemfibrozil.,,fibrates - médicaments à l'origine d'atteintes musculaires
INT_01292,Précaution d'emploi,Risque d’augmentation des concentrations plasmatiques du paclitaxel par inhibition de son métabolisme hépatique par le gemfibrozil.,Surveillance clinique et biologique étroite et adaptation de la posologie du paclitaxel pendant l’association.,,fibrates - médicaments à l'origine d'atteintes musculaires
INT_01293,Précaution d'emploi,"Augmentation de l’exposition du roxadustat, par diminution de son métabolisme par le gemfibrozil.",Surveillance clinique et biologique (hémoglobine).,,fibrates - médicaments à l'origine d'atteintes musculaires
INT_01294,A prendre en compte,Augmentation des concentrations des métabolites actifs de l’onazimod.,,,fibrates - médicaments à l'origine d'atteintes musculaires
INT_01295,Contre-indication,Diminution des concentrations plasmatiques de gilteritinib avec risque de perte d’efficacité.,,,inhibiteurs de tyrosine kinases métabolisés
INT_01296,Association DECONSEILLEE,Risque de moindre efficacité de l'éfavirenz.,,,
INT_01297,Précaution d'emploi,Risque d’augmentation de la théophyllinémie avec signes de surdosage par diminution de son métabolisme hépatique.,Surveillance clinique et éventuellement de la théophyllinémie.,,
INT_01298,Association DECONSEILLEE,"Diminution, éventuellement importante selon l'inducteur, des concentrations de glasdégib par augmentation de son métabolisme, avec risque d'inefficacité.","Association déconseillée - avec la rifampicine - avec les anticonvulsivants inducteurs enzymatiques (carbamazépine, phénytoïne, phénobarbital…) Précaution d'emploi - avec les autres inducteurs - si l’association ne peut être évitée, augmenter la dose de glasdégib.",Yes,
INT_01299,Association DECONSEILLEE,Risque de majoration des effets indésirables du glasdégib par diminution de son métabolisme.,"Si l’association ne peut être évitée, surveillance clinique étroite.",,
INT_01300,Précaution d'emploi,"Risque majoré de troubles du rythme ventriculaire, notamment de torsades de pointes.",Surveillance clinique et électrocardiographique pendant l'association.,,
INT_01301,Précaution d'emploi,"Risque de moindre efficacité du glibenclamide par diminution de ses concentrations plasmatiques, en raison de l'effet inducteur du bosentan. Par ailleurs, des cas d'hépatotoxicité ont été rapportés lors de l'association.","Surveillance de la glycémie, adaptation du traitement si besoin, et surveillance des constantes biologiques hépatiques.",,antabuse (réaction) - sulfamides hypoglycémiants
INT_01302,Précaution d'emploi,Risque d'hypoglycémie par augmentation de l’absorption et des concentrations plasmatiques de l’antidiabétique.,"Prévenir le patient, renforcer l'autosurveillance glycémique et adapter éventuellement la posologie du sulfamide hypoglycémiant pendant le traitement par l’érythromycine.",,antabuse (réaction) - sulfamides hypoglycémiants
INT_01303,Précaution d'emploi,Risque d'hypoglycémie par augmentation de l’absorption et des concentrations plasmatiques de l’antidiabétique.,"Prévenir le patient, renforcer l'autosurveillance glycémique et adapter éventuellement la posologie du sulfamide hypoglycémiant pendant le traitement par l’érythromycine.",,sulfamides hypoglycémiants
INT_01304,Précaution d'emploi,Tous les bêta-bloquants peuvent masquer certains symptômes de l'hypoglycémie : palpitations et tachycardie.,"Prévenir le patient et renforcer, surtout en début de traitement, l'autosurveillance glycémique.",,
INT_01305,Précaution d'emploi,Tous les bêtabloquants peuvent masquer certains symptômes de l'hypoglycémie : palpitations et tachycardie.,"Prévenir le patient et renforcer, surtout en début de traitement, l'autosurveillance glycémique.",,
INT_01306,Précaution d'emploi,Risque d’augmentation des concentrations plasmatiques du glipizide à l’origine d’hypoglycémies potentiellement sévères.,"Prévenir le patient, renforcer l'autosurveillance glycémique et adapter éventuellement la posologie du sulfamide pendant et après le traitement par voriconazole.",,antabuse (réaction) - sulfamides hypoglycémiants
INT_01307,Précaution d'emploi,Tous les bêtabloquants peuvent masquer certains symptômes de l'hypoglycémie : palpitations et tachycardie.,"Prévenir le patient et renforcer, surtout en début de traitement, l'autosurveillance glycémique.",,
INT_01308,Précaution d'emploi,"Possibilité de survenue d’effets indésirables musculaires à l’introduction d’une gliptine, malgré le traitement antérieur par statine bien toléré.",Le contrôle régulier de la fonction rénale et le strict respect des doses sont impératifs.,,
INT_01309,A prendre en compte,Risque de majoration de la survenue d'un angio-œdème d'origine bradykinique pouvant être fatal.,,,
INT_01310,A prendre en compte,Immunodépression excessive avec risque de lymphoprolifération.,,,
INT_01311,A prendre en compte,Risque de maladie généralisée éventuellement mortelle. Ce risque est majoré chez les sujets âgés déjà immunodéprimés par la maladie sous-jacente.,"En particulier, utiliser un vaccin inactivé lorsqu'il existe (poliomyélite).",,
INT_01312,Contre-indication,"A l'exception des voies inhalées et locales, et pour des posologies supérieures à 10 mg/j d’équivalent-prednisone (ou > 2 mg/kg/j chez l’enfant ou > 20 mg/j chez l’enfant de plus de 10 kg) pendant plus de deux semaines et pour les « bolus » de corticoïdes: risque de maladie vaccinale généralisée éventuellement mortelle. GLUCOCORTICOÏDES PAR VOIE INTRA-ARTICULAIRE ET (betamethasone, dexamethasone, méthylprednisolone, triamcinolone)",Et pendant les 3 mois suivant l'arrêt de la corticothérapie. MÉTABOLISÉS,,
INT_01313,Association DECONSEILLEE,Majoration du risque hémorragique.,Association déconseillée avec : - des doses anti-inflammatoires d'acide acétylsalicylique (>=1g par prise et/ou >=3g par jour) A prendre en compte avec : - des doses antalgiques ou antipyrétiques (>=500 mg par prise et/ou <3g par jour).,Yes,
INT_01314,Précaution d'emploi,"Glucocorticoïdes (voies générale et rectale) : impact éventuel de la corticothérapie sur le métabolisme de l'antivitamine K et sur celui des facteurs de la coagulation. Risque hémorragique propre à la corticothérapie (muqueuse digestive, fragilité vasculaire) à fortes doses ou en traitement prolongé supérieur à 10 jours.","Lorsque l'association est justifiée, renforcer la surveillance : le cas échéant, avec les antivitamines K, contrôle biologique au 8e jour, puis tous les 15 jours pendant la corticothérapie et après son arrêt.",,
INT_01315,Précaution d'emploi,"Décrit chez des patients HIV. Risque d’insuffisance surrénale aiguë, même en cas d’injection unique. L’articulation peut constituer un réservoir relarguant de façon continue le corticoïde CYP3A4-dépendant dans la circulation générale, avec augmentation possiblement très importante des concentrations du corticoïde, à l’origine d’une freination de la réponse hypothalamo- hypophysaire.",Préférer un corticoïde non CYP3A4-dépendant (hydrocortisone).,,
INT_01316,Précaution d'emploi,Augmentation du risque hémorragique.,Surveillance clinique.,,
INT_01317,Précaution d'emploi,Diminution des concentrations plasmatiques et de l'efficacité des corticoïdes par augmentation de leur métabolisme hépatique par l'inducteur ; les conséquences sont particulièrement importantes chez les addisoniens traités par l'hydrocortisone et en cas de transplantation.,Surveillance clinique et biologique ; adaptation de la posologie des corticoïdes pendant le traitement par l'inducteur et après son arrêt.,,
INT_01318,Précaution d'emploi,Décrit pour la prednisolone. Diminution des concentrations plasmatiques de l'isoniazide. Mécanisme invoqué : augmentation du métabolisme hépatique de l'isoniazide et diminution de celui des glucocorticoïdes.,Surveillance clinique et biologique.,,
INT_01319,Précaution d'emploi,"Décrit chez des patients HIV. Risque d’insuffisance surrénale aiguë, même en cas d’injection unique. L’articulation peut constituer un réservoir relarguant de façon continue le corticoïde CYP3A4-dépendant dans la circulation générale, avec augmentation possiblement très importante des concentrations du corticoïde, à l’origine d’une freination de la réponse hypothalamo-hypophysaire.",Préférer un corticoïde non CYP3A4-dépendant (hydrocortisone).,,
INT_01320,A prendre en compte,Augmentation du risque d’ulcération et d’hémorragie gastro- intestinale.,,,
INT_01321,A prendre en compte,"Avec les glucocorticoïdes par voie IV : risque de myopathie sévère, réversible après un délai éventuellement long (plusieurs mois).",,,
INT_01322,A prendre en compte,"Possible majoration du risque de tendinopathie, voire de rupture tendineuse (exceptionnelle), particulièrement chez les patients recevant une corticothérapie prolongée.",,,
INT_01323,A prendre en compte,Augmentation du risque hémorragique.,,,
INT_01324,Précaution d'emploi,Augmentation du risque hémorragique.,Contrôle plus fréquent de l’INR. Adapation éventuelle de la posologie de l’antivitamine K.,,
INT_01325,Précaution d'emploi,Diminution de la lithémie avec risque de baisse de l’efficacité thérapeutique.,Surveillance stricte de la lithémie et adaptation éventuelle de la posologie du lithium.,,
INT_01326,Contre-indication,Augmentation de l’hépatotoxicité avec la bithérapie.,,,
INT_01327,Contre-indication,"Augmentation importante des concentrations plasmatiques d’atorvastatine par la bithérapie, avec risque majoré d’effets indésirables (concentration-dépendants) à type de rhabdomyolyses.",,,
INT_01328,Contre-indication,"Doublement des concentrations plasmatiques de dabigatran, avec majoration du risque de saignements.",,,
INT_01329,Contre-indication,Augmentation de l’hépatotoxicité avec la bithérapie.,,,
INT_01330,Contre-indication,Diminution des concentrations plasmatiques de la bithérapie par augmentation de son métabolisme par le millepertuis.,,,
INT_01331,Contre-indication,"Augmentation importante des concentrations plasmatiques de simvastatine par la bithérapie, avec risque majoré d’effets indésirables (concentration-dépendants) à type de rhabdomyolyses",.,,
INT_01332,Précaution d'emploi,Augmentation des concentrations plasmatiques de la digoxine par la bithérapie.,Surveillance clinique et éventuellement de la digoxinémie pendant le traitement par glécaprévir/ pibrentasvir.,,
INT_01333,Contre-indication,Augmentation des concentrations de grazoprévir et d’elbasvir.,,,
INT_01334,Contre-indication,Risque de diminution des concentrations plasmatiques de grazoprevir/elbasvir par l’étravirine.,,,
INT_01335,Contre-indication,"Risque de diminution des concentrations de grazoprévir et d’elbasvir par l’inducteur, avec possible retentissement sur l’efficacité.",,,
INT_01336,Contre-indication,Augmentation des concentrations plasmatiques de grazoprévir et d’elbasvir.,Contre-indication - avec le ritonavir et le cobicistat Association déconseillée - avec les autres inhibiteurs du CYP3A4,Yes,
INT_01337,Association DECONSEILLEE,Risque d’augmentation des effets indésirables du sunitinib par le grazoprévir/elbasvir.,"Si l’association ne peut être évitée, surveillance clinique étroite.",,
INT_01338,Précaution d'emploi,Augmentation des concentrations plasmatiques de l’hypochlestérolémiant par augmentation de son absorption intestinale.,Surveillance clinique et biologique pendant l’association. La dose de statine ne doit pas dépasser 20 mg par jour (10 mg avec la rosuvastatine).,,
INT_01339,Précaution d'emploi,Augmentation des concentrations plasmatiques de tacrolimus par inhibition de son métabolisme hépatique.,Surveillance clinique et biologique étroite.,,
INT_01340,Précaution d'emploi,Diminution de l’efficacité contraceptive par augmentation du métabolisme hépatique du contraceptif hormonal par la griséofulvine.,"Utiliser une méthode additionnelle de type mécanique (préservatif) pendant la durée de l’association, et un cycle suivant l’arrêt de de la griséofulvine.",,antabuse (réaction)
INT_01341,Précaution d'emploi,Risque de diminution de l'efficacité du contraceptif hormonal par augmentation de son métabolisme hépatique.,"Utiliser une méthode contraceptive fiable, additionnelle ou alternative, pendant la durée de l'association et un cycle suivant.",,antabuse (réaction)
INT_01342,Contre-indication,"Avec la guanéthidine utilisée par voie IV : risque de réactions vasculaires imprévisibles, notamment d'hypotension.",Interrompre le traitement par IMAO 15 jours avant le traitement par guanéthidine.,,
INT_01343,Association DECONSEILLEE,"Risque majoré de troubles du rythme ventriculaires, notamment de torsades de pointes.","Si cela est possible, interrompre le fluconazole. Si l'association ne peut être évitée, contrôle préalable du QT et surveillance ECG monitorée.",,antiparasitaires susceptibles de donner des torsades de pointes - substances
INT_01344,Association DECONSEILLEE,"Risque majoré de troubles du rythme ventriculaires, notamment de torsades de pointes.","Si cela est possible, interrompre l'inhibiteur. Si l'association ne peut être évitée, contrôle préalable du QT et surveillance ECG monitorée.",,antiparasitaires susceptibles de donner des torsades de pointes - substances
INT_01345,Association DECONSEILLEE,"Risque majoré de troubles du rythme ventriculaire, notamment de torsades de pointes.","Si cela est possible, interrompre le macrolide. Si l’association ne peut être évitée, contrôle préalable du QT et surveillance ECG monitorée.",,antiparasitaires susceptibles de donner des torsades de pointes - substances
INT_01346,Association DECONSEILLEE,"Risque majoré de troubles du rythme ventriculaire, notamment de torsades de pointes.",,,antiparasitaires susceptibles de donner des torsades de pointes - substances
INT_01347,Association DECONSEILLEE,"Risque majoré de troubles du rythme ventriculaire, notamment de torsades de pointes.",,,antiparasitaires susceptibles de donner des torsades de pointes - substances
INT_01348,Précaution d'emploi,Risque de moindre efficacité de l'halopéridol par augmentation de son métabolisme hépatique par l'inducteur.,"Surveillance clinique et, si besoin, adaptation posologique pendant le traitement par l'halopéridol et après son arrêt.",,médicaments abaissant le seuil épileptogène - médicaments sédatifs - médicaments
INT_01349,Précaution d'emploi,"Risque de diminution des concentrations plasmatiques de l'halopéridol et de son efficacité thérapeutique, par augmentation de son métabolisme hépatique par la rifampicine.","Surveillance clinique et, si besoin, adaptation posologique pendant le traitement par la rifampicine et après son arrêt.",,médicaments abaissant le seuil épileptogène - médicaments sédatifs - médicaments
INT_01350,Association DECONSEILLEE,"En cas d'intervention obstétricale, majoration de l'inertie utérine avec risque hémorragique ; par ailleurs, troubles du rythme ventriculaires graves, par augmentation de la réactivité cardiaque.",Interrompre le traitement par bêta-2 mimétiques si l'anesthésie doit se faire sous halothane.,,anesthésiques volatils halogénés
INT_01351,Association DECONSEILLEE,Troubles du rythme ventriculaire graves par augmentation de l'excitabilité cardiaque.,,,anesthésiques volatils halogénés
INT_01352,Association DECONSEILLEE,Risque de baisse de l’efficacité des hormones thyroïdiennes.,,,
INT_01353,Précaution d'emploi,"Diminution probable de l'absorption des hormones thyroïdiennes, par augmentation du pH intra-gastrique par l'antisécrétoire.","Contrôle clinique et biologique régulier, avec augmentation éventuelle de la posologie des hormones thyroïdiennes.",,
INT_01354,Précaution d'emploi,Diminution de l’absorption digestive des hormones thyroïdiennes.,"Prendre les sels de calcium à distance des hormones thyroïdiennes (plus de 2 heures, si possible).",,
INT_01355,Précaution d'emploi,Risque d’hypothyroïdie clinique chez les patients substitués par hormones thyroïdiennes.,"Surveillance clinique et biologique. Adaptation, si besoin, de la posologie des hormones thyroïdiennes pendant le traitement par chloroquine et après son arrêt.",,
INT_01356,Précaution d'emploi,"Risque d'hypothyroïdie clinique chez les patients hypothyroïdiens, par augmentation du métabolisme de la T3 et de la T4.","Surveillance clinique et biologique. Adaptation, si besoin, de la posologie des hormones thyroïdiennes pendant le traitement par l'inducteur et après son arrêt.",,
INT_01357,Précaution d'emploi,Risque d'hypothyroïdie clinique en cas d'estrogénothérapie substitutive.,Surveillance clinique et biologique ; adaptation éventuelle des doses de l'hormone thyroïdienne chez les femmes ménopausées prenant des estrogènes.,,
INT_01358,Précaution d'emploi,Diminution de l'absorption digestive des hormones thyroïdiennes.,"Prendre les hormones thyroïdiennes à distance du fer (plus de 2 heures, si possible).",,
INT_01359,Précaution d'emploi,"Risque d'hypothyroïdie clinique chez les patients hypothyroïdiens, par augmentation du métabolisme de la T3 et de la T4.","Surveillance clinique et biologique. Adaptation, si besoin, de la posologie des hormones thyroïdiennes pendant le traitement par l'inducteur et après son arrêt.",,
INT_01360,Précaution d'emploi,Risque de baisse de l’efficacité des hormones thyroïdiennes par augmentation de leur métabolisme hépatique par le ritonavir.,Surveillance clinique et biologique et adaptation éventuelle de la posologie des hormones thyroïdiennes.,,
INT_01361,Précaution d'emploi,Risque d’hypothyroïdie clinique chez les patients substitués par hormones thyroïdiennes.,"Surveillance clinique et biologique. Adaptation, si besoin, de la posologie des hormones thyroïdiennes pendant le traitement par l’antipaludique et après son arrêt.",,
INT_01362,Précaution d'emploi,"Décrit pour la phénytoïne, la rifampicine, la carbamazépine. Risque d'hypothyroïdie clinique chez les patients hypothyroïdiens, par augmentation du métabolisme de la T3 et de la T4.","Surveillance clinique et biologique. Adaptation, si besoin, de la posologie des hormones thyroïdiennes pendant le traitement par la rifabutine et après son arrêt.",,
INT_01363,Précaution d'emploi,"Risque d'hypothyroïdie clinique chez les patients hypothyroïdiens, par augmentation du métabolisme de la T3 et de la T4.","Surveillance clinique et biologique. Adaptation, si besoin, de la posologie des hormones thyroïdiennes pendant le traitement par la rifampicine et après son arrêt.",,
INT_01364,Précaution d'emploi,Diminution de l'absorption digestive des hormones thyroïdiennes.,"Prendre les hormones thyroïdiennes à distance de la résine (plus de 2 heures, si possible).",,
INT_01365,Précaution d'emploi,Risque de moindre efficacité de la supplémentation en lévothyroxine par baisse de la conversion de T4 en T3 en cas de traitement par selpercatinib.,"Surveillance clinique et biologique, et adjonction éventuelle de liothyronine au traitement par la lévothyroxine.",,
INT_01366,Précaution d'emploi,Diminution de l'absorption digestive des hormones thyroïdiennes.,"Prendre les hormones thyroïdiennes à distance du sucralfate (plus de 2 heures, si possible).",,
INT_01367,A prendre en compte,Risque de déséquilibre du traitement thyroïdien substitutif en cas de traitement par orlistat.,,,
INT_01368,Contre-indication,"Risque de rupture du préservatif lors de l'utilisation avec des corps gras ou des lubrifiants contenant des huiles minérales (huile de paraffine, huile de silicone, etc...).","Utiliser un lubrifiant hydrosoluble (glycérine, polyacrylamide...).",,
INT_01369,Précaution d'emploi,Risque de diminution de l'efficacité de l'hydrocortisone (augmentation de son métabolisme) ; les conséquences sont graves lorsque l'hydrocortisone est administrée en traitement substitutif ou en cas de transplantation.,Surveillance clinique et biologique ; adaptation de la posologie de l'hydrocortisone pendant l'association et après l'arrêt de l'inducteur enzymatique.,,corticoïdes - hypokaliémiants
INT_01370,Précaution d'emploi,Augmentation des concentrations plasmatiques de l'hydroquinidine et risque de surdosage (diminution de l'excrétion rénale de l'hydroquinidine par alcalinisation des urines).,"Surveillance clinique, ECG et éventuellement contrôle des concentrations de l'hydroquinidine ; si besoin, adaptation de la posologie pendant le traitement alcalinisant et après son arrêt.",,antiarythmiques - antiarythmiques classe Ia - bradycardisants - substances
INT_01371,Précaution d'emploi,"Augmentation de la digoxinémie par diminution de la clairance rénale de la digoxine. De plus, troubles de l'automatisme (bradycardie excessive et troubles de la conduction auriculo- ventriculaire).","Surveillance clinique et ECG. En cas de réponse inattendue, contrôler la digoxinémie et adapter la posologie.",,antiarythmiques - antiarythmiques classe Ia - bradycardisants - substances
INT_01372,Précaution d'emploi,Risque d'acouphènes et/ou de diminution de l'acuité auditive : cinchonisme lié à une diminution du métabolisme hépatique de l'antiarythmique par l'itraconazole.,Surveillance des concentrations plasmatiques de l'antiarythmique et diminution éventuelle de sa posologie si nécessaire.,,antiarythmiques - antiarythmiques classe Ia - bradycardisants - substances
INT_01373,Association DECONSEILLEE,"Dans son indication chez le patient drépanocytaire, risque théorique de maladie vaccinale généralisée.","L'association ne devra être envisagée que si les bénéfices sont estimés comme étant supérieurs à ce risque. S'il est décidé d’interrompre le traitement par hydroxycarbamide pour effectuer la vaccination, un délai de 3 mois après l’arrêt est recommandé.",,cytotoxiques
INT_01374,Contre-indication,"Risque majoré de troubles du rythme ventriculaire, notamment de torsades de pointes.","Contre-indication : - avec le citalopram, la dompéridone, l'escitalopram, l'hydroxyzine et la pipéraquine. Association déconseillée: - avec les autres médicaments susceptibles de donner des torsades de pointes. Si l’association ne peut être évitée, contrôle clinique et électrocardiographique régulier.",Yes,substances susceptibles de donner des torsades de pointes
INT_01375,A prendre en compte,"Risque de majoration de l’hyperkaliémie, potentiellement létale.",,,
INT_01376,A prendre en compte,Majoration de la dépression centrale.,,,
INT_01377,Précaution d'emploi,Risque majoré d'hypokaliémie.,Surveillance de la kaliémie avec si besoin correction.,,
INT_01378,Précaution d'emploi,Hypokaliémie favorisant les effets toxiques des digitaliques.,"Corriger auparavant toute hypokaliémie et réaliser une surveillance clinique, électrolytique et électrocardiographique.",,
INT_01379,Précaution d'emploi,"Risque majoré de troubles du rythme ventriculaire, notamment de torsades de pointes.","Corriger toute hypokaliémie avant d’administrer le produit et réaliser une surveillance clinique, électrolytique et électrocardiographique.",,
INT_01380,A prendre en compte,Majoration du risque d’hyponatrémie.,,,
INT_01381,Contre-indication,Augmentation du risque hémorragique.,"Les anticoagulants oraux d'action directe ne doivent pas être administrés conjointement à l'héparine. Lors du relais de l'un par l'autre, respecter l'intervalle entre les prises. Lors du relais héparine/antivitamine K (nécessitant plusieurs jours), renforcer la surveillance clinique et biologique.",Yes,
INT_01382,Association DECONSEILLEE,Risque hémorragique accru.,,,
INT_01383,Précaution d'emploi,Augmentation du risque hémorragique.,Surveillance clinique.,,
INT_01384,A prendre en compte,Augmentation du risque hémorragique.,,,
INT_01385,A prendre en compte,Augmentation du risque hémorragique.,,,
INT_01386,Association DECONSEILLEE,Augmentation du risque hémorragique (inhibition de la fonction plaquettaire et agression de la muqueuse gastroduodénale par l’acide acétylsalicylique.,Association déconseillée avec : - des doses anti-inflammatoires d'acide acétylsalicylique (>=1g par prise et/ou >=3g par jour) - des doses antalgiques ou antipyrétiques (>=500 mg par prise et/ou <3g par jour) Utiliser un autre anti-inflammatoire ou un autre antalgique ou antipyrétique. A prendre en compte avec : - des doses antiagrégantes (de 50 mg à 375 mg par jour).,Yes,
INT_01387,Association DECONSEILLEE,Augmentation du risque hémorragique (agression de la muqueuse gastroduodénale par les anti-inflammatoires non stéroïdiens).,"Si l'association ne peut être évitée, surveillance clinique étroite.",,
INT_01388,Association DECONSEILLEE,Augmentation du risque hémorragique (inhibition de la fonction plaquettaire par le dextran 40).,,,
INT_01389,A prendre en compte,Augmentation du risque hémorragique.,,,
INT_01390,A prendre en compte,"L’utilisation conjointe de médicaments agissant à divers niveaux de l’hémostase majore le risque de saignement. Ainsi, chez le sujet de moins de 65 ans, l’association de l'héparine à doses préventives, ou de substances apparentées, à l’acide acétylsalicylique, quelle que soit la dose, doit être prise en compte en maintenant une surveillance clinique et éventuellement biologique.",,,
INT_01391,A prendre en compte,Augmentation du risque hémorragique.,,,
INT_01392,Association DECONSEILLEE,Risque d'augmentation des concentrations plasmatiques d’ibrutinib par diminution de son métabolisme hépatique par l’amiodarone.,"Si l’association ne peut être évitée, surveillance clinique étroite et réduction de la dose d’ibrutinib à 280 mg par jour pendant la durée de l’association.",,inhibiteurs de tyrosine kinases métabolisés - substrats à risque du CYP3A4
INT_01393,Association DECONSEILLEE,Augmentation du risque hémorragique.,"Si l’association ne peut être évitée, surveillance clinique et biologique étroite (pour les antivitamines K, contrôle plus fréquent de l’INR).",,inhibiteurs de tyrosine kinases métabolisés - substrats à risque du CYP3A4
INT_01394,Association DECONSEILLEE,Risque d’augmentation des concentrations plasmatiques d’ibrutinib par diminution de son métabolisme hépatique par le crizotinib.,"Si l’association ne peut être évitée, surveillance clinique étroite et réduction de la dose d’ibrutinib à 280 mg par jour pendant la durée de l’association.",,inhibiteurs de tyrosine kinases métabolisés - substrats à risque du CYP3A4
INT_01395,Association DECONSEILLEE,Risque d'augmentation des concentrations plasmatiques d’ibrutinib par diminution de son métabolisme hépatique par le diltiazem.,"Si l’association ne peut être évitée, surveillance clinique étroite et réduction de la dose d’ibrutinib à 280 mg par jour pendant la durée de l’association.",,inhibiteurs de tyrosine kinases métabolisés - substrats à risque du CYP3A4
INT_01396,Association DECONSEILLEE,Risque d’augmentation des concentrations plasmatiques d’ibrutinib par diminution de son métabolisme hépatique par la dronédarone.,"Si l’association ne peut être évitée, surveillance clinique étroite et réduction de la dose d’ibrutinib à 280 mg par jour pendant la durée de l’association.",,inhibiteurs de tyrosine kinases métabolisés - substrats à risque du CYP3A4
INT_01397,Association DECONSEILLEE,Risque d’augmentation des concentrations plasmatiques d’ibrutinib par diminution de son métabolisme hépatique par le fluconazole.,"Si l’association ne peut être évitée, surveillance clinique étroite et réduction de la dose d’ibrutinib à 280 mg par jour pendant la durée de l’association.",,inhibiteurs de tyrosine kinases métabolisés - substrats à risque du CYP3A4
INT_01398,Association DECONSEILLEE,Risque d’augmentation des concentrations plasmatiques d’ibrutinib par diminution de son métabolisme hépatique par l'imatinib.,"Si l’association ne peut être évitée, surveillance clinique étroite et réduction de la dose d’ibrutinib à 280 mg par jour pendant la durée de l’association.",,inhibiteurs de tyrosine kinases métabolisés - substrats à risque du CYP3A4
INT_01399,Association DECONSEILLEE,Risque d’augmentation des concentrations plasmatiques d’ibrutinib par diminution de son métabolisme hépatique par le vérapamil.,"Si l’association ne peut être évitée, surveillance clinique étroite et réduction de la dose d’ibrutinib à 280 mg par jour pendant la durée de l’association.",,inhibiteurs de tyrosine kinases métabolisés - substrats à risque du CYP3A4
INT_01400,Précaution d'emploi,Augmentation du risque hémorragique.,Surveillance clinique.,,inhibiteurs de tyrosine kinases métabolisés - substrats à risque du CYP3A4
INT_01401,Association DECONSEILLEE,Diminution des concentrations plasmatiques d’idélalisib par augmentation de son métabolisme hépatique par l'inducteur enzymatique.,,,
INT_01402,Association DECONSEILLEE,Risque de diminution importante des concentrations plasmatiques d’idélalisib par augmentation de son métabolisme hépatique par le millepertuis.,,,
INT_01403,Association DECONSEILLEE,Diminution des concentrations plasmatiques d’idélalisib par augmentation de son métabolisme hépatique par l’inducteur.,,,
INT_01404,Association DECONSEILLEE,Augmentation des concentrations plasmatiques du substrat par diminution de son métabolisme hépatique par l’idelalisib.,,,
INT_01405,Précaution d'emploi,"Majoration des effets indésirables de l’antagoniste des canaux calciques, à type d’hypotension orthostatique, notamment chez le sujet âgé.",Surveillance clinique et adaptation de la posologie de l’antagoniste calcique pendant le traitement par l’idélalisib et après son arrêt.,,
INT_01406,A prendre en compte,Augmentation des concentrations plasmatiques d’idélalisib par diminution de son métabolisme hépatique par l’inhibiteur.,,,
INT_01407,Association DECONSEILLEE,Risque de majoration de la neurotoxicité de l'ifosfamide par augmentation de son métabolisme hépatique par le phénobarbital.,,,cytotoxiques - médicaments néphrotoxiques
INT_01408,A prendre en compte,Risque d’augmentation de la neurotoxicité de l’ifosfamide.,,,cytotoxiques - médicaments néphrotoxiques
INT_01409,A prendre en compte,"Risque de diminution des concentrations de l'ifosfamide, avec augmentation de son métabolite actif et toxicité majorée.",,,cytotoxiques - médicaments néphrotoxiques
INT_01410,Contre-indication,"Risque d'apparition d'un syndrome sérotoninergique : diarrhée, tachycardie, sueurs, tremblements, confusion voire coma.",,,
INT_01411,Contre-indication,"Avec la guanéthidine utilisée par voie IV : risque de réactions vasculaires imprévisibles, notamment d'hypotension.",Interrompre le traitement par IMAO 15 jours avant le traitement par guanéthidine.,,
INT_01412,Contre-indication,"Risque de poussée hypertensive, par absence de sélectivité sur la monoamine oxydase, notamment en cas d’alimentation riche en tyramine (fromage, bière,…).",,,
INT_01413,Contre-indication,"Potentialisation des effets pharmacologiques, et notamment vasopresseurs, des catécholamines par inhibition conjuguée de leur métabolisme.",,,
INT_01414,Contre-indication,"Risque d'apparition d'un syndrome sérotoninergique : diarrhée, tachycardie, sueurs, tremblements, confusion voire coma.","Respecter un délai de deux semaines entre l'arrêt de l'IMAO et le début du traitement par l'antidépresseur sérotoninergique, et d'au moins une semaine entre l'arrêt de l'antidépresseur sérotoninergique (sauf pour la fluoxétine : cinq semaines) et le début.",,
INT_01415,Contre-indication,"Crises hypertensives (inhibition du métabolisme des amines pressives). Du fait de la durée d'action des IMAO, cette interaction est encore possible 15 jours après l'arrêt de l'IMAO.",,,
INT_01416,Contre-indication,"Risque d'apparition d'un syndrome sérotoninergique : diarrhée, tachycardie, sueurs, tremblements, confusion voire coma.","Respecter un délai de deux semaines entre l'arrêt de l'IMAO et le début de l'autre traitement, et d'au moins une semaine entre l'arrêt de l'autre traitement et le début de l'IMAO.",,
INT_01417,Contre-indication,"Risque d'apparition d'un syndrome sérotoninergique : diarrhée, tachycardie, sueurs, tremblements, confusion voire coma.",,,
INT_01418,Contre-indication,"Agitation psychomotrice, convulsions, hypertension.",,,
INT_01419,Contre-indication,"Hypertension paroxystique, hyperthermie pouvant être fatale. Du fait de la durée d'action de l'IMAO, cette interaction est encore possible 15 jours après l'arrêt de l'IMAO.",,,
INT_01420,Contre-indication,"Risque de crises hypertensives. Du fait de la durée d'action de l'IMAO, cette interaction est encore théoriquement possible 15 jours après son arrêt.",,,
INT_01421,Contre-indication,"Risque d'apparition d'un syndrome sérotoninergique : diarrhée, sueurs, tremblements, confusion, voire coma.",,,
INT_01422,Contre-indication,"Risque d'hypertension artérielle, de vasoconstriction artérielle coronaire.",,,
INT_01423,Association DECONSEILLEE,"Majoration des effets hypertenseurs et/ou hyperthermiques de la tyramine présente dans certaines boissons alcoolisées (chianti, certaines bières, etc).",Eviter la prise de boissons alcoolisées et de médicaments contenant de l'alcool.,,
INT_01424,Association DECONSEILLEE,"Risque d'apparition d'un syndrome sérotoninergique : diarrhée, tachycardie, sueurs, tremblements, confusion voire coma.",,,
INT_01425,Association DECONSEILLEE,"Risque d'apparition d'un syndrome sérotoninergique : diarrhée, tachycardie, sueurs, tremblements, confusion voire coma.","Si l'association ne peut être évitée, surveillance clinique très étroite. Débuter l'association aux posologies minimales recommandées.",,
INT_01426,Association DECONSEILLEE,"Risque d'apparition d'un syndrome sérotoninergique : diarrhée, tachycardie, sueur, confusion voire coma.","Si l'association ne peut être évitée, surveillance clinique très étroite. Débuter l'association aux posologies minimales recommandées.",,
INT_01427,Association DECONSEILLEE,"Crises hypertensives (inhibition du métabolisme des amines pressives). Du fait de la durée d'action de l'IMAO, cette interaction est encore possible 15 jours après l'arrêt de l'IMAO.",,,
INT_01428,Association DECONSEILLEE,"Risque de collapsus, hypertension paroxystique, hyperthermie, convulsions, décès.",,,
INT_01429,Association DECONSEILLEE,"Risque d'apparition d'un syndrome sérotoninergique : diarrhée, tachycardie, sueurs, tremblements, confusion voire coma.",,,
INT_01430,Association DECONSEILLEE,"Risque d'hypertension artérielle, de vasoconstriction artérielle coronaire. IMAO-A RÉVERSIBLES, Y COMPRIS OXAZOLIDINONES ET (bleu de methylene, linezolide, moclobemide, tédizolide)",BLEU DE MÉTHYLÈNE,,
INT_01431,Précaution d'emploi,Troubles du rythme ventriculaire graves par augmentation de l'excitabilité cardiaque.,"Limiter l'apport, par exemple : moins de 0,1 mg d'adrénaline en 10 minutes ou 0,3 mg en 1 heure chez l'adulte.",,
INT_01432,Précaution d'emploi,Risque d'apparition d'un syndrome sérotoninergique.,"Surveillance clinique et biologique régulière, notamment en début d'association.",,
INT_01433,Précaution d'emploi,"Augmentation de l'action pressive du sympathomimétique, le plus souvent modérée.",A n'utiliser que sous contrôle médical strict.,,
INT_01434,Contre-indication,Risque de crises hypertensives.,,,
INT_01435,Contre-indication,"Risque de poussée hypertensive, par absence de sélectivité sur la monoamine oxydase, notamment en cas d’alimentation riche en tyramine (fromage, bière,…).",,,
INT_01436,Contre-indication,"Manifestations d'excitation centrale évoquant un syndrome sérotoninergique : diarrhée, tachycardie, sueurs, tremblements, confusion voire coma.",,,
INT_01437,Contre-indication,"Risque d'hypertension artérielle, de vasoconstriction artérielle coronaire.",,,
INT_01438,Association DECONSEILLEE,"Risque d'hypertension artérielle, de vasoconstriction artérielle coronaire.",,,
INT_01439,A prendre en compte,Risque d'apparition d'un syndrome sérotoninergique.,,,
INT_01440,A prendre en compte,Augmentation du risque d'hypotension orthostatique.,,,
INT_01441,A prendre en compte,Risque d’apparition d’un syndrome sérotoninergique.,,,
INT_01442,Association DECONSEILLEE,"Augmentation du risque hémorragique. Pour l’apixaban et le rivaroxaban, risque de diminution de leur métabolisme par l’imatinib, se surajoutant au risque pharmacodynamique.","Si l’association ne peut être évitée, surveillance clinique et biologique étroite (pour les antivitamines K, contrôle plus fréquent de l’INR).",,inhibiteurs de tyrosine kinases métabolisés - médicaments à l'origine d'atteintes
INT_01443,Association DECONSEILLEE,Risque d’augmentation des concentrations plasmatiques d’ibrutinib par diminution de son métabolisme hépatique par l'imatinib.,"Si l’association ne peut être évitée, surveillance clinique étroite et réduction de la dose d’ibrutinib à 280 mg par jour pendant la durée de l’association.",,inhibiteurs de tyrosine kinases métabolisés - médicaments à l'origine d'atteintes
INT_01444,Association DECONSEILLEE,"Risque d’augmentation des concentrations plasmatiques de l'imatinib, par augmentation de son absorption avec le tédizolide administré par voie orale.",,,inhibiteurs de tyrosine kinases métabolisés - médicaments à l'origine d'atteintes
INT_01445,Contre-indication,"Diminution des concentrations sanguines de l'immunosuppresseur, en raison de l'effet inducteur enzymatique du millepertuis, avec risque de baisse d'efficacité voire d'annulation de l'effet dont les conséquences peuvent être éventuellement graves (rejet de greffe).",,,
INT_01446,Contre-indication,Augmentation des concentrations sanguines de l’immunosuppresseur (diminution de son métabolisme hépatique).,,,
INT_01447,Contre-indication,Risque de maladie vaccinale généralisée éventuellement mortelle.,Et pendant les 3 mois suivant l'arrêt du traitement.,,
INT_01448,Association DECONSEILLEE,"Risque de diminution très importante des concentrations des immunosuppresseurs, et perte d‘efficacité, par augmentation de leur métabolisme hépatique par l’apalutamide.",,,
INT_01449,Association DECONSEILLEE,Augmentation très importante des concentrations sanguines de l'immunosuppresseur par inhibition de son métabolisme hépatique.,"En cas d’association, contrôle strict de la fonction rénale, dosage des concentrations sanguines de l'immunosuppresseur et adaptation éventuelle de la posologie.",,
INT_01450,Association DECONSEILLEE,Augmentation importante des concentrations sanguines de l’immunosuppresseur par diminution de son métabolisme.,,,
INT_01451,Association DECONSEILLEE,Augmentation très importante des concentrations sanguines de l'immunosuppresseur par inhibition de son métabolisme hépatique.,"En cas d’association, contrôle strict de la fonction rénale, dosage des concentrations sanguines de l'immunosuppresseur et adaptation éventuelle de la posologie.",,
INT_01452,Association DECONSEILLEE,Augmentation très importante des concentrations sanguines de l'immunosuppresseur par inhibition de son métabolisme hépatique.,"En cas d’association, contrôle strict de la fonction rénale, dosage des concentrations sanguines de l'immunosuppresseur et adaptation de sa posologie.",,
INT_01453,Association DECONSEILLEE,Augmentation très importante des concentrations sanguines de l'immunosuppresseur par inhibition de son métabolisme hépatique.,"En cas d’association, contrôle strict de la fonction rénale, dosage des concentrations sanguines de l'immunosuppresseur et adaptation éventuelle de la posologie.",,
INT_01454,Association DECONSEILLEE,Augmentation très importante des concentrations sanguines de l'immunosuppresseur par inhibition de son métabolisme hépatique.,"En cas d’association, contrôle strict de la fonction rénale, dosage des concentrations sanguines de l'immunosuppresseur et adaptation éventuelle de la posologie.",,
INT_01455,Association DECONSEILLEE,Augmentation de la biodisponibilité de l’immunosuppresseur et par conséquent de ses effets indésirables.,,,
INT_01456,Association DECONSEILLEE,Augmentation très importante des concentrations sanguines de l'immunosuppresseur par inhibition de son métabolisme hépatique.,"En cas d’association, contrôle strict de la fonction rénale, dosage des concentrations sanguines de l'immunosuppresseur et adaptation éventuelle de la posologie.",,
INT_01457,Association DECONSEILLEE,Augmentation très importante des concentrations sanguines de l'immunosuppresseur par inhibition de son métabolisme hépatique.,"En cas d’association, contrôle strict de la fonction rénale, dosage des concentrations sanguines de l'immunosuppresseur et adaptation éventuelle de la posologie.",,
INT_01458,Association DECONSEILLEE,Augmentation des concentrations sanguines de l'immunosuppresseur par inhibition de son métabolisme hépatique par le voriconazole.,"Association déconseillée - avec l'évérolimus, le sirolimus, et le temsirolimus. Précaution d'emploi - avec la ciclosporine et le tacrolimus : dosage des concentrations sanguines de l'immunosuppresseur, contrôle de la fonction rénale et adaptation de la posologie pendant l'association et après son arrêt.",Yes,
INT_01459,Association DECONSEILLEE,"Risque de diminution des concentrations des immunosuppresseurs, avec pour conséquence un risque d’inefficacité.",,,
INT_01460,Précaution d'emploi,Augmentation des concentrations sanguines de l'immunosuppresseur par inhibition de son métabolisme hépatique.,"Dosage des concentrations sanguines de l'immunosuppresseur, contrôle de la fonction rénale et adaptation de la posologie pendant l'association et après son arrêt.",,
INT_01461,Précaution d'emploi,Augmentation des concentrations sanguines de l'immunosuppresseur par diminution de son métabolisme.,"Dosage des concentrations sanguines de l'immunosuppresseur, contrôle de la fonction rénale et adaptation de la posologie pendant l'association et après son arrêt.",,
INT_01462,Précaution d'emploi,Risque d'augmentation des concentrations sanguines de l'immunosuppresseur par inhibition de son métabolisme et de la créatininémie.,"Dosage des concentrations sanguines de l'immunosuppresseur, contrôle de la fonction rénale et adaptation de sa posologie pendant l'association et après son arrêt.",,
INT_01463,Précaution d'emploi,"Diminution des concentrations sanguines et de l'efficacité de l'immunosuppresseur, par augmentation de son métabolisme hépatique par l'inducteur.",Augmentation de la posologie de l'immunosuppresseur sous contrôle des concentrations sanguines. Réduction de la posologie après l'arrêt de l'inducteur.,,
INT_01464,Précaution d'emploi,"Augmentation, éventuellement très importante, des concentrations sanguines de l'immunosuppresseur par inhibition de son métabolisme et de la créatininémie.",Surveillance clinique et biologique renforcée.,,
INT_01465,Précaution d'emploi,Possible augmentation des concentrations de l’immunosuppresseur.,"Dosage des concentrations sanguines de l'immunosuppresseur, contrôle de la fonction rénale et adaptation éventuelle de la posologie pendant l'association et après son arrêt.",,
INT_01466,Précaution d'emploi,"Augmentation des concentrations sanguines de l'immunodépresseur, par inhibition de son métabolisme.","Dosage des concentrations sanguines de l'immunosuppresseur, contrôle de la fonction rénale et adaptation de sa posologie pendant le traitement et après l'arrêt.",,
INT_01467,Précaution d'emploi,Augmentation des concentrations sanguines de l'immunosuppresseur par inhibition de son métabolisme hépatique.,"Dosage des concentrations sanguines de l'immunosuppresseur, contrôle de la fonction rénale et adaptation de sa posologie pendant l'association et après son arrêt.",,
INT_01468,Précaution d'emploi,Augmentation des concentrations sanguines de l'immunosuppresseur par inhibition de son métabolisme hépatique.,"Dosage des concentrations sanguines de l'immunosuppresseur, contrôle de la fonction rénale et adaptation de la posologie pendant l'association et après son arrêt.",,
INT_01469,Précaution d'emploi,Augmentation des concentrations sanguines de l'immunosuppresseur par inhibition de son métabolisme par la ranolazine.,"Surveillance clinique et biologique, et adaptation éventuelle de la posologie de l’immunosuppresseur.",,
INT_01470,A prendre en compte,Immunodépression excessive avec risque de syndrome lympho- prolifératif.,,,
INT_01471,A prendre en compte,Risque de majoration de la toxicité hématologique.,,,
INT_01472,A prendre en compte,Immunodépression excessive avec risque de lymphoprolifération.,,,
INT_01473,Contre-indication,"Risque de perte d’efficacité par diminution, éventuellement importante, des concentrations de bictégravir.",Contre-indication : - avec la rifampicine Association déconseillée : - avec les autres inducteurs enzymatiques,Yes,
INT_01474,Contre-indication,"Diminution importante des concentrations de cabotégravir avec la rifampicine, avec risque de réduction de la réponse virologique.","Contre-indication : - avec la rifampicine, la carbamazépine, l'oxcarbazépine, la phénytoïne, le phénobarbital A prendre en compte : - avec les autres inducteurs",Yes,
INT_01475,Contre-indication,Risque de diminution des concentrations plasmatiques du dasabuvir par l’inducteur.,,,
INT_01476,Contre-indication,"Diminution significative des concentrations de fotemsavir avec la rifampicine, avec risque de réduction de la réponse virologique.","Contre-indication : - avec la rifampicine, la carbamazépine, la phénytoïne, l’enzalutamide A prendre en compte : - avec les autres inducteurs",Yes,
INT_01477,Contre-indication,"Risque de diminution des concentrations de grazoprévir et d’elbasvir par l’inducteur, avec possible retentissement sur l’efficacité.",,,
INT_01478,Contre-indication,Diminution des concentrations plasmatiques d’isavuconazole par augmentation de son métabolisme hépatique par l’inducteur.,,,
INT_01479,Contre-indication,Diminution des concentrations plasmatiques de la lurasidone par augmentation de son métabolisme hépatique par l’inducteur.,,,
INT_01480,Contre-indication,Diminution des concentrations de midostaurine par l’inducteur enzymatique.,,,
INT_01481,Contre-indication,Diminution des concentrations plasmatiques de la bithérapie par augmentation de son métabolisme hépatique par l’inducteur.,,,
INT_01482,Contre-indication,Diminution significative des concentrations plasmatiques de rilpivirine par augmentation de son métabolisme hépatique par l’inducteur.,,,
INT_01483,Contre-indication,Risque de diminution des concentrations plasmatiques de sofosbuvir par diminution de son absorption intestinale par l’inducteur.,Contre-indication : - avec la rifampicine - avec les anticonvulsivants inducteurs enzymatiques Association déconseillée: - avec les autres inducteurs.,Yes,
INT_01484,Association DECONSEILLEE,Diminution des concentrations plasmatiques d’aprémilast par augmentatiion de son métabolisme par l’inducteur.,,,
INT_01485,Association DECONSEILLEE,Diminution des concentrations plasmatiques de bédaquiline par augmentation de son métabolisme par l’inducteur.,,,
INT_01486,Association DECONSEILLEE,"Risque d’augmentation des concentrations plasmatiques du métabolite actif du cyclophosphamide par l'inducteur, et donc de sa toxicité.",,,
INT_01487,Association DECONSEILLEE,Risque de diminution de l'efficacité de la cyprotérone.,"Association déconseillée: - dans son utilisation comme contraceptif hormonal: utiliser de préférence une autre méthode de contraception en particulier de type mécanique, pendant la durée de l'association et un cycle suivant. Précaution d'emploi - dans ses indications comme anti-androgène: surveillance clinique et adaptation éventuelle de la posologie de la cyprotérone pendant l'association et après son arrêt.",Yes,
INT_01488,Association DECONSEILLEE,"Diminution des concentrations du cytotoxique par augmentation de son métabolisme par l’inducteur, avec risque de moindre efficacité.",,,
INT_01489,Association DECONSEILLEE,Diminution des concentrations plasmatiques de dolutégravir par augmentation de son métabolisme par l’inducteur.,Association déconseillée : - en cas de résistance à la classe des inhibiteurs d'intégrase Précaution d'emploi : - en l'absence de résistance à la classe des inhibiteurs d'intégrase Adaptation de la posologie de dolutégravir à 50 mg 2 fois par jour pendant l’association et une semaine après son arrêt.,Yes,
INT_01490,Association DECONSEILLEE,"Diminution de l'efficacité contraceptive, par augmentation du métabolisme hépatique du contraceptif hormonal par l'inducteur.","Utiliser une méthode additionnelle de type mécanique (préservatif) pendant la durée de l’association, et un cycle suivant l’arrêt de l’inducteur.",,
INT_01491,Association DECONSEILLEE,Diminution des concentrations plasmatiques d’étoposide par l’inducteur.,"Si l'association s'avère nécessaire, surveillance clinique et adaptation éventuelle de la posologie d’étoposide pendant l’association, et 1 à 2 semaines après l’arrêt de l’inducteur.",,
INT_01492,Association DECONSEILLEE,"Diminution, éventuellement importante selon l'inducteur, des concentrations de glasdégib par augmentation de son métabolisme, avec risque d'inefficacité.","Association déconseillée - avec la rifampicine - avec les anticonvulsivants inducteurs enzymatiques (carbamazépine, phénytoïne, phénobarbital…) Précaution d'emploi - avec les autres inducteurs - si l’association ne peut être évitée, augmenter la dose de glasdégib.",Yes,
INT_01493,Association DECONSEILLEE,"Diminution probable des concentrations plasmatiques du métabolite actif de l'irinotécan, avec risque d'échec du traitement cytotoxique.",,,
INT_01494,Association DECONSEILLEE,"Diminution des concentrations plasmatiques d’itraconazole, avec risque de perte d’efficacité, par augmentation de son métabolisme hépatique par l’inducteur.",,,
INT_01495,Association DECONSEILLEE,"Diminution importante des concentrations de l’ivacaftor, avec risque de perte d’efficacité.",,,
INT_01496,Association DECONSEILLEE,Diminution des concentrations plasmatiques de macitentan par augmentation de son métabolisme par l’inducteur.,,,
INT_01497,Association DECONSEILLEE,"Diminution possiblement importante des concentrations de maribavir avec la rifampicine, avec risque de réduction de la réponse virologique.","Si l’association ne peut être évitée, augmentation éventuelle de la posologie de maribavir.",,
INT_01498,Association DECONSEILLEE,Risque d’inefficacité de la miansérine.,,,
INT_01499,Association DECONSEILLEE,Diminution des concentrations de naloxegol par l’inducteur.,,,
INT_01500,Association DECONSEILLEE,Diminution très importante des concentrations de nétupitant avec risque de perte d'efficacité.,,,
INT_01501,Association DECONSEILLEE,"Diminution, éventuellement très importante selon l’inducteur, des concentrations plasmatiques de l’olaparib par augmentation de son métabolisme hépatique par l’inducteur.",,,
INT_01502,Association DECONSEILLEE,Diminution des concentrations plasmatiques de l’oxycodone par augmentation de son métabolisme par l’inducteur.,Adaptation éventuelle de la posologie d’oxycodone .,,
INT_01503,Association DECONSEILLEE,"Diminution des concentrations du cytotoxique par augmentation de son métabolisme par l’inducteur, avec risque de moindre efficacité.",,,
INT_01504,Association DECONSEILLEE,"Diminution de l'efficacité contraceptive du contraceptif hormonal, par augmentation de son métabolisme hépatique par l'inducteur.","Utiliser de préférence une autre méthode contraceptive, en particulier de type mécanique, pendant la durée de l'association et un cycle suivant.",,
INT_01505,Association DECONSEILLEE,Diminution très importante des concentrations de rolapitant avec risque de perte d’efficacité.,,,
INT_01506,Association DECONSEILLEE,Diminution des concentrations plasmatiques de régorafenib par augmentation de son métabolisme par l’inducteur.,,,
INT_01507,Association DECONSEILLEE,Risque d’inefficacité du traitement antidépresseur.,,,
INT_01508,Association DECONSEILLEE,Diminution des concentrations plasmatiques du ténofovir alafénamide par diminution de son absorption par l’inducteur.,"Si l'association ne peut être évitée, surveillance clinique pendant l’association et 1 à 2 semaines après l’arrêt de l’inducteur.",,
INT_01509,Association DECONSEILLEE,"Diminution des concentrations plasmatiques du vinca-alcaloïde par l’inducteur, avec possible retentissement sur l’efficacité..",,,
INT_01510,Association DECONSEILLEE,Risque de diminution des concentrations plasmatiques de vismodegib par augmentation de son métabolisme hépatique par l’inducteur.,,,
INT_01511,Association DECONSEILLEE,"Risque de diminution des concentrations du vémurafénib, avec moindre efficacité.",,,
INT_01512,Association DECONSEILLEE,"Diminution importante des concentrations de vénétoclax, avec risque de perte d’efficacité.",,,
INT_01513,Précaution d'emploi,"Risque de diminution des concentrations plasmatiques de l'androgène et par conséquent de son efficacité, par augmentation de son métabolisme hépatique par l’inducteur.",Surveillance clinique et biologique pendant l’association et 1 à 2 semaines après l’arrêt de l’inducteur.,,
INT_01514,Précaution d'emploi,Diminution des concentrations plasmatiques de l’aripiprazole.,Surveillance clinique et adaptation éventuelle de la posologie de l’aripiprazole pendant l’association et 1 à 2 semaines après l’arrêt de l’inducteur.,,
INT_01515,Précaution d'emploi,Diminution des concentrations plasmatiques de bazédoxifène par l’inducteur.,Surveillance d'éventuels signes évocateurs d’une perte d’efficacité (saignements).,,
INT_01516,Précaution d'emploi,Diminution des concentrations plasmatiques de caspofungine.,"En cas de traitement par inducteur, maintenir la posologie à 70 mg par jour dès le 2e jour.",,
INT_01517,Précaution d'emploi,Risque de diminution des concentrations du disopyramide par l’inducteur.,Surveillance clinique et éventuellement adaptation de la posologie du disopyramide pendant l’association et 1 à 2 semaines après l’arrêt de l’inducteur.,,
INT_01518,Précaution d'emploi,Diminution des concentrations plasmatiques et de l'efficacité des corticoïdes par augmentation de leur métabolisme hépatique par l'inducteur ; les conséquences sont particulièrement importantes chez les addisoniens traités par l'hydrocortisone et en cas de transplantation.,Surveillance clinique et biologique ; adaptation de la posologie des corticoïdes pendant le traitement par l'inducteur et après son arrêt.,,
INT_01519,Précaution d'emploi,Risque de diminution de l'efficacité de l'hydrocortisone (augmentation de son métabolisme) ; les conséquences sont graves lorsque l'hydrocortisone est administrée en traitement substitutif ou en cas de transplantation.,Surveillance clinique et biologique ; adaptation de la posologie de l'hydrocortisone pendant l'association et après l'arrêt de l'inducteur enzymatique.,,
INT_01520,Précaution d'emploi,"Diminution des concentrations sanguines et de l'efficacité de l'immunosuppresseur, par augmentation de son métabolisme hépatique par l'inducteur.",Augmentation de la posologie de l'immunosuppresseur sous contrôle des concentrations sanguines. Réduction de la posologie après l'arrêt de l'inducteur.,,
INT_01521,Précaution d'emploi,"Avec le lévonorgestrel utilisé dans l’indication contraception d’urgence, diminution importante des concentrations plasmatiques de lévonorgestrel, avec risque d’inefficacité.","En cas de prise d’un médicament inducteur dans les 4 dernières semaines, l’utilisation d’une contraception d’urgence non hormonale (DIU au cuivre) devrait s’envisager. Si ce n’est pas possible, le doublement de la dose de lévonorgestrel est une autre option.",,
INT_01522,Précaution d'emploi,"En l’absence de co-administration avec un inhibiteur puissant du CYP3A4, diminution des concentrations de maraviroc par l’inducteur (sauf la névirapine).",La dose de maraviroc doit être augmentée à 600 mg deux fois par jour dans cette situation.,,
INT_01523,Précaution d'emploi,"Diminution des concentrations plasmatiques de méthadone avec risque d'apparition d'un syndrome de sevrage, par augmentation de son métabolisme hépatique.",Augmenter la fréquence des prises de méthadone (2 à 3 fois par jour au lieu d'une fois par jour).,,
INT_01524,Précaution d'emploi,Diminution de l'efficacité du progestatif.,Surveillance clinique et adaptation éventuelle de la posologie du traitement hormonal pendant l'administration de l'inducteur et après son arrêt.,,
INT_01525,A prendre en compte,"Diminution des concentrations du cytotoxique par augmentation de son métabolisme par l’inducteur, avec risque de moindre efficacité.",,,
INT_01526,A prendre en compte,"Diminution des concentrations du cytotoxique par augmentation de son métabolisme par l’inducteur, avec risque de moindre efficacité.",,,
INT_01527,A prendre en compte,Risque d’inefficacité du tamoxifène par augmentation de son métabolisme par l’inducteur.,,,
INT_01528,Contre-indication,Risque de diminution de l’efficacité du cobicistat par augmentation de son métabolisme par l’inducteur.,,,
INT_01529,Contre-indication,Diminution des concentrations plasmatiques de delamanid par augmentation de son métabolisme hépatique par l’inducteur.,,,
INT_01530,Contre-indication,Diminution importante des concentrations plasmatiques du l'inducteur enzymatique. lédipasvir par augmentation de son métabolisme hépatique par,Sauf pour enzalutamide,,
INT_01531,Contre-indication,"Diminution, éventuellement considérable, des concentrations de lénacapavir, avec risque de réduction de la réponse virologique.",,,
INT_01532,Contre-indication,"Diminution des concentrations plasmatiques de velpatasvir par l’inducteur, avec possible retentissement sur l’efficacité.",,,
INT_01533,Contre-indication,"- pour carbamazépine, phénobarbital, primidone : Risque de baisse de l'efficacité du voriconazole par augmentation de son métabolisme hépatique par l'inducteur. - pour phénytoïne, fosphénytoïne : Diminution importante des concentrations plasmatiques du voriconazole avec risque de perte d'efficacité, par augmentation de son métabolisme hépatique par la phénytoïne, d'une part, et augmentation des concentrations plasmatiques de la phénytoïne par diminution de son métabolisme hépatique par le voriconazole, d'autre part.","Contre-indication : - pour carbamazépine, phénobarbital, primidone Association déconseillée : - pour apalutamide, enzalutamide - pour phénytoïne, fosphénytoïne Si l'association ne peut être évitée, surveillance clinique étroite, dosage des concentrations plasmatiques de phénytoïne et adaptation éventuelle des posologies pendant l'association et après l'arrêt du voriconazole.",Yes,
INT_01534,Association DECONSEILLEE,"Diminution notable des concentrations plasmatiques de l’abiratérone, avec risque de moindre efficacité.",,,
INT_01535,Association DECONSEILLEE,Diminution des concentrations plasmatiques de l'antagoniste du calcium par augmentation de son métabolisme hépatique.,Association déconseillée avec la nimodipine Précaution d'emploi : Surveillance clinique et adaptation éventuelle de la posologie de l'antagoniste du calcium pendant le traitement par l'inducteur et après son arrêt.,Yes,
INT_01536,Association DECONSEILLEE,"Diminution des concentrations plasmatiques de l’apixaban par l'inducteur enzymatique, avec risque de réduction de l’effet thérapeutique.",,,
INT_01537,Association DECONSEILLEE,Risque de diminution très importante des concentrations d'aprépitant.,,,
INT_01538,Association DECONSEILLEE,Risque de diminution des concentrations plasmatiques de,,,
INT_01539,Association DECONSEILLEE,Diminution des concentrations plasmatiques de cannabidiol avec risque de perte d’efficacité.,,,
INT_01540,Association DECONSEILLEE,"Diminution des concentrations plasmatiques de clozapine avec risque de perte d’efficacité. De plus, avec la carbamazépine, risque de majoration des effets hématologiques graves.","Association déconseillée: - avec la carbamazépine, l'apalutamide, l'enzalutamide Précaution d'emploi: - Avec la phénytoïne, la fosphénytoïne, la primidone, le phénobarbital. Surveillance clinique et adaptation posologique de la clozapine pendant l’association et après l’arrêt de l’inducteur - Avec l'apalutamide, l'enzalutamide : risque vraisemblablement modéré",Yes,
INT_01541,Association DECONSEILLEE,"Diminution des concentrations plasmatiques de dabigatran, avec risque de diminution de l'effet thérapeutique.",,,
INT_01542,Association DECONSEILLEE,Diminution des concentrations plasmatiques de dalorutamide avec risque de perte d’efficacité.,,,
INT_01543,Association DECONSEILLEE,"Diminution importante des concentrations de dronédarone par augmentation de son métabolisme, sans modification notable du métabolite actif.",,,
INT_01544,Association DECONSEILLEE,Diminution des concentrations plasmatiques de fentanyl par augmentation de son métabolisme hépatique par l'inducteur.,Préférer un autre morphinique.,,
INT_01545,Association DECONSEILLEE,Diminution des concentrations plasmatiques d’idélalisib par augmentation de son métabolisme hépatique par l'inducteur enzymatique.,,,
INT_01546,Association DECONSEILLEE,Diminution des concentrations plasmatiques de l’inhibiteur de la 5- alpha réductase par l’inducteur enzymatique.,"Si l’association ne peut être évitée, surveillance clinique étroite.",,
INT_01547,Association DECONSEILLEE,"Diminution des concentrations plasmatiques et de l’efficacité de l’inhibiteur de tyrosine kinase, par augmentation de son métabolisme par l’inducteur.",,,
INT_01548,Association DECONSEILLEE,Diminution des concentrations plasmatiques de l'antagoniste du calcium par augmentation de son métabolisme hépatique par l'inducteur.,Surveillance clinique et adaptation éventuelle de la posologie de l'antagoniste du calcium pendant le traitement par l'inducteur et après son arrêt.,,
INT_01549,Association DECONSEILLEE,Diminution des concentrations des métabolites actifs de l’ozanimod d’environ 60%.,,,
INT_01550,Association DECONSEILLEE,"Diminution très importante des concentrations plasmatiques du praziquantel, avec risque d'échec du traitement, par augmentation de son métabolisme hépatique par l'inducteur.",,,
INT_01551,Association DECONSEILLEE,"Diminution très importante des concentrations plasmatiques de quétiapine par augmentation de son métabolisme hépatique par l'inducteur, avec risque d’inefficacité.",,,
INT_01552,Association DECONSEILLEE,Risque de diminution importante des concentrations de ranolazine.,,,
INT_01553,Association DECONSEILLEE,"Diminution des concentrations plasmatiques de rivaroxaban, avec risque de diminution de l'effet thérapeutique.",,,
INT_01554,Association DECONSEILLEE,"Diminution notable des concentrations plasmatiques du sotorasib, avec risque de moindre efficacité.",,,
INT_01555,Association DECONSEILLEE,"Diminution des concentrations plasmatiques de la télithromycine, avec risque d'échec du traitement anti-infectieux, par augmentation de son métabolisme hépatique par l'inducteur.",,,
INT_01556,Association DECONSEILLEE,"Diminution importante des concentrations plasmatiques de ticagrelor par augmentation de son métabolisme hépatique par l'inducteur enzymatique, avec risque de diminution de l’effet thérapeutique.",,,
INT_01557,Association DECONSEILLEE,"Risque de diminution de l’effet de l’ulipristal, par augmentation de son métabolisme hépatique par l’inducteur.",Préférer une alternative thérapeutique peu ou pas métabolisée.,,
INT_01558,Association DECONSEILLEE,"Diminution notable des concentrations plasmatiques du voxelotor, avec risque de moindre efficacité.",,,
INT_01559,Précaution d'emploi,Diminution des concentrations plasmatiques de l’afatinib par augmentation de son métabolisme par ces substances.,Surveillance clinique pendant l’association et 1 à 2 semaines après leur arrêt.,,
INT_01560,Précaution d'emploi,"Diminution importante des concentrations plasmatiques de l’albendazole et de son métabolite actif par l’inducteur, avec risque de baisse de son efficacité.",Surveillance clinique de la réponse thérapeutique et adaptation éventuelle de la posologie de l’albendazole pendant le traitement avec l’inducteur enzymatique et après son arrêt.,,
INT_01561,Précaution d'emploi,"Diminution des concentrations plasmatiques et de l'efficacité de l'antiarythmique, par augmentation de son métabolisme hépatique par l'inducteur.","Surveillance clinique, ECG et contrôle des concentrations plasmatiques ; si besoin, adaptation de la posologie de l'antiarythmique pendant le traitement par l'inducteur et après son arrêt.",,
INT_01562,Précaution d'emploi,"Diminution (ou, rarement, augmentation avec la phénytoïne) de l'effet de l'antivitamine K par augmentation de son métabolisme hépatique par l'anticonvulsivant inducteur.",Contrôle plus fréquent de l'INR. Adaptation éventuelle de la posologie de l'antivitamine K pendant le traitement par l'anticonvulsivant inducteur et 8 jours après son arrêt.,,
INT_01563,Précaution d'emploi,Risque de diminution des concentrations plasmatiques de déférasirox.,"Surveiller la ferritinémie pendant et après le traitement par l’inducteur enzymatique. Si besoin, adaptation de la posologie de déférasirox.",,
INT_01564,Précaution d'emploi,Diminution de l'efficacité de l'estrogène.,Surveillance clinique et adaptation éventuelle de la posologie du traitement hormonal pendant l'administration de l'inducteur et après son arrêt.,,
INT_01565,Précaution d'emploi,Risque de moindre efficacité de l'halopéridol par augmentation de son métabolisme hépatique par l'inducteur.,"Surveillance clinique et, si besoin, adaptation posologique pendant le traitement par l'halopéridol et après son arrêt.",,
INT_01566,Précaution d'emploi,"Risque d'hypothyroïdie clinique chez les patients hypothyroïdiens, par augmentation du métabolisme de la T3 et de la T4.","Surveillance clinique et biologique. Adaptation, si besoin, de la posologie des hormones thyroïdiennes pendant le traitement par l'inducteur et après son arrêt.",,
INT_01567,Précaution d'emploi,Risque de baisse de l'efficacité de l'inhibiteur de protéases par augmentation de son métabolisme hépatique par l'inducteur.,"Surveillance clinique et biologique régulière, notamment en début d'association.",,
INT_01568,Précaution d'emploi,"Risque de diminution de l'efficacité de l’ivabradine, par augmentation de son métabolisme par l’inducteur.",Surveillance clinique et adaptation de la posologie de l’ivabradine pendant l’association et après l’arrêt de l’inducteur.,,
INT_01569,Précaution d'emploi,Diminution des concentrations plasmatiques du métronidazole par augmentation de son métabolisme hépatique par l’inducteur.,Surveillance clinique et adaptation éventuelle de la posologie de métronidazole pendant le traitement par l’inducteur et après son arrêt.,,
INT_01570,Précaution d'emploi,Diminution des concentrations plasmatiques et de l'efficacité des corticoïdes par augmentation de leur métabolisme hépatique par l'inducteur : les conséquences sont particulièrement importantes chez les addisoniens traités par l'hydrocortisone et en cas de transplantation.,Surveillance clinique et biologique ; adaptation de la posologie des corticoïdes pendant le traitement par l'inducteur et après son arrêt.,,
INT_01571,Précaution d'emploi,Risque de baisse de l'efficacité du montélukast par augmentation de son métabolisme hépatique par l'inducteur.,Surveillance clinique et adaptation éventuelle de la posologie de l'anti- asthmatique pendant le traitement par l'inducteur et après son arrêt.,,
INT_01572,Précaution d'emploi,Diminution des concentrations plasmatiques et de l'efficacité du posaconazole.,"Surveillance clinique. Si possible, dosages plasmatiques du posaconazole et adaptation éventuelle de sa posologie.",,
INT_01573,Précaution d'emploi,Diminution des concentrations plasmatiques de la propafénone par augmentation de son métabolisme hépatique par l'inducteur.,"Surveillance clinique et ECG. S'il y a lieu, adaptation de la posologie de la propafénone pendant l'association et après l'arrêt de l'inducteur.",,
INT_01574,Précaution d'emploi,Risque de perte de l’efficacité de la quinine par augmentation de son métabolisme hépatique par l’inducteur.,Surveillance clinique et adaptation de la posologie de la quinine pendant le traitement par l’inducteur et après son arrêt.,,
INT_01575,Précaution d'emploi,"Augmentation des concentrations plasmatiques de l'inducteur, avec risque de surdosage, par inhibition de son métabolisme hépatique par le stiripentol.","Surveillance clinique et dosage plasmatique, lorsque cela est possible, de l'inducteur associé au stiripentol et adaptation éventuelle de sa posologie.",,
INT_01576,Précaution d'emploi,Diminution des concentrations plasmatiques et de l'efficacité de la théophylline par augmentation de son métabolisme hépatique par l'inducteur.,"Surveillance clinique et, si besoin, de la théophyllinémie. Adaptation éventuelle de la posologie de la théophylline pendant le traitement par l'inducteur et après son arrêt.",,
INT_01577,Précaution d'emploi,Diminution des concentrations plasmatiques de la tiagabine par augmentation de son métabolisme hépatique par l'inducteur.,Une augmentation de la posologie de tiagabine peut s'avérer nécessaire en cas d'association à un anticonvulsivant inducteur enzymatique.,,
INT_01578,Précaution d'emploi,Diminution des concentrations de vitamine D plus marquée qu’en l’absence d'inducteur.,Dosage des concentrations de vitamine D et supplémentation si nécessaire.,,
INT_01579,A prendre en compte,Risque de diminution importante des concentrations de doxycycline.,,,
INT_01580,A prendre en compte,Risque de diminution des concentrations plasmatiques du midazolam par l'anticonvulsivant.,,,
INT_01581,A prendre en compte,"Augmentation des réactions d'hypersensibilité (hyperéosinophilie, rash), par augmentation du métabolisme de la procarbazine par l'inducteur.",,,
INT_01582,A prendre en compte,Diminution importante (jusqu’aux deux-tiers) des concentrations de pérampanel.,,,
INT_01583,A prendre en compte,"Pour le SN38 lié au sacizutumab (govitécan) : risque de diminution de son exposition, par augmentation de son métabolisme.",,,
INT_01584,Précaution d'emploi,Diminution de l'absorption digestive des inhibiteurs d’intégrase.,"Prendre les sels de calcium à distance de l’antirétroviral (plus de 2 heures, si possible).",,
INT_01585,Précaution d'emploi,Diminution de l'absorption digestive des inhibiteurs d’intégrase.,"Prendre les sels de fer à distance de l’antirétroviral (plus de 2 heures, si possible).",,
INT_01586,Précaution d'emploi,Diminution de l'absorption digestive des inhibiteurs d’intégrase.,"Prendre les sels de magnésium à distance de l’antirétroviral (plus de 2 heures, si possible).",,
INT_01587,Précaution d'emploi,"Risque de diminution de l'absorption digestive des inhibiteurs d’intégrase, par chélation par le cation divalent. INHIBITEURS DIRECTS DE LA THROMBINE À INDICATION (argatroban, bivalirudine)","Prendre les sels de zinc à distance de l’antirétroviral (plus de 2 heures, si possible). SPÉCIFIQUE",,
INT_01588,A prendre en compte,Majoration du risque hémorragique.,,,
INT_01589,Contre-indication,Augmentation du risque d'angioedème.,,,
INT_01590,Association DECONSEILLEE,Risque d'hyperkaliémie (potentiellement létale) surtout en cas d'insuffisance rénale (addition des effets hyperkaliémiants).,"Association déconseillée : - si l'association est justifiée, contrôle strict de la kaliémie et de la fonction rénale. Précaution d'emploi : - pour la spironolactone à des doses comprises entre 12,5 mg et 50 mg/jour, et pour l’éplérénone utilisées dans le traitement de l'insuffisance cardiaque, ainsi qu'en cas d'hypokaliémie : contrôle strict de la kaliémie et de la fonction rénale.",Yes,
INT_01591,Association DECONSEILLEE,Risque de majoration des effets indésirables à type d'oedème angio-neurotique (angio-oedème).,,,
INT_01592,Association DECONSEILLEE,Augmentation de la lithémie pouvant atteindre des valeurs toxiques (diminution de l'excrétion rénale du lithium).,"Si l'usage d'un IEC est indispensable, surveillance stricte de la lithémie et adaptation de la posologie du lithium.",,
INT_01593,Association DECONSEILLEE,"Pour une quantité de potassium > à 1 mmol/prise, hyperkaliémie potentiellement létale, notamment chez l'insuffisant rénale ( addition des effets hyperkaliémiants).",Sauf s'il existe une hypokaliémie.,,
INT_01594,Précaution d'emploi,"Pour des doses anti-inflammatoires d'acide acétylsalicylique (>= 1g par prise et/ou >= 3g par jour) ou pour des doses antalgiques ou antipyrétiques (>= 500 mg par prise et/ou < 3g par jour) : Insuffisance rénale aiguë chez le patient à risque (âgé, déshydraté, sous diurétiques, avec une fonction rénale altérée), par diminution de la filtration glomérulaire secondaire à une diminution de la synthèse des prostaglandines rénales. Par ailleurs, réduction de l'effet antihypertenseur.",Hydrater le malade et surveiller la fonction rénale en début de traitement et régulièrement pendant l’association.,,
INT_01595,Précaution d'emploi,"Insuffisance rénale aiguë chez le patient à risque (âgé, déshydraté, sous diurétiques, avec une fonction rénale altérée), par diminution de la filtration glomérulaire secondaire à une diminution de la synthèse des prostaglandines rénales. Ces effets sont généralement réversibles. Par ailleurs, réduction de l’effet antihypertenseur.",Hydrater le malade et surveiller la fonction rénale en début de traitement et régulièrement pendant l’association.,,
INT_01596,Précaution d'emploi,Risque d'hypotension artérielle brutale et/ou d'insuffisance rénale aiguë lors de l'instauration ou de l'augmentation de la posologie d'un traitement par un inhibiteur de l'enzyme de conversion en cas de déplétion hydrosodée préexistante.,"Dans l'hypertension artérielle, lorsqu'un traitement diurétique préalable a pu entraîner une déplétion hydrosodée, il faut : - soit arrêter le diurétique avant de débuter le traitement par l'IEC, et réintroduire un diurétique hypokaliémiant si nécessaire ultérieurement ; - soit administrer des doses initiales réduites d'IEC et augmenter progressivement la posologie. Dans l'insuffisance cardiaque congestive traitée par diurétiques, commencer par une dose très faible d'IEC, éventuellement après réduction de la dose du diurétique hypokaliémient associé. Dans tous les cas : surveiller la fonction rénale (créatininémie) dans les premières semaines du traitement par l'IEC.",,
INT_01597,Précaution d'emploi,"Majoration du risque d’hyperkaliémie, notamment chez le sujet âgé.",Contrôle strict de la kaliémie et de la fonction rénale pendant l’association.,,
INT_01598,Précaution d'emploi,L'utilisation des IEC peut entraîner une majoration de l'effet hypoglycémiant chez le diabétique traité par insuline. La survenue de malaises hypoglycémiques semble exceptionnelle (amélioration de la tolérance au glucose qui aurait pour conséquence une réduction des besoins en insuline).,Renforcer l'autosurveillance glycémique.,,
INT_01599,Précaution d'emploi,"Avec la spironolactone à la posologie de 12,5 à 50 mg par jour, et avec des doses faibles d’IEC. Dans le traitement de l’insuffisance cardiaque de classe III ou IV (NYHA) avec fraction d’éjection <35 % et préalablement traitée par l’association inhibiteur de conversion + diurétique de l’anse : risque d’hyperkaliémie, potentiellement létale, en cas de non-respect des conditions de prescription de cette association.","Vérifier au préalable l’absence d’hyperkaliémie et d’insuffisance rénale. Surveillance biologique étroite de la kaliémie et de la créatininémie (1 fois par semaine pendant le premier mois, puis une fois par mois ensuite).",,
INT_01600,Précaution d'emploi,L'utilisation des IEC peut entraîner une majoration de l'effet hypoglycémiant chez le diabétique traité par sulfamides hypoglycémiants. La survenue de malaises hypoglycémiques semble exceptionnelle (amélioration de la tolérance au glucose qui aurait pour conséquence une réduction des besoins en sulfamides hypoglycémiants).,Renforcer l'autosurveillance glycémique.,,
INT_01601,A prendre en compte,"Dans les indications où cette association est possible, risque accru de dégradation de la fonction rénale, voire insuffisance rénale aiguë, et majoration de l'hyperkaliémie, ainsi que de l'hypotension et des syncopes.",,,
INT_01602,A prendre en compte,Risque de majoration de la survenue d'un angio-œdème d'origine bradykinique pouvant être fatal.,,,
INT_01603,A prendre en compte,"Avec les sels d'or administrés par voie IV : risque de réaction «nitritoïde» à l’introduction de l’IEC (nausées, vomissements, effets vasomoteurs à type de flush, hypotension, éventuellement collapsus).",,,
INT_01604,A prendre en compte,Majoration du risque d’angio-oedème.,,,
INT_01605,A prendre en compte,Majoration du risque d’angio-oedème.,,,
INT_01606,Contre-indication,Risque majoré d'effets indésirables (concentration-dépendants) à type de rhabdomyolyse.,Arrêter le traitement par l'inhibiteur de l'HMG Co-A réductase avant d'initier un traitement par acide fusidique ou utiliser un autre antibiotique.,,
INT_01607,Contre-indication,"Risque d'addition d'effets indésirables (dose-dépendants) à type de rhabdomyolyse. En outre, avec le gemfibrozil, diminution du métabolisme de la simvastatine et de la rosuvastatine, ce qui majore le risque musculaire, ainsi que la néphrotoxicité de la rosuvastatine.","L'association d'un fibrate et d'une statine est au minmum déconseillée. Avec la simvastatine, ne pas dépasser 10 mg ( cette restriction de doses ne concerne pas le fénofibrate). La contre-indication s'applique : - entre le gemfibrozil et la simvastatine - pour des doses de rosuvastatine de 40 mg",Yes,
INT_01608,Contre-indication,Risque d’augmentation des concentrations plasmatiques de la statine et de ses effets indésirables à type de rhabdomyolyse.,Contre-indication : - avec la rosuvastatine. Précaution d'emploi : - avec les autres inhibiteurs de l'HMG Co-A réductase. Surveillance clinique et biologique. Adaptation éventuelle de la posologie de la statine.,Yes,
INT_01609,Association DECONSEILLEE,Risque d’addition des effets indésirables (dose-dépendant) à type de rhabdomyolyse.,"Si l’association ne peut être évitée, renforcer la surveillance biologique (dosage des CPK plus d’une fois par semaine) et surveillance clinique étroite.",,
INT_01610,Association DECONSEILLEE,Risque d’augmentation des concentrations plasmatiques de la statine et de ses effets indésirables à type de rhabdomyolyse.,"Association déconseillée: - avec simvastatine, pitavastatine, rosuvastatine Précaution d'emploi (en cas d’utilisation du létermovir seul): - ne pas dépasser 20 mg/ jour d’atorvastatine - adaptation éventuelle de la posologie de fluvastatine et de pravastatine,",Yes,
INT_01611,Précaution d'emploi,Augmentation de l'effet de l'antivitamine K et du risque hémorragique.,Contrôle plus fréquent de l'INR. Adaptation éventuelle de la posologie de l'antivitamine K.,,
INT_01612,Précaution d'emploi,"Risque de majoration des effets indésirables musculaires de ces substances, et notamment de rhabdomyolyse.","Surveillance clinique et biologique, notamment au début de l'association.",,
INT_01613,Précaution d'emploi,"Risque de majoration de la toxicité des statines, par inhibition de leur recapture hépatique.",Surveillance clinique et adaptation éventuelle de la posologie de la statine.,,
INT_01614,Précaution d'emploi,"Possibilité de survenue d’effets indésirables musculaires à l’introduction d’une gliptine, malgré le traitement antérieur par statine bien toléré.",Le contrôle régulier de la fonction rénale et le strict respect des doses sont impératifs.,,
INT_01615,Précaution d'emploi,Augmentation des concentrations plasmatiques de l’hypochlestérolémiant par augmentation de son absorption intestinale.,Surveillance clinique et biologique pendant l’association. La dose de statine ne doit pas dépasser 20 mg par jour (10 mg avec la rosuvastatine).,,
INT_01616,Précaution d'emploi,Risque majoré de survenue de rhabdomyolyses.,"Renforcer le contrôle clinique et biologique, notamment durant les premières semaines de traitement.",,
INT_01617,Précaution d'emploi,"Augmentation d’un facteur 2 à 3 de l’exposition de la statine, par diminution de son métabolisme par le roxadustat.",Surveillance clinique et adaptation de la posologie de la statine pendant le traitement par roxadustat.,,
INT_01618,A prendre en compte,Risque majoré de rhabdomyolyse.,,,
INT_01619,Contre-indication,"Potentialisation des effets pharmacologiques, et notamment vasopresseurs, des catécholamines par inhibition conjuguée de leur métabolisme.",,,
INT_01620,Contre-indication,Diminution des concentrations plasmatiques de l’inhibiteur de la 5- alpha réductase par le millepertuis.,,,
INT_01621,Association DECONSEILLEE,Diminution des concentrations plasmatiques de l’inhibiteur de la 5- alpha réductase par l’inducteur enzymatique.,"Si l’association ne peut être évitée, surveillance clinique étroite.",,
INT_01622,Association DECONSEILLEE,"Diminution des concentrations plasmatiques de l’inhibiteur de la 5- alpha réductase par l’inducteur enzymatique. INHIBITEURS DE LA CATÉCHOL-O-MÉTHYLTRANSFÉRASE (entacapone, tolcapone)","Si l’association ne peut être évitée, surveillance clinique étroite. (COMT)",,
INT_01623,Contre-indication,Risque d'hypotension importante (effet synergique) pouvant aggraver l'état d'ischémie myocardique et provoquer notamment un accident coronarien aigu.,,,
INT_01624,Contre-indication,"Augmentation (très importante pour l'avanafil et le vardénafil) des concentrations plasmatiques de l'IPDE5, avec risque d'hypotension (sévère avec le vardénafil).","Pour connaître les risques et les niveaux de contrainte de chaque IPDE5 avec les inhibiteurs puissants du CYP3A4, il convient de se reporter aux AMM specifiques à chacun d'eux.",Yes,
INT_01625,Contre-indication,Risque d'hypotension importante (effet synergique).,,,
INT_01626,Association DECONSEILLEE,"Risque d’hypotension orthostatique, notamment chez le sujet âgé.",Association déconseillée : - avec la doxazosine Précaution d'emploi : - avec les autres alpha-bloquants Débuter le traitement aux posologies minimales recommandées et adapter progressivement les doses si besoin.,Yes,
INT_01627,Association DECONSEILLEE,"Risque d’hypotension orthostatique, notamment chez le sujet âgé.",Association déconseillée : - avec la doxazosine Précaution d'emploi : - avec les autres alpha-bloquants Débuter le traitement aux posologies minimales recommandées et adapter progressivement les doses si besoin.,Yes,
INT_01628,Contre-indication,Insuffisance médullaire éventuellement grave.,,,
INT_01629,Précaution d'emploi,"En cas de posologies élevées de l'inhibiteur, augmentation des concentrations plasmatiques de théophylline par inhibition de son métabolisme.","Surveillance clinique et contrôle de la théophyllinémie jusqu'à deux à trois semaines après la mise en route du traitement par l'inhibiteur ; s'il y a lieu, adaptation de la posologie pendant le traitement par l'association.",,
INT_01630,Contre-indication,"Diminution des concentrations plasmatiques de l'inhibiteur de protéases, en raison de l'effet inducteur enzymatique du millepertuis, avec risque de baisse d'efficacité voire d'annulation de l'effet dont les conséquences peuvent être éventuellement graves (baisse de l'efficacité antirétrovirale).","En cas d'association fortuite, ne pas interrompre brutalement la prise de millepertuis mais contrôler les concentrations plasmatiques (ou l'efficacité) de l'inhibiteur de protéases avant puis après l'arrêt du millepertuis.",,
INT_01631,Contre-indication,"Risque majoré de troubles du rythme ventriculaire, notamment de torsades de pointes.",,,
INT_01632,Contre-indication,"Diminution très importante des concentrations plasmatiques de l'inhibiteur de protéases, par augmentation de son métabolisme hépatique par la rifampicine. Pour l'association (saquinavir + ritonavir) : risque de toxicité hépatocellulaire sévère.","Dans l'attente de données complémentaires avec les inhibiteurs de protéases ""boostés"".",,
INT_01633,Association DECONSEILLEE,Risque majoré d'effets indésirables (concentration-dépendants) à type de rhabdomyolyse (diminution du métabolisme hépatique de l'atorvastatine).,"Utiliser des doses plus faibles d'atorvastatine. Si l'objectif thérapeutique n'est pas atteint, utiliser une autre statine non concernée par ce type d'interaction.",,
INT_01634,Association DECONSEILLEE,"Diminution, éventuellement très importante, des concentrations plasmatiques de l’atovaquone par augmentation de son métabolisme.",,,
INT_01635,Association DECONSEILLEE,Risque de diminution de l'efficacité de la cyprotérone.,"Association déconseillée - dans son utilisation comme contraceptif hormonal: utiliser de préférence une autre méthode de contraception en particulier de type mécanique, pendant la durée de l'association et un cycle suivant. Précaution d'emploi - dans ses indications comme anti-androgène: surveillance clinique et adaptation éventuelle de la posologie de la cyprotérone pendant l'association et après son arrêt.",Yes,
INT_01636,Association DECONSEILLEE,"Risque de diminution de l'efficacité contraceptive par diminution des concentrations en contraceptif hormonal, dûe à l'augmentation de son métabolisme hépatique par le ritonavir.","Utiliser une méthode additionnelle de type mécanique (préservatif) pendant la durée de l’association, et un cycle suivant l’arrêt du ritonavir.",,
INT_01637,Association DECONSEILLEE,Augmentation très importante des concentrations sanguines de l'immunosuppresseur par inhibition de son métabolisme hépatique.,"En cas d’association, contrôle strict de la fonction rénale, dosage des concentrations sanguines de l'immunosuppresseur et adaptation de sa posologie.",,
INT_01638,Association DECONSEILLEE,Risque de diminution des concentrations et de l’efficacité de la lamotrigine par augmentation de son métabolisme hépatique par le ritonavir.,Association déconseillée - Eviter de mettre en route le traitement par ritonavir pendant la période d’ajustement posologique de la lamotrigine. Précaution d'emploi - Surveillance clinique et adaptation de la posologie de la lamotrigine lors de la mise en route du traitement par ritonavir.,Yes,
INT_01639,Association DECONSEILLEE,"Risque de diminution de l'efficacité contraceptive par diminution des concentrations en contraceptif hormonal, dûe à l'augmentation de son métabolisme hépatique par le ritonavir.","Utiliser de préférence une autre méthode contraceptive, en particulier de type mécanique (préservatif ou stérilet), pendant la durée de l'association et un cycle suivant.",,
INT_01640,Association DECONSEILLEE,"Risque de diminution de l’effet de l’ulipristal, par augmentation de son métabolisme hépatique par le ritonavir.",Préférer une alternative thérapeutique peu ou pas métabolisée.,,
INT_01641,Association DECONSEILLEE,"Baisse très importante des concentrations de l’antifongique par augmentation de son métabolisme par le ritonavir, avec risque d’échec du traitement.",,,
INT_01642,Précaution d'emploi,Augmentation des concentrations plasmatiques d’afatinib par augmentation de son absorption par l'inhibiteur de protéases.,"Il est recommandé d’administrer l'inhibiteur de protéases le plus à distance possible de l’afatinib, en respectant de préférence un intervalle de 6 heures ou de 12 heures par rapport à la prise d’afatinib.",,
INT_01643,Précaution d'emploi,"Diminution importante des concentrations plasmatiques de l’albendazole et de son métabolite actif par le ritonavir, avec risque de baisse de son efficacité.",Surveillance clinique de la réponse thérapeutique et adaptation éventuelle de la posologie de l’albendazole pendant le traitement avec l’inducteur enzymatique et après son arrêt.,,
INT_01644,Précaution d'emploi,"Variation de l'effet de l'antivitamine K, le plus souvent dans le sens d'une diminution.",Contrôle plus fréquent de l'INR. Adaptation éventuelle de la posologie de l'antivitamine K pendant la durée du traitement.,,
INT_01645,Précaution d'emploi,Augmentation des concentrations de la clarithromycine et de son métabolite actif par diminution de son métabolisme hépatique par l'inhibiteur de protéases.,"Surveillance clinique et biologique régulière, notamment en début d'association.",,
INT_01646,Précaution d'emploi,"Augmentation de la digoxinémie, plus marquée pour la voie intraveineuse, par augmentation de l’absorption de la digoxine ou diminution de sa clairance rénale.","Surveillance clinique et, s’il y a lieu, de l’ECG et de la digoxinémie, avec adaptation éventuelle de la posologie de digoxine.",,
INT_01647,Précaution d'emploi,Risque de baisse de l’efficacité des hormones thyroïdiennes par augmentation de leur métabolisme hépatique par le ritonavir.,Surveillance clinique et biologique et adaptation éventuelle de la posologie des hormones thyroïdiennes.,,
INT_01648,Précaution d'emploi,Risque de baisse de l'efficacité de l'inhibiteur de protéases par augmentation de son métabolisme hépatique par l'inducteur.,"Surveillance clinique et biologique régulière, notamment en début d'association.",,
INT_01649,Précaution d'emploi,Risque d’augmentation des concentrations d’itraconazole par l’inhibiteur de protéases.,Surveillance clinique lors de l’association. L’administration de doses élevées d’itraconazole (>200 mg par jour) n’est pas recommandée.,,
INT_01650,Précaution d'emploi,Diminution des concentrations plasmatiques de méthadone avec risque d'apparition d'un syndrome de sevrage par augmentation de son métabolisme hépatique par le ritonavir.,Surveillance clinique régulière et adaptation éventuelle de la posologie de méthadone.,,
INT_01651,Précaution d'emploi,Augmentation des concentrations plasmatiques du nintédanib par augmentation de son absorption par l'inhibiteur de protéases boosté par ritonavir.,Surveillance clinique pendant l’association.,,
INT_01652,Précaution d'emploi,"Risque de baisse de l'efficacité de l'inhibiteur de protéases (ce d'autant que la posologie de la rifabutine est élevée) d'une part, et risque d'augmentation des effets indésirables (uvéites) de la rifabutine, d'autre part.","Réduction de la dose de rifabutine (150 mg 1 jour sur deux). Surveillance clinique et biologique régulière, notamment en début d'association.",,
INT_01653,Précaution d'emploi,Augmentation des concentrations plasmatiques de la rosuvastatine par augmentation de son absorption.,Surveillance clinique et biologique.,,
INT_01654,Précaution d'emploi,Augmentation des concentrations de talazoparib avec risque de majoration de la toxicité.,Réduire la dose de talazoparib.,,
INT_01655,Précaution d'emploi,"Diminution des concentrations plasmatiques de la théophylline, par augmentation de son métabolisme hépatique.","Surveillance clinique et éventuellement de la théophyllinémie ; s'il y a lieu, adaptation de la posologie de la théophylline pendant le traitement par l'inhibiteur de protéases et après son arrêt.",,
INT_01656,Précaution d'emploi,"Avec l'atazanavir, le darunavir ou le lopinavir, augmentation des concentrations plasmatiques du ténofovir alafénamide par augmentation de son absorption.","En cas de co-administration, la dose de ténofovir alafénamide doit être limitée à 10 mg par jour. L’association avec les autres inhibiteurs de protéases du VIH n’a pas été étudiée.",,
INT_01657,A prendre en compte,"Risque de majoration ou de diminution des effets de la buprénorphine, à la fois par inhibition et accélération de son métabolisme par l’inhibiteur de protéases.",,,
INT_01658,A prendre en compte,Risque d’augmentation des concentrations plasmatiques de l’inhibiteur de protéase boosté par le ritonavir ou de l’inhibiteur du CYP3A4.,"Pour connaître les risques et les niveaux de contrainte de chaque inhibiteur de protéase boosté par le ritonavir avec les inhibiteurs puissants du CYP3A4, il convient de se reporter aux AMM spécifiques à chacun d'eux.",,
INT_01659,A prendre en compte,Augmentation des concentrations de venlafaxine avec risque de surdosage.,,,
INT_01660,Contre-indication,"Diminution des concentrations plasmatiques et de l’efficacité de l’inhibiteur de tyrosine kinase, par augmentation de son métabolisme par le millepertuis.",,,
INT_01661,Association DECONSEILLEE,"Diminution des concentrations plasmatiques et de l’efficacité de l’inhibiteur de tyrosine kinase, par augmentation de son métabolisme par l’inducteur.",,,
INT_01662,Association DECONSEILLEE,Risque de majoration des effets indésirables de l’inhibiteur de tyrosine kinase par diminution de son métabolisme.,"Association déconseillée : - avec l'axitinib, le bosutinib, le cabozantinib, le céritinib, le cobimétinib, le dabrafenib, le dasatinib, l'entrectinib, le nilotinib, le sunitinib. - avec l'ibrutinib et le ribociclib: si l’association ne peut être évitée, surveillance clinique étroite et réduction de la dose pendant la durée de l’association voire interruption temporaire ou définitive. Précaution d'emploi avec les autres ITK (sauf abrocitinib, osimertinib, tucatinib et vandétanib): Surveillance clinique.",Yes,
INT_01663,Association DECONSEILLEE,"Diminution des concentrations plasmatiques et de l’efficacité de l’inhibiteur de tyrosine kinase, par augmentation de son métabolisme par l’inducteur.",,,
INT_01664,A prendre en compte,"Risque de diminution de la biodisponibilité de l’inhibiteur de tyrosine kinases, en raison de son absorption pH-dépendante.",- sauf avec l'entrectinib et le vandétanib.,,
INT_01665,A prendre en compte,"Risque de diminution de la biodisponibilité de l’inhibiteur de tyrosine kinases, en raison de son absorption pH-dépendante.","- sauf avec l'entrectinib, le fédratinib, l'imatinib, le tucatinib et le vandétanib",,
INT_01666,Contre-indication,"Risque de vasoconstriction coronaire ou des extrémités (ergotisme), ou de poussées hypertensives.",,,
INT_01667,Contre-indication,Risque de majoration des effets indésirables.,"Contre-indication : - avec la darifénacine - avec la fésotérodine et la solifénacine, en cas d'insuffisance rénale ou hépatique, modérée à sévère. Association déconseillée : - avec la toltérodine Précaution d'emploi: - avec la fésotérodine ou la solifénacine, chez le patient à fonction rénale et hépatique normales, réduire la dose à 4 mg ou 5 mg, respectivement, en cas d'association à un inhibiteur puissant du CYP3A4. A prendre en compte : - avec l'oxybutynine.",Yes,
INT_01668,Contre-indication,"Augmentation des effets indésirables de la colchicine, aux conséquences potentiellement fatales.","Contre-indication : - avec les macrolides Association déconseillée : - avec les antifongiques azolés, les inhibiteurs de protéases boostés par ritonavir et le cobicistat",Yes,
INT_01669,Contre-indication,"Risque de majoration des effets indésirables, notamment à type de vertiges ou de syncopes.",,,
INT_01670,Contre-indication,Augmentation des concentrations plasmatiques de dompéridone par diminution de son métabolisme hépatique par l’inhibiteur.,,,
INT_01671,Contre-indication,Augmentation importante des concentrations de dronédarone par diminution de son métabolisme.,,,
INT_01672,Contre-indication,"Risque d’augmentation des concentrations plasmatiques de l’éplérénone par l'inhibiteur et de ses effets indésirables, notamment l’hyperkaliémie.",,,
INT_01673,Contre-indication,Augmentation de l'effet sédatif de l’eszopiclone.,"Contre-indication - chez les patients âgés Précaution d'emploi En cas d’association chez les sujets non âgés, une réduction de la dose d’eszopiclone peut être nécessaire.",Yes,
INT_01674,Contre-indication,Augmentation des concentrations plasmatiques de grazoprévir et d’elbasvir.,Contre-indication - avec le ritonavir et le cobicistat Association déconseillée - avec les autres inhibiteurs du CYP3A4,Yes,
INT_01675,Contre-indication,"Augmentation (très importante pour l'avanafil et le vardénafil) des concentrations plasmatiques de l'IPDE5, avec risque d'hypotension (sévère avec le vardénafil).","Pour connaître les risques et les niveaux de contrainte de chaque IPDE5 avec les inhibiteurs puissants du CYP3A4, il convient de se reporter aux AMM specifiques à chacun d'eux.",Yes,
INT_01676,Contre-indication,Augmentation des concentrations plasmatiques d’isavuconazole par diminution de son métabolisme hépatique par l’inhibiteur.,Contre-indication: - avec le kétoconazole Précaution d'emploi: - avec les autres inhibiteurs puissants du CYP3A4,Yes,
INT_01677,Contre-indication,Augmentation des concentrations plasmatiques de l’ivabradine et par conséquent de ses effets indésirables (inhibition de son métabolisme hépatique par l’inhibiteur).,,,
INT_01678,Contre-indication,Augmentation des concentrations plasmatiques du lomitapide par diminution de son métabolisme hépatique par l’inhibiteur.,,,
INT_01679,Contre-indication,Augmentation des concentrations plasmatiques de la lurasidone par diminution de son métabolisme hépatique par l’inhibiteur.,,,
INT_01680,Contre-indication,Augmentation très importante des concentrations du naloxegol par l’inhibiteur.,,,
INT_01681,Contre-indication,Augmentation des concentrations plasmatiques de la bithérapie par diminution de son métabolisme hépatique par l’inhibiteur.,Contre-indication: - sauf avec le ritonavir.,,
INT_01682,Contre-indication,"Risque majoré de troubles du rythme ventriculaire, notamment de torsades de pointes.",,,
INT_01683,Contre-indication,"Augmentation importante des concentrations de quétiapine, avec risque de surdosage.",,,
INT_01684,Contre-indication,Augmentation des concentrations de ranolazine par diminution de son métabolisme par l'inhibiteur.,,,
INT_01685,Contre-indication,Risque majoré d'effets indésirables (concentration-dépendants) à type de rhabdomyolyse par diminution du métabolisme de la simvastatine.,,,
INT_01686,Contre-indication,"Risque de majoration des effets indésirables, notamment à type de troubles du rythme cardiaque.",chez le patient insuffisant rénal ou hépatique sévère.,,
INT_01687,Contre-indication,Augmentation des concentrations plasmatiques de ticagrelor par diminution de son métabolisme hépatique par l’inhibiteur.,,,
INT_01688,Contre-indication,"Augmentation très importante des concentrations de vénétoclax par diminution de son métabolisme hépatique, avec risque de majoration de la toxicité, notamment hématologique.",Contre-indication : - pendant la phase de titration. Précaution d'emploi: - réduction de posologie de 75% en phase de stabilisation.,Yes,
INT_01689,Contre-indication,"Chez les patients ayant un génotype de métaboliseurs lents du CYP2D6, risque de majoration des effets indésirables de l’éliglustat.",,,
INT_01690,Association DECONSEILLEE,Risque d’augmentation des concentrations plasmatiques de l’alfuzosine et de ses effets indésirables.,,,
INT_01691,Association DECONSEILLEE,"Majoration des effets indésirables de l’antagoniste des canaux calciques, le plus souvent à type d'hypotension et d'oedèmes, notamment chez le sujet âgé.",Association déconseillée: - avec la lercanidipine. Précaution d'emploi: - avec les autres antagonistes des canaux calciques. Surveillance clinique et adaptation posologique pendant le traitement par l’inhibiteur enzymatique et après son arrêt.,Yes,
INT_01692,Association DECONSEILLEE,"Augmentation des concentrations plasmatiques de l’apixaban par l'inhibiteur, avec majoration du risque de saignement.",,,
INT_01693,Association DECONSEILLEE,Augmentation des concentrations plasmatiques de bédaquiline par diminution de son métabolisme hépatique par l’inhibiteur.,"Si l’association est nécessaire, une surveillance ECG plus fréquente et une surveillance des transaminases sont recommandées.",,
INT_01694,Association DECONSEILLEE,"En cas d’utilisation prolongée par voie orale ou inhalée : augmentation des concentrations plasmatiques du corticoïde par diminution de son métabolisme hépatique par l’inhibiteur, avec risque d’apparition d’un syndrome cushingoïde voire d’une insuffisance surrénalienne.",Préférer un corticoïde non métabolisé.,,
INT_01695,Association DECONSEILLEE,"Risque majoré de troubles du rythme ventriculaires, notamment de torsades de pointes.","Si l’association ne peut être évitée, contrôle clinique et électrocardiographique régulier.",,
INT_01696,Association DECONSEILLEE,Risque de majoration des effets indésirables du glasdégib par diminution de son métabolisme.,"Si l’association ne peut être évitée, surveillance clinique étroite.",,
INT_01697,Association DECONSEILLEE,"Risque majoré de troubles du rythme ventriculaires, notamment de torsades de pointes.","Si cela est possible, interrompre l'inhibiteur. Si l'association ne peut être évitée, contrôle préalable du QT et surveillance ECG monitorée.",,
INT_01698,Association DECONSEILLEE,Risque de majoration des effets indésirables de l’inhibiteur de tyrosine kinase par diminution de son métabolisme.,"Association déconseillée : - avec l'axitinib, le bosutinib, le cabozantinib, le céritinib, le cobimétinib, le dabrafenib, le dasatinib, l'entrectinib, le nilotinib, le sunitinib. - avec l'ibrutinib et le ribociclib: si l’association ne peut être évitée, surveillance clinique étroite et réduction de la dose pendant la durée de l’association voire interruption temporaire ou définitive. Précaution d'emploi avec les autres ITK (sauf abrocitinib, osimertinib, tucatinib et vandétanib): Surveillance clinique.",Yes,
INT_01699,Association DECONSEILLEE,Risque de majoration des effets indésirables de l’irinotécan par augmentation des concentrations plasmatiques de son métabolite actif.,,,
INT_01700,Association DECONSEILLEE,"Risque majoré de troubles du rythme ventriculaire, notamment de torsades de pointes.","Si cela est possible, interrompre l’inhibiteur. Si l’association ne peut être évitée, contrôle préalable du QT et surveillance ECG monitorée.",,
INT_01701,Association DECONSEILLEE,"Augmentation des concentrations plasmatiques de midazolam par diminution de son métabolisme hépatique, avec majoration de la sédation.",Association déconseillée: - avec le midazolam per os Précaution d'emploi avec : - avec le midazolam IV et sublingual Surveillance clinique et réduction de la posologie de midazolam en cas de traitement par l'inhibiteur.,Yes,
INT_01702,Association DECONSEILLEE,Augmentation des effets indésirables de la midostaurine par l’inhibiteur.,"Si l’association ne peut être évitée, surveillance clinique étroite.",,
INT_01703,Association DECONSEILLEE,Augmentation des concentrations plasmatiques d’olaparib par l’inhibiteur.,"Si l’association ne peut être évitée, limiter la dose d’olaparib à 150 mg deux fois par jour.",,
INT_01704,Association DECONSEILLEE,"Majoration des effets indésirables, notamment respiratoires, de l’oxycodone par diminution de son métabolisme par l'inhibiteur.",Surveillance clinique et adaptation éventuelle de la posologie de l’oxycodone pendant le traitement par l'inhibiteur et après son arrêt.,,
INT_01705,Association DECONSEILLEE,"Risque de majoration des effets indésirables de la quinine, notamment troubles du rythme ventriculaire et troubles neurosensoriels (cinchonisme).","Association déconseillée : - avec les inhibiteurs de protéases Précaution d’emploi : - avec les azolés antifongiques, certains macrolides, le tucatinib. Surveillance clinique et ECG. Adaptation éventuelle de la posologie de la quinine pendant le traitement par l’inhibiteur enzymatique et après son arrêt.",Yes,
INT_01706,Association DECONSEILLEE,Augmentation des concentrations plasmatiques de riociguat par diminution de son métabolisme hépatique par l’inhibiteur.,,,
INT_01707,Association DECONSEILLEE,"Augmentation des concentrations plasmatiques de rivaroxaban, avec majoration du risque de saignement.",,,
INT_01708,Association DECONSEILLEE,Augmentation des concentrations plasmatiques de régorafenib par diminution de son métabolisme hépatique par l’inhibiteur.,,,
INT_01709,Association DECONSEILLEE,"Risque d’augmentation des effets indésirables de la silodosine par l’inhibiteur, notamment à type d’hypotension orthostatique.",,,
INT_01710,Association DECONSEILLEE,"Risque de majoration des effets indésirables de la tamsulosine, par inhibition de son métabolisme hépatique.",,,
INT_01711,Association DECONSEILLEE,"Augmentation des concentrations plasmatiques du DM1, un composant du trastuzumab emtansine, par inhibition de son métabolisme par l’inhibiteur.",,,
INT_01712,Association DECONSEILLEE,Risque de majoration de la toxicité de l'antimitotique par diminution de son métabolisme hépatique par l’inhibiteur.,"Si l’association ne peut être évitée, surveillance clinique et biologique étroite.",,
INT_01713,Précaution d'emploi,Augmentation de l'effet dépresseur respiratoire de l'analgésique opiacé par diminution de son métabolisme hépatique.,Surveillance clinique et adaptation de la posologie de l’analgésique opiacé en cas de traitement par un inhibiteur puissant du CYP3A4.,,
INT_01714,Précaution d'emploi,"Risque de majoration des effets indésirables, notamment neurologiques, du bortezomib par diminution de son métabolisme.",Surveillance clinique et adaptation éventuelle de la posologie du bortezomib pendant la durée du traitement par l’inhibiteur enzymatique.,,
INT_01715,Précaution d'emploi,"Risque majoré des effets indésirables du bosentan, notamment d’atteintes hépatiques, par diminution de son métabolisme par l'inhibiteur.",Surveillance clinique et biologique pendant l’association.,,
INT_01716,Précaution d'emploi,Risque de majoration des effets indésirables dose-dépendants du cabazitaxel par inhibition de son métabolisme par l’inhibiteur enzymatique.,Surveillance clinique et adaptation éventuelle de la posologie du cabazitaxel pendant le traitement par l’inhibiteur enzymatique.,,
INT_01717,Précaution d'emploi,Risque d’augmentation des effets indésirables du disopyramide par diminution de son métabolisme.,Surveillance clinique et adaptation éventuelle de la posologie du disopyramide.,,
INT_01718,Précaution d'emploi,Risque de majoration des effets indésirables dose-dépendants du docétaxel par inhibition de son métabolisme par l’inhibiteur enzymatique.,Surveillance clinique et adaptation éventuelle de la posologie du docétaxel pendant le traitement par l’inhibiteur enzymatique.,,
INT_01719,Précaution d'emploi,Risque d'augmentation de l’effet dépresseur respiratoire de l’analgésique opiacé par légère diminution de son métabolisme hépatique.,Surveillance clinique et adaptation éventuelle de la posologie de l’analgésique opiacé en cas de traitement par un inhibiteur puissant du CYP3A4.,,
INT_01720,Précaution d'emploi,"Augmentation des concentrations d’ivacaftor, avec risque de majoration des effets indésirables.",Se référer à l'AMM pour les adaptations posologiques.,,
INT_01721,Précaution d'emploi,Augmentation des concentrations de maraviroc par l’inhibiteur.,La dose de maraviroc doit être diminuée à 150 mg deux fois par jour en cas de co-administration avec cet inhibiteur. A l'exception du tipranavir boosté par ritonavir où la dose de maraviroc doit être de 300 mg deux fois par jour.,,
INT_01722,Précaution d'emploi,"Risque de majoration des effets indésirables, notamment cardiaques, du panobinostat par diminution de son métabolisme par l’inhibiteur.",Surveillance clinique et ECG. Débuter le traitement à dose réduite de moitié (10 mg).,,
INT_01723,Précaution d'emploi,Augmentation de l’effet dépresseur respiratoire de l’analgésique opiacé par diminution de son métabolisme hépatique.,Surveillance clinique et adaptation de la posologie de l’analgésique opiacé en cas de traitement par un inhibiteur puissant du CYP3A4.,,
INT_01724,Précaution d'emploi,"Augmentation importante (entre 2 à 5 fois en moyenne) des concentrations de tolvaptan, avec risque de majoration importante des effets indésirables, notamment diurèse importante, déshydratation, insuffisance rénale aiguë.","Réduire la posologie des deux tiers aux trois quarts, selon la dose prescrite.",,
INT_01725,Précaution d'emploi,"Décrit pour les antifongiques azolés Augmentation des concentrations de trétinoïne par diminution de son métabolisme, avec risque de majoration de sa toxicité (pseudo- tumor cerebrii, hypercalcémie…)",Adaptation de la posologie de la trétinoïne pendant le traitement par l’inhibiteur et après son arrêt.,,
INT_01726,Précaution d'emploi,"Bradycardie et/ou troubles de la conduction auriculo-ventriculaire, par diminution du métabolisme hépatique du vérapamil par l’inhibiteur.","Surveillance clinique et ECG. S’il y a lieu, adaptation de la posologie du vérapamil pendant le traitement par l’inhibiteur, et après son arrêt, le cas échéant.",,
INT_01727,A prendre en compte,Possible augmentation de l'effet sédatif de l'alprazolam.,,,
INT_01728,A prendre en compte,"Augmentation des concentrations du métabolite actif du brentuximab, avec risque de neutropénie.",,,
INT_01729,A prendre en compte,Risque d’augmentation des concentrations plasmatiques du cobicistat ou de l’inhibiteur du CYP3A4.,"Pour connaître les risques et les niveaux de contrainte de chaque interaction, il convient de se reporter aux AMM specifiques à chaque spécialité.",,
INT_01730,A prendre en compte,Augmentation des concentrations plasmatiques d’idélalisib par diminution de son métabolisme hépatique par l’inhibiteur.,,,
INT_01731,A prendre en compte,Risque d’augmentation des concentrations plasmatiques de l’inhibiteur de protéase boosté par le ritonavir ou de l’inhibiteur du CYP3A4.,"Pour connaître les risques et les niveaux de contrainte de chaque inhibiteur de protéase boosté par le ritonavir avec les inhibiteurs puissants du CYP3A4, il convient de se reporter aux AMM spécifiques à chacun d'eux.",,
INT_01732,A prendre en compte,"Majoration des effets indésirables propres à chaque substrat, avec conséquences souvent sévères.",,,
INT_01733,A prendre en compte,Légère augmentation de l'effet sédatif du zolpidem.,,,
INT_01734,A prendre en compte,Légère augmentation de l'effet sédatif de la zopiclone.,,,
INT_01735,Contre-indication,"Risque d'apparition d'un syndrome sérotoninergique : diarrhée, tachycardie, sueurs, tremblements, confusion voire coma.","Respecter un délai de deux semaines entre l'arrêt de l'IMAO et le début du traitement par l'antidépresseur sérotoninergique, et d'au moins une semaine entre l'arrêt de l'antidépresseur sérotoninergique (sauf pour la fluoxétine : cinq semaines) et le début.",,
INT_01736,Association DECONSEILLEE,"Risque d'apparition d'un syndrome sérotoninergique : diarrhée, tachycardie, sueurs, tremblements, confusion voire coma.","Si l'association ne peut être évitée, surveillance clinique très étroite. Débuter l'association aux posologies minimales recommandées.",,
INT_01737,Précaution d'emploi,Augmentation des concentrations plasmatiques de l'antidépresseur imipraminique avec risque de convulsions et augmentation des effets indésirables.,"Surveillance clinique accrue et, si nécessaire, adaptation posologique.",,
INT_01738,Précaution d'emploi,Augmentation du risque hémorragique.,Surveillance clinique.,,
INT_01739,Précaution d'emploi,Risque d'apparition d'un syndrome sérotoninergique.,"Surveillance clinique et biologique régulière, notamment en début d'association.",,
INT_01740,Précaution d'emploi,Risque d'apparition d'un syndrome sérotoninergique.,"Surveillance clinique et biologique régulière, notamment en début d'association.",,
INT_01741,A prendre en compte,Majoration du risque hémorragique.,,,
INT_01742,A prendre en compte,Augmentation du risque hémorragique.,,,
INT_01743,A prendre en compte,Augmentation du risque hémorragique.,,,
INT_01744,A prendre en compte,Risque de diminution de l'efficacité de l'antidépresseur.,,,
INT_01745,A prendre en compte,Risque d'apparition d'un syndrome sérotoninergique.,,,
INT_01746,A prendre en compte,Risque d'échec thérapeutique en cas de traitement concomitant par orlistat.,,,
INT_01747,A prendre en compte,Risque d'apparition de convulsions et/ou d'un syndrome sérotoninergique.,,,
INT_01748,A prendre en compte,Risque d'apparition d'un syndrome sérotoninergique.,,,
INT_01749,Association DECONSEILLEE,Augmentation de la réaction hypoglycémique (inhibition des réactions de compensation pouvant faciliter la survenue de coma hypoglycémique).,Eviter la prise de boissons alcoolisées et de médicaments contenant de l'alcool.,,
INT_01750,Association DECONSEILLEE,Effet diabétogène du danazol.,"Si l'association ne peut être évitée, prévenir le patient et renforcer l'autosurveillance glycémique. Adapter éventuellement la posologie de l'insuline pendant le traitement par le danazol et après son arrêt.",,
INT_01751,Précaution d'emploi,"Risque d'hypoglycémie ou d'hyperglycémie : diminution ou augmentation des besoins en insuline, par diminution ou augmentation de la sécrétion de glucagon endogène.","Prévenir le patient du risque d'hypoglycémie ou d'hyperglycémie, renforcer l'autosurveillance glycémique et adapter si besoin la posologie de l'insuline pendant le traitement par l'analogue de la somatostatine.",,
INT_01752,Précaution d'emploi,Elévation de la glycémie par le bêta-2 mimétique.,Renforcer la surveillance sanguine et urinaire.,,
INT_01753,Précaution d'emploi,Tous les bêtabloquants peuvent masquer certains symptômes de l'hypoglycémie : palpitations et tachycardie.,"Prévenir le patient et renforcer, surtout en début de traitement, l'autosurveillance glycémique.",,
INT_01754,Précaution d'emploi,Tous les bêtabloquants peuvent masquer certains symptômes de l'hypoglycémie : palpitations et tachycardie.,"Prévenir le patient et renforcer, surtout en début de traitement, l'autosurveillance glycémique.",,
INT_01755,Précaution d'emploi,A fortes posologies (100 mg par jour de chlorpromazine) : élévation de la glycémie (diminution de la libération de l'insuline).,Prévenir le patient et renforcer l'autosurveillance glycémique. Adapter éventuellement la posologie de l'insuline pendant le traitement par le neuroleptique et après son arrêt.,,
INT_01756,Précaution d'emploi,L'utilisation des IEC peut entraîner une majoration de l'effet hypoglycémiant chez le diabétique traité par insuline. La survenue de malaises hypoglycémiques semble exceptionnelle (amélioration de la tolérance au glucose qui aurait pour conséquence une réduction des besoins en insuline).,Renforcer l'autosurveillance glycémique.,,
INT_01757,A prendre en compte,Augmentation de la toxicité gastro-intestinale du fluorouracile.,,,
INT_01758,Précaution d'emploi,Augmentation du risque d'hémorragies digestives.,Surveillance clinique étroite.,,anticorps monoclonaux (hors anti-TNF alpha)
INT_01759,Contre-indication,"Diminution des concentrations plasmatiques du métabolite actif de l'irinotécan, avec risque d'échec du traitement cytotoxique.",,,cytotoxiques - substrats à risque du CYP3A4
INT_01760,Association DECONSEILLEE,"Diminution probable des concentrations plasmatiques du métabolite actif de l'irinotécan, avec risque d'échec du traitement cytotoxique.",,,cytotoxiques - substrats à risque du CYP3A4
INT_01761,Association DECONSEILLEE,Risque de majoration des effets indésirables de l’irinotécan par augmentation des concentrations plasmatiques de son métabolite actif.,,,cytotoxiques - substrats à risque du CYP3A4
INT_01762,Contre-indication,Diminution des concentrations plasmatiques d’isavuconazole par augmentation de son métabolisme hépatique par l’inducteur.,,,
INT_01763,Contre-indication,Augmentation des concentrations plasmatiques d’isavuconazole par diminution de son métabolisme hépatique par l’inhibiteur.,Contre-indication: - avec le kétoconazole Précaution d'emploi: - avec les autres inhibiteurs puissants du CYP3A4,Yes,
INT_01764,Contre-indication,Diminution des concentrations plasmatiques d’isavuconazole par augmentation de son métabolisme hépatique par le millepertuis.,,,
INT_01765,Association DECONSEILLEE,Augmentation des concentrations plasmatiques de carbamazépine avec signes de surdosage par inhibition de son métabolisme hépatique.,,,"substances à absorption réduite par les topiques gastro-intestinaux, antiacides"
INT_01766,Association DECONSEILLEE,Troubles du comportement et de la coordination.,,,"substances à absorption réduite par les topiques gastro-intestinaux, antiacides"
INT_01767,Précaution d'emploi,"Potentialisation de l'effet hépatotoxique de l'isonazide, avec formation accrue de métabolites toxiques de l'isoniazide.","En cas d'intervention programmée, arrêter, par prudence, le traitement par l'isoniazide une semaine avant l'intervention et ne le reprendre que 15 jours après.",,"substances à absorption réduite par les topiques gastro-intestinaux, antiacides"
INT_01768,Précaution d'emploi,Décrit pour la prednisolone. Diminution des concentrations plasmatiques de l'isoniazide. Mécanisme invoqué : augmentation du métabolisme hépatique de l'isoniazide et diminution de celui des glucocorticoïdes.,Surveillance clinique et biologique.,,"substances à absorption réduite par les topiques gastro-intestinaux, antiacides"
INT_01769,Précaution d'emploi,Diminution des concentrations plasmatiques de kétoconazole.,Espacer les prises des deux anti-infectieux d'au moins 12 heures. Surveiller les concentrations plasmatiques du kétoconazole et adapter éventuellement sa posologie.,,"substances à absorption réduite par les topiques gastro-intestinaux, antiacides"
INT_01770,Précaution d'emploi,Surdosage en phénytoïne (diminution de son métabolisme).,"Surveillance clinique étroite, dosage des concentrations plasmatiques de phénytoïne et adaptation éventuelle de sa posologie pendant le traitement par l'isoniazide et après son arrêt.",,"substances à absorption réduite par les topiques gastro-intestinaux, antiacides"
INT_01771,Précaution d'emploi,Addition des effets hépatotoxiques.,Surveillance clinique et biologique.,,"substances à absorption réduite par les topiques gastro-intestinaux, antiacides"
INT_01772,Précaution d'emploi,Augmentation de l'hépatotoxicité de l'isoniazide (augmentation de la formation de métabolites toxiques de l'isoniazide).,"Surveillance clinique et biologique de cette association classique. En cas d'hépatite, arrêter l'isoniazide.",,"substances à absorption réduite par les topiques gastro-intestinaux, antiacides"
INT_01773,Précaution d'emploi,Risque majoré de survenue de neuropathies périphériques par addition d'effets indésirables.,"Surveillance clinique et biologique régulière, notamment en début d'association.",,"substances à absorption réduite par les topiques gastro-intestinaux, antiacides"
INT_01774,Association DECONSEILLEE,Troubles du rythme ventriculaire graves par augmentation de l'excitabilité cardiaque.,,,
INT_01775,Contre-indication,Risque majoré d'effets indésirables (concentration-dépendants) à type de rhabdomyolyse (diminution du métabolisme hépatique de l'atorvastatine).,,,inhibiteurs puissants du CYP3A4
INT_01776,Contre-indication,"Augmentation de plus du double des concentrations plasmatiques de dabigatran, avec majoration du risque de saignement.",,,inhibiteurs puissants du CYP3A4
INT_01777,Contre-indication,"Risque de diminution importante des concentrations plasmatiques d’itraconazole, avec risque de perte d’efficacité, par augmentation de son métabolisme hépatique par le millepertuis.",,,inhibiteurs puissants du CYP3A4
INT_01778,Association DECONSEILLEE,"Augmentation des concentrations plasmatiques de la buspirone par diminution de son métabolisme hépatique, avec majoration importante de la sédation.",,,inhibiteurs puissants du CYP3A4
INT_01779,Association DECONSEILLEE,Avec le busulfan à fortes doses : doublement des concentrations de busulfan par l’itraconazole.,,,inhibiteurs puissants du CYP3A4
INT_01780,Association DECONSEILLEE,Augmentation très importante des concentrations sanguines de l'immunosuppresseur par inhibition de son métabolisme hépatique.,"En cas d’association, contrôle strict de la fonction rénale, dosage des concentrations sanguines de l'immunosuppresseur et adaptation éventuelle de la posologie.",,inhibiteurs puissants du CYP3A4
INT_01781,Association DECONSEILLEE,"Diminution des concentrations plasmatiques d’itraconazole, avec risque de perte d’efficacité, par augmentation de son métabolisme hépatique par l’inducteur.",,,inhibiteurs puissants du CYP3A4
INT_01782,Association DECONSEILLEE,Risque d’augmentation des concentrations plasmatiques de la trabectedine par l’itraconazole.,"Si l’association est nécessaire, surveillance clinique et adaptation éventuelle de la posologie de la trabectedine pendant la durée du traitement par l’itraconazole.",,inhibiteurs puissants du CYP3A4
INT_01783,Précaution d'emploi,Augmentation des concentrations plasmatique d’afatinib par augmentation de son absorption par l'itraconazole.,"Il est recommandé d’administrer l'itraconazole le plus à distance possible de l’afatinib, en respectant de préférence un intervalle de 6 heures ou de 12 heures par rapport à la prise d’afatinib.",,inhibiteurs puissants du CYP3A4
INT_01784,Précaution d'emploi,"Augmentation des concentrations de buprénorphine par diminution de son métabolisme hépatique, avec risque de majoration de ses effets indésirables.","Surveillance clinique et adaptation de la posologie de la buprénorphine pendant le traitement par l'inhibiteur et, le cas échéant, après son arrêt.",,inhibiteurs puissants du CYP3A4
INT_01785,Précaution d'emploi,"Augmentation de la digoxinémie avec nausées, vomissements, troubles du rythme.","Surveillance clinique et, s'il y a lieu, de l'ECG et de la digoxinémie avec adaptation de la posologie de la digoxine pendant le traitement par l'itraconazole et après son arrêt.",,inhibiteurs puissants du CYP3A4
INT_01786,Précaution d'emploi,Augmentation des concentrations plasmatiques d’elvitegravir par diminution de son métabolisme par l'itraconazole.,"Avec l’elvitegravir co-administré avec le cobicistat, surveillance clinique. Limiter la dose maximale d’itraconazole à 200 mg/j.",,inhibiteurs puissants du CYP3A4
INT_01787,Précaution d'emploi,Risque d'acouphènes et/ou de diminution de l'acuité auditive : cinchonisme lié à une diminution du métabolisme hépatique de l'antiarythmique par l'itraconazole.,Surveillance des concentrations plasmatiques de l'antiarythmique et diminution éventuelle de sa posologie si nécessaire.,,inhibiteurs puissants du CYP3A4
INT_01788,Précaution d'emploi,Risque d’augmentation des concentrations d’itraconazole par l’inhibiteur de protéases.,Surveillance clinique lors de l’association. L’administration de doses élevées d’itraconazole (>200 mg par jour) n’est pas recommandée.,,inhibiteurs puissants du CYP3A4
INT_01789,Précaution d'emploi,Augmentation des concentrations plasmatiques du nintédanib par augmentation de son absorption par l'itraconazole.,Surveillance clinique pendant l’association.,,inhibiteurs puissants du CYP3A4
INT_01790,Précaution d'emploi,"Risque majoré de troubles du rythme ventriculaire, notamment de torsades de pointes, ainsi que d'acouphènes et/ou de diminution de l'acuité auditive (cinchonisme), par diminution du métabolisme hépatique de la quinidine.",Surveillance clinique.,,inhibiteurs puissants du CYP3A4
INT_01791,Précaution d'emploi,Augmentation des concentrations de talazoparib avec risque de majoration de la toxicité.,Réduire la dose de talazoparib.,,inhibiteurs puissants du CYP3A4
INT_01792,Précaution d'emploi,Augmentation des concentrations plasmatiques du ténofovir alafénamide par augmentation de son absorption.,"En cas de co-administration avec l’itraconazole, la dose de ténofovir alafénamide doit être limitée à 10 mg par jour.",,inhibiteurs puissants du CYP3A4
INT_01793,Précaution d'emploi,"Augmentation des concentrations plasmatiques de l’édoxaban, avec majoration du risque de saignement.",Réduire la dose d’édoxaban de moitié.,,inhibiteurs puissants du CYP3A4
INT_01794,A prendre en compte,"Diminution de l'absorption de l'azolé antifongique, par augmentation du pH intragastrique par l'antisécrétoire.",,,inhibiteurs puissants du CYP3A4
INT_01795,A prendre en compte,"Diminution de l'absorption de l'azolé antifongique, par augmentation du pH intragastrique par l'antisécrétoire.",,,inhibiteurs puissants du CYP3A4
INT_01796,A prendre en compte,Augmentation des concentrations d’aprépitant par diminution de son métabolisme hépatique par l’itraconazole.,,,inhibiteurs puissants du CYP3A4
INT_01797,A prendre en compte,Augmentation importante des concentrations de salmétérol par diminution de son métabolisme hépatique par l'itraconazole.,,,inhibiteurs puissants du CYP3A4
INT_01798,A prendre en compte,Augmentation des concentrations de venlafaxine avec risque de surdosage.,,,inhibiteurs puissants du CYP3A4
INT_01799,Contre-indication,"Augmentation des concentrations plasmatiques de l’ivabradine et de ses effets indésirables, notamment cardiaques (inhibition de son métabolisme hépatique par le diltiazem), qui s’ajoutent aux effets bradycardisants de ces substances.",,,bradycardisants
INT_01800,Contre-indication,Augmentation des concentrations plasmatiques de l’ivabradine et par conséquent de ses effets indésirables (inhibition de son métabolisme hépatique par l’inhibiteur).,,,bradycardisants
INT_01801,Contre-indication,Augmentation des concentrations plasmatiques de l'ivabradine et par conséquent de ses effets indésirables (inhibition de son métabolisme hépatique par la josamycine).,,,bradycardisants
INT_01802,Contre-indication,"Augmentation des concentrations plasmatiques de l’ivabradine et de ses effets indésirables, notamment cardiaques (augmentation de son absorption et inhibition de son métabolisme hépatique par le vérapamil), qui s’ajoutent aux effets bradycardisants de ces deux médicaments.",,,bradycardisants
INT_01803,Association DECONSEILLEE,"Risque de diminution de l'efficacité de l’ivabradine, par augmentation de son métabolisme par le millepertuis.",,,bradycardisants
INT_01804,Association DECONSEILLEE,Augmentation des concentrations plasmatiques de l’ivabradine et de ses effets indésirables (inhibition de son métabolisme intestinal par le pamplemousse).,,,bradycardisants
INT_01805,Précaution d'emploi,"Risque majoré de troubles du rythme ventriculaires, notamment de torsades de pointes. De plus, risque d'augmentation des concentrations plasmatiques de l’ivabradine par augmentation de son absorption par l’azithromycine.",Surveillance clinique et ECG pendant l’association.,,bradycardisants
INT_01806,Précaution d'emploi,"Risque de diminution de l'efficacité de l’ivabradine, par augmentation de son métabolisme par l’inducteur.",Surveillance clinique et adaptation de la posologie de l’ivabradine pendant l’association et après l’arrêt de l’inducteur.,,bradycardisants
INT_01807,Précaution d'emploi,"Risque de diminution de l'efficacité de l’ivabradine, par augmentation de son métabolisme par la rifampicine.",Surveillance clinique et adaptation de la posologie de l’ivabradine pendant l’association et après l’arrêt de la rifampicine.,,bradycardisants
INT_01808,Association DECONSEILLEE,"Diminution importante des concentrations de l’ivacaftor, avec risque de perte d’efficacité.",,,
INT_01809,Association DECONSEILLEE,Risque d’augmentation des concentrations plasmatiques d’ivacaftor par le jus de pamplemousse.,,,
INT_01810,Précaution d'emploi,"Augmentation des concentrations d’ivacaftor, avec risque de majoration des effets indésirables.",Se référer à l'AMM pour les adaptations posologiques.,,
INT_01811,Précaution d'emploi,"Augmentation des concentrations d’ivacaftor, avec risque de majoration des effets indésirables.",Se référer à l'AMM pour les adaptations posologiques.,,
INT_01812,Contre-indication,Augmentation des concentrations plasmatiques de l'ivabradine et par conséquent de ses effets indésirables (inhibition de son métabolisme hépatique par la josamycine).,,,macrolides (sauf spiramycine)
INT_01813,Contre-indication,"Risque majoré de troubles du rythme ventriculaire, notamment de torsades de pointes.",,,macrolides (sauf spiramycine)
INT_01814,Association DECONSEILLEE,"Risque majoré de troubles du rythme ventriculaire, notamment de torsades de pointes.","Si cela est possible, interrompre le macrolide. Si l’association ne peut être évitée, contrôle préalable du QT et surveillance ECG monitorée.",,macrolides (sauf spiramycine)
INT_01815,Association DECONSEILLEE,"Augmentation des concentrations sanguines de tacrolimus et de la créatininémie, par inhibition du métabolisme hépatique du tacrolimus par la josamycine.",,,macrolides (sauf spiramycine)
INT_01816,Précaution d'emploi,"Augmentation des concentrations plasmatiques de carbamazépine avec signes de surdosage, par diminution de son métabolisme hépatique.","Surveillance clinique et, si besoin, dosage plasmatique et réduction éventuelle de la posologie de la carbamazépine.",,macrolides (sauf spiramycine)
INT_01817,Précaution d'emploi,Risque d'augmentation des concentrations sanguines de ciclosporine et de la créatininémie.,"Dosage des concentrations sanguines de la ciclosporine, contrôle de la fonction rénale et adaptation de la posologie pendant l'association et après l'arrêt du macrolide.",,macrolides (sauf spiramycine)
INT_01818,Précaution d'emploi,"Risque de majoration des effets indésirables du disopyramide : hypoglycémies sévères, allongement de l’intervalle QT et troubles du rythme ventriculaire graves, notamment à type de torsades de pointes.","Surveillance clinique, biologique et électrocardiographique régulière.",,macrolides (sauf spiramycine)
INT_01819,Précaution d'emploi,"Augmentation des concentrations plasmatiques de sildénafil, avec risque d'hypotension.",Débuter le traitement par sildénafil à la dose minimale en cas d'association avec la josamycine.,,macrolides (sauf spiramycine)
INT_01820,A prendre en compte,"Risque d'augmentation de la théophyllinémie, particulièrement chez l'enfant.",,,macrolides (sauf spiramycine)
INT_01821,A prendre en compte,Augmentation des concentrations plasmatiques de kétamine par diminution de son métabolisme par la ticlopidine.,,,
INT_01822,Contre-indication,Risque majoré d'effets indésirables (concentration-dépendants) à type de rhabdomyolyse (diminution du métabolisme hépatique de l'atorvastatine).,,,antabuse (réaction) - inhibiteurs puissants du CYP3A4
INT_01823,Contre-indication,"Augmentation de plus du double des concentrations plasmatiques de dabigatran, avec majoration du risque de saignement.",,,antabuse (réaction) - inhibiteurs puissants du CYP3A4
INT_01824,Contre-indication,"Augmentation des concentrations plasmatiques de névirapine par diminution de son métabolisme hépatique par le kétoconazole, d'une part, et diminution des concentrations plasmatiques du kétoconazole par augmentation de son métabolisme hépatique par la névirapine, d'autre part.",,,antabuse (réaction) - inhibiteurs puissants du CYP3A4
INT_01825,Association DECONSEILLEE,Augmentation des concentrations plasmatiques de la fidaxomicine.,,,antabuse (réaction) - inhibiteurs puissants du CYP3A4
INT_01826,Association DECONSEILLEE,Augmentation très importante des concentrations sanguines de l'immunosuppresseur par inhibition de son métabolisme hépatique.,"En cas d’association, contrôle strict de la fonction rénale, dosage des concentrations sanguines de l'immunosuppresseur et adaptation éventuelle de la posologie.",,antabuse (réaction) - inhibiteurs puissants du CYP3A4
INT_01827,Association DECONSEILLEE,"Risque majoré d'effets indesirables, notamment d'oedèmes, par diminution du métabolisme hépatique de la dihydropyridine.",,,antabuse (réaction) - inhibiteurs puissants du CYP3A4
INT_01828,Association DECONSEILLEE,Diminution des concentrations plasmatiques et de l'efficacité des deux anti-infectieux (induction enzymatique par la rifampicine et diminution de l'absorption intestinale par l’azolé antifongique).,,,antabuse (réaction) - inhibiteurs puissants du CYP3A4
INT_01829,Précaution d'emploi,Augmentation des concentrations plasmatique d’afatinib par augmentation de son absorption par le kétoconazole.,"Il est recommandé d’administrer le kétoconazole le plus à distance possible de l’afatinib, en respectant de préférence un intervalle de 6 heures ou de 12 heures par rapport à la prise d’afatinib.",,antabuse (réaction) - inhibiteurs puissants du CYP3A4
INT_01830,Précaution d'emploi,"Augmentation des concentrations de buprénorphine par diminution de son métabolisme hépatique, avec risque de majoration de ses effets indésirables.","Surveillance clinique et adaptation de la posologie de la buprénorphine pendant le traitement par l'inhibiteur et, le cas échéant, après son arrêt.",,antabuse (réaction) - inhibiteurs puissants du CYP3A4
INT_01831,Précaution d'emploi,Augmentation des concentrations plasmatiques d’elvitegravir par diminution de son métabolisme par le kétoconazole.,"Avec l’elvitegravir co-administré avec le cobicistat, surveillance clinique. Limiter la dose maximale de kétoconazole à 200 mg/j.",,antabuse (réaction) - inhibiteurs puissants du CYP3A4
INT_01832,Précaution d'emploi,Diminution des concentrations plasmatiques de kétoconazole.,Espacer les prises des deux anti-infectieux d'au moins 12 heures. Surveiller les concentrations plasmatiques du kétoconazole et adapter éventuellement sa posologie.,,antabuse (réaction) - inhibiteurs puissants du CYP3A4
INT_01833,Précaution d'emploi,Augmentation des concentrations plasmatiques du nintédanib par augmentation de son absorption par le kétoconazole.,Surveillance clinique pendant l’association.,,antabuse (réaction) - inhibiteurs puissants du CYP3A4
INT_01834,Précaution d'emploi,Augmentation des concentrations plasmatiques du ténofovir alafénamide par augmentation de son absorption.,"En cas de co-administration avec le kétoconazole, la dose de ténofovir alafénamide doit être limitée à 10 mg par jour.",,antabuse (réaction) - inhibiteurs puissants du CYP3A4
INT_01835,A prendre en compte,"Diminution de l'absorption de l'azolé antifongique, par augmentation du pH intragastrique par l'antisécrétoire.",,,antabuse (réaction) - inhibiteurs puissants du CYP3A4
INT_01836,A prendre en compte,"Diminution de l'absorption de l'azolé antifongique, par augmentation du pH intragastrique par l'antisécrétoire.",,,antabuse (réaction) - inhibiteurs puissants du CYP3A4
INT_01837,A prendre en compte,Augmentation importante des concentrations de salmétérol par diminution de son métabolisme hépatique par le kétoconazole.,,,antabuse (réaction) - inhibiteurs puissants du CYP3A4
INT_01838,A prendre en compte,Augmentation des concentrations de venlafaxine avec risque de surdosage.,,,antabuse (réaction) - inhibiteurs puissants du CYP3A4
INT_01839,Association DECONSEILLEE,Risque de diminution de l’efficacité de la cladribine par la lamivudine.,,,
INT_01840,Association DECONSEILLEE,Diminution des concentrations plasmatiques de lamivudine par le sorbitol.,"Si l’association ne peut être évitée, surveillance plus fréquente de la charge virale.",,
INT_01841,Association DECONSEILLEE,Diminution des concentrations et de l’efficacité de la lamotrigine par augmentation de son métabolisme hépatique.,Association déconseillée: - Eviter de mettre en route une contraception orale pendant la période d'ajustement posologique de la lamotrigine. Précaution d'emploi: - Surveillance clinique et adaptation de la posologie de la lamotrigine lors de la mise en route d'une contraception orale et après son arrêt.,Yes,anticonvulsivants métabolisés
INT_01842,Association DECONSEILLEE,Risque de diminution des concentrations et de l’efficacité de la lamotrigine par augmentation de son métabolisme hépatique par le ritonavir.,Association déconseillée - Eviter de mettre en route le traitement par ritonavir pendant la période d’ajustement posologique de la lamotrigine. Précaution d'emploi - Surveillance clinique et adaptation de la posologie de la lamotrigine lors de la mise en route du traitement par ritonavir.,Yes,anticonvulsivants métabolisés
INT_01843,Association DECONSEILLEE,"Risque majoré de réactions cutanées graves (syndrome de Lyell). Par ailleurs, augmentation des concentrations plasmatiques de lamotrigine (diminution de son métabolisme hépatique par le valproate de sodium).","Si l'association s'avère nécessaire, surveillance clinique étroite.",,anticonvulsivants métabolisés
INT_01844,Précaution d'emploi,"Risque d'augmentation des effets neurologiques (vertiges, ataxie, diplopie) de la carbamazépine lors de l'introduction de la lamotrigine.",Surveillance clinique et réduction éventuelle de la posologie de la carbamazépine.,,anticonvulsivants métabolisés
INT_01845,Précaution d'emploi,"Diminution des concentrations de la lamotrigine avec risque de moindre efficacité, par augmentation de son métabolisme hépatique par l'oxcarbazépine.","Surveillance clinique et contrôle des concentrations plasmatiques, avec adaptation de la posologie de la lamotrigine si besoin.",,anticonvulsivants métabolisés
INT_01846,Précaution d'emploi,Augmentation des concentrations sanguines du tacrolimus.,"Dosage des concentrations sanguines du tacrolimus, contrôle de la fonction rénale et adaptation de la posologie pendant l'association et après son arrêt.",,antisécrétoires inhibiteurs de la pompe à protons - substances à absorption
INT_01847,Association DECONSEILLEE,"Risque d’augmentation des concentrations plasmatiques du lapatinib, par augmentation de son absorption avec le tédizolide administré par voie orale, ou par diminution de son élimination avec le tédizolide administré par voie IV.",,,inhibiteurs de tyrosine kinases métabolisés - substrats à risque du CYP3A4
INT_01848,A prendre en compte,"Avec les laxatifs, notamment en vue d’explorations endoscopiques: risque de diminution de l’efficacité du médicament administré avec le laxatif.","Eviter la prise d’autres médicaments pendant et après l’ingestion dans un délai d’au moins 2 h après la prise du laxatif, voire jusqu’à la réalisation de l’examen.",,
INT_01849,Précaution d'emploi,Risque majoré de survenue de rhabdomyolyses.,"Renforcer le contrôle clinique et biologique, notamment durant les premières semaines de traitement.",,médicaments à l'origine d'atteintes musculaires
INT_01850,Association DECONSEILLEE,"Risque majoré d'effets indesirables, notamment d'oedèmes, par diminution du métabolisme hépatique de la dihydropyridine.",,,antagonistes des canaux calciques - antihypertenseurs sauf alpha-bloquants
INT_01851,Précaution d'emploi,Augmentation modérée des concentrations sanguines de l'immunosuppresseur et augmentation plus notable des concentrations de lercanidipine.,"Décaler les prises des deux médicaments. Dosage des concentrations sanguines de l'immunosuppresseur, et adaptation si nécessaire de sa posologie pendant l'association et après son arrêt.",,antagonistes des canaux calciques - antihypertenseurs sauf alpha-bloquants
INT_01852,A prendre en compte,"Risque majoré d'effets indésirables, notamment d'oedèmes, par diminution du métabolisme intestinal de la dihydropyridine.",,,antagonistes des canaux calciques - antihypertenseurs sauf alpha-bloquants
INT_01853,Précaution d'emploi,Augmentation de l'effet de l'antivitamine K et du risque hémorragique,Contrôle plus fréquent de l'INR. Adaptation éventuelle de la posologie de l'antivitamine K pendant le traitement par la lévocarnitine et 8 jours après son arrêt.,,
INT_01854,Contre-indication,Antagonisme réciproque entre la lévodopa et le neuroleptique.,Utiliser un antiémétique dénué d'effets extrapyramidaux.,,médicaments à l'origine d'une hypotension orthostatique
INT_01855,Contre-indication,Inhibition des effets de la lévodopa.,,,médicaments à l'origine d'une hypotension orthostatique
INT_01856,Association DECONSEILLEE,Antagonisme réciproque de la lévodopa et des neuroleptiques.,"Chez le patient parkinsonien, utiliser les doses minimales efficaces de chacun des deux médicaments.",,médicaments à l'origine d'une hypotension orthostatique
INT_01857,Association DECONSEILLEE,Antagonisme réciproque entre la lévodopa et la tétrabénazine.,,,médicaments à l'origine d'une hypotension orthostatique
INT_01858,Précaution d'emploi,Diminution de l'absorption digestive de la lévodopa.,Prendre les sels de fer à distance de la lévodopa (plus de 2 heures si possible).,,médicaments à l'origine d'une hypotension orthostatique
INT_01859,Précaution d'emploi,Augmentation des effets de la lévodopa mais également de ses effets indésirables. Majoration de l'effet antihypertenseur de la méthyldopa.,Surveillance clinique et éventuellement diminution des doses de lévodopa.,,médicaments à l'origine d'une hypotension orthostatique
INT_01860,Précaution d'emploi,En cas d'association avec la carbidopa : inhibition de l'absorption de la carbidopa avec diminution des concentrations plasmatiques de la lévodopa.,Surveillance clinique et adaptation éventuelle de la posologie de la lévodopa.,,médicaments à l'origine d'une hypotension orthostatique
INT_01861,A prendre en compte,"Risque d’aggravation du syndrome parkinsonien ou d’effets indésirables centraux (hallucinations visuelles, état confusionnel, céphalées).",,,médicaments à l'origine d'une hypotension orthostatique
INT_01862,A prendre en compte,Augmentation du risque d'hypotension orthostatique.,,,médicaments à l'origine d'une hypotension orthostatique
INT_01863,Précaution d'emploi,"Risque majoré de troubles du rythme ventriculaire, notamment de torsades de pointes.",Surveillance clinique et électrocardiographique pendant l'association.,,fluoroquinolones - médicaments abaissant le seuil épileptogène - substances
INT_01864,Précaution d'emploi,"Avec le lévonorgestrel utilisé dans l’indication contraception d’urgence, diminution importante des concentrations plasmatiques de lévonorgestrel, avec risque d’inefficacité.","En cas de prise d’un médicament inducteur dans les 4 dernières semaines, l’utilisation d’une contraception d’urgence non hormonale (DIU au cuivre) devrait s’envisager. Si ce n’est pas possible, le doublement de la dose de lévonorgestrel est une autre option.",,progestatifs contraceptifs
INT_01865,Précaution d'emploi,"Risque d’augmentation des concentrations plasmatiques de lidocaïne, avec possibilité d’effets indésirables neurologiques et cardiaques, par diminution de son métabolisme hépatique par l’amiodarone.","Surveillance clinique, ECG et éventuellement contrôle des concentrations plasmatiques de lidocaïne. Si besoin, adaptation de la posologie de la lidocaïne pendant le traitement par amiodarone et après son arrêt.",,antiarythmiques
INT_01866,Précaution d'emploi,Avec la lidocaïne utilisée par voie IV : augmentation des concentrations plasmatiques de lidocaïne avec possibilité d'effets indésirables neurologiques et cardiaques (diminution de la clairance hépatique de la lidocaïne).,"Surveillance clinique, ECG et éventuellement contrôle des concentrations plasmatiques de lidocaïne pendant l'association et après l'arrêt du bêta-bloquant. Adaptation si besoin de la posologie de la lidocaïne.",,antiarythmiques
INT_01867,Précaution d'emploi,Avec la cimétidine utilisée à des doses supérieures ou égales à 800 mg/j : augmentation des concentrations plasmatiques de lidocaïne avec risque d'effets indésirables neurologiques et cardiaques (inhibition du métabolisme hépatique de la lidocaïne).,"Surveillance clinique, ECG et éventuellement des concentrations plasmatiques de la lidocaïne ; s'il y a lieu, adaptation de la posologie de la lidocaïne pendant le traitement par la cimétidine et après son arrêt.",,antiarythmiques
INT_01868,Précaution d'emploi,Augmentation des concentrations plasmatiques de la lidocaïne avec possibilités d’effets indésirables neurologiques et cardiaques (diminution de la clairance hépatique de la lidocaïne).,"Surveillance clinique, ECG et éventuellement contrôle des concentrations plasmatiques de la lidocaïne pendant et après l’arrêt de l’association. Adaptation, si besoin, de la posologie de la lidocaïne.",,antiarythmiques
INT_01869,A prendre en compte,Effet inotrope négatif avec risque de décompensation cardiaque.,,,antiarythmiques
INT_01870,Précaution d'emploi,"Potentialisation des curares lorque l'antibiotique est administré par voie parentérale et/ou péritonéale avant, pendant ou après l'agent curarisant.",Surveiller le degré de curarisation en fin d'anesthésie.,,
INT_01871,Précaution d'emploi,Risque de diminution de l'efficacité du linézolide par augmentation de son métabolisme hépatique par la rifampicine.,Surveillance clinique et augmentation éventuelle de la posologie du linézolide pendant le traitement par la rifampicine.,,"IMAO-A réversibles, y compris oxazolidinones et bleu de méthylène - médicaments"
INT_01872,A prendre en compte,"Risque de majoration des effets indésirables du linézolide par la clarithromycine, par augmentation de son absorption.",,,"IMAO-A réversibles, y compris oxazolidinones et bleu de méthylène - médicaments"
INT_01873,Association DECONSEILLEE,Augmentation de la lithémie pouvant atteindre des valeurs toxiques (diminution de l'excrétion rénale du lithium).,"Si l'usage d'un antagoniste de l'angiotensine II est indispensable, surveillance stricte de la lithémie et adaptation de la posologie.",,médicaments à l'origine d'un syndrome sérotoninergique
INT_01874,Association DECONSEILLEE,Augmentation de la lithémie pouvant atteindre des valeurs toxiques (diminution de l'excrétion rénale du lithium).,"Si l'association ne peut être évitée, surveiller étroitement la lithémie et adapter la posologie du lithium pendant l'association et après l'arrêt de l'anti-inflammatoire non stéroïdien.",,médicaments à l'origine d'un syndrome sérotoninergique
INT_01875,Association DECONSEILLEE,"Risque de neurotoxicité se manifestant par des troubles cérébelleux, confusion, somnolence, ataxie. Ces troubles sont réversibles à l'arrêt du traitement par le lithium.",,,médicaments à l'origine d'un syndrome sérotoninergique
INT_01876,Association DECONSEILLEE,"Augmentation de la lithémie avec signes de surdosage en lithium, comme lors d’un régime désodé (diminution de l’excrétion urinaire du lithium).","Si l'association ne peut être évitée, surveillance stricte de la lithémie et adaptation de la posologie du lithium.",,médicaments à l'origine d'un syndrome sérotoninergique
INT_01877,Association DECONSEILLEE,"Augmentation de la lithémie avec signes de surdosage en lithium, comme lors d’un régime désodé (diminution de l’excrétion urinaire du lithium).","Si l'association ne peut être évitée, surveillance stricte de la lithémie et adaptation de la posologie du lithium.",,médicaments à l'origine d'un syndrome sérotoninergique
INT_01878,Association DECONSEILLEE,Augmentation de la lithémie pouvant atteindre des valeurs toxiques (diminution de l'excrétion rénale du lithium).,"Si l'usage d'un IEC est indispensable, surveillance stricte de la lithémie et adaptation de la posologie du lithium.",,médicaments à l'origine d'un syndrome sérotoninergique
INT_01879,Précaution d'emploi,Diminution de la lithémie avec risque de baisse de l’efficacité thérapeutique.,Surveillance stricte de la lithémie et adaptation éventuelle de la posologie du lithium.,,médicaments à l'origine d'un syndrome sérotoninergique
INT_01880,Précaution d'emploi,Risque de baisse de l’efficacité du lithium par augmentation de son élimination rénale par la calcitonine.,"Surveillance clinique et biologique régulière, notamment en début d’association.",,médicaments à l'origine d'un syndrome sérotoninergique
INT_01881,Précaution d'emploi,"Augmentation de la lithémie avec signes de surdosage en lithium, comme lors d’un régime désodé (diminution de l’excrétion urinaire du lithium).",Surveillance stricte de la lithémie et adaptation éventuelle de la posologie du lithium.,,médicaments à l'origine d'un syndrome sérotoninergique
INT_01882,Précaution d'emploi,Diminution de la lithémie avec risque de baisse de l’efficacité thérapeutique.,Surveillance stricte de la lithémie et adaptation éventuelle de la posologie du lithium.,,médicaments à l'origine d'un syndrome sérotoninergique
INT_01883,Précaution d'emploi,Risque d'apparition d'un syndrome sérotoninergique.,"Surveillance clinique et biologique régulière, notamment en début d'association.",,médicaments à l'origine d'un syndrome sérotoninergique
INT_01884,Précaution d'emploi,Diminution de la lithémie avec risque de baisse de l’efficacité thérapeutique.,Surveillance stricte de la lithémie et adaptation éventuelle de la posologie du lithium.,,médicaments à l'origine d'un syndrome sérotoninergique
INT_01885,Précaution d'emploi,"Augmentation de la lithémie pouvant atteindre des valeurs toxiques, avec signes de surdosage en lithium.",Surveillance clinique et adaptation de la posologie de lithium.,,médicaments à l'origine d'un syndrome sérotoninergique
INT_01886,Précaution d'emploi,"Augmentation de la lithémie pouvant atteindre des valeurs toxiques, avec signes de surdosage en lithium.",Surveillance stricte de la lithémie et adaptation éventuelle de la posologie du lithium.,,médicaments à l'origine d'un syndrome sérotoninergique
INT_01887,Précaution d'emploi,Risque d’apparition de signes neuropsychiques évocateurs d’un syndrome malin des neuroleptiques ou d’une intoxication au lithium.,"Surveillance clinique et biologique régulière, notamment en début d'association.",,médicaments à l'origine d'un syndrome sérotoninergique
INT_01888,Précaution d'emploi,Risque de baisse de l’efficacité du lithium par augmentation de son élimination rénale par les sels de sodium.,Eviter les surcharges sodées et tenir compte de la présence de sodium dans certains médicaments comme les antiacides.,,médicaments à l'origine d'un syndrome sérotoninergique
INT_01889,Précaution d'emploi,Risque de baisse de l’efficacité du lithium par augmentation de son élimination rénale par les sels de sodium.,Eviter les surcharges sodées et tenir compte de la présence de sodium dans certains médicaments comme les antiacides.,,médicaments à l'origine d'un syndrome sérotoninergique
INT_01890,Précaution d'emploi,Diminution de la lithémie avec risque de baisse de l’efficacité thérapeutique.,Surveillance stricte de la lithémie et adaptation éventuelle de la posologie du lithium.,,médicaments à l'origine d'un syndrome sérotoninergique
INT_01891,Précaution d'emploi,"Pour des doses de topiramate >= 200 mg par jour : augmentation de la lithémie pouvant atteindre des valeurs toxiques, avec signes de surdosage en lithium.",Surveillance clinique et biologique. Adaptation de la posologie du lithium.,,médicaments à l'origine d'un syndrome sérotoninergique
INT_01892,A prendre en compte,"En cas d’arrêt brutal de la consommation de café ou de médicaments contenant de la caféine, risque d’augmentation de la lithémie.",,,médicaments à l'origine d'un syndrome sérotoninergique
INT_01893,A prendre en compte,Risque d'échec thérapeutique en cas de traitement concomitant par orlistat.,,,médicaments à l'origine d'un syndrome sérotoninergique
INT_01894,Contre-indication,"Augmentation des concentrations de lomitapide, avec risque d’hépatotoxicité.",,,
INT_01895,Contre-indication,Augmentation des concentrations plasmatiques du lomitapide par diminution de son métabolisme hépatique par l’inhibiteur.,,,
INT_01896,Association DECONSEILLEE,Risque de diminution des concentrations plasmatiques du lomitapide.,,,
INT_01897,Association DECONSEILLEE,Avec la cimétidine utilisée à des doses supérieures ou égales à 800 mg/j : toxicité médullaire accrue (inhibition du métabolisme de la lomustine).,,,cytotoxiques
INT_01898,A prendre en compte,"Risque de diminution de l’efficacité du losartan, par inhibition de la formation de son métabolite actif par le fluconazole.",,,antagonistes des récepteurs de l'angiotensine II - antihypertenseurs sauf alpha-bloquants
INT_01899,Association DECONSEILLEE,"Risque majoré de troubles du rythme ventriculaire, notamment de torsades de pointes.","Si cela est possible, interrompre l’inhibiteur. Si l’association ne peut être évitée, contrôle préalable du QT et surveillance ECG monitorée.",,antiparasitaires susceptibles de donner des torsades de pointes - substances
INT_01900,Contre-indication,Diminution des concentrations plasmatiques de la lurasidone par augmentation de son métabolisme hépatique par l’inducteur.,,,
INT_01901,Contre-indication,Augmentation des concentrations plasmatiques de la lurasidone par diminution de son métabolisme hépatique par l’inhibiteur.,,,
INT_01902,Contre-indication,Diminution des concentrations plasmatiques de la lurasidone par augmentation de son métabolisme hépatique par le millepertuis.,,,
INT_01903,Association DECONSEILLEE,Augmentation des concentrations plasmatiques de la lurasidone par diminution de son métabolisme par le pamplemousse.,,,
INT_01904,Contre-indication,Diminution importante des concentrations plasmatiques du lédipasvir par augmentation de son métabolisme hépatique par l'inducteur enzymatique.,,,"substances à absorption réduite par les topiques gastro-intestinaux, antiacides"
INT_01905,Contre-indication,Risque d’augmentation des concentrations plasmatiques de la statine et de ses effets indésirables à type de rhabdomyolyse.,Contre-indication : - avec la rosuvastatine. Précaution d'emploi : - avec les autres inhibiteurs de l'HMG Co-A réductase. Surveillance clinique et biologique. Adaptation éventuelle de la posologie de la statine.,Yes,"substances à absorption réduite par les topiques gastro-intestinaux, antiacides"
INT_01906,Contre-indication,Risque de diminution importante des concentrations plasmatiques du lédipasvir par augmentation de son métabolisme hépatique par le millepertuis.,,,"substances à absorption réduite par les topiques gastro-intestinaux, antiacides"
INT_01907,Contre-indication,"Diminution des concentrations plasmatiques de lédipasvir par la rifabutine, avec possible retentissement sur l’efficacité.",,,"substances à absorption réduite par les topiques gastro-intestinaux, antiacides"
INT_01908,Contre-indication,Diminution importante des concentrations plasmatiques du lédipasvir par augmentation de son métabolisme hépatique par la rifampicine.,,,"substances à absorption réduite par les topiques gastro-intestinaux, antiacides"
INT_01909,Précaution d'emploi,Diminution des concentrations du lédipasvir en cas d’administration de l’inhibiteur de la pompe à protons avant le lédipasvir.,Il est recommandé de prendre l'’inhibiteur de la pompe à protons et le lédipasvir simultanément.,,"substances à absorption réduite par les topiques gastro-intestinaux, antiacides"
INT_01910,Précaution d'emploi,"Lors de sa co-administration avec un inhibiteur de protéase, augmentation des concentrations plasmatiques du ténofovir par le lédipasvir.","Surveillance clinique et biologique, notamment de la fonction rénale.",,"substances à absorption réduite par les topiques gastro-intestinaux, antiacides"
INT_01911,Contre-indication,"Diminution, éventuellement considérable, des concentrations de lénacapavir, avec risque de réduction de la réponse virologique.",,,
INT_01912,Contre-indication,"Diminution, éventuellement considérable, des concentrations de lénacapavir, avec risque de réduction de la réponse virologique.",,,
INT_01913,Contre-indication,"Diminution, éventuellement considérable, des concentrations de lénacapavir, avec risque de réduction de la réponse virologique.",,,
INT_01914,Contre-indication,"Diminution, éventuellement considérable, des concentrations de lénacapavir, avec risque de réduction de la réponse virologique.",,,
INT_01915,Association DECONSEILLEE,"Lorsqu’il est associé au cobicistat, l’atazanavir provoque une augmentation très importante des concentrations de lénacapavir.",,,
INT_01916,Association DECONSEILLEE,Diminution importante des concentrations de lénacapavir.,,,
INT_01917,Contre-indication,"Risque de vasoconstriction coronaire ou des extrémités (ergotisme), ou de poussées hypertensives.",,,inducteurs enzymatiques
INT_01918,Contre-indication,"Risque majoré de troubles du rythme ventriculaire, notamment de torsades de pointes.",,,inducteurs enzymatiques
INT_01919,Association DECONSEILLEE,Risque d’augmentation des concentrations plasmatiques de la statine et de ses effets indésirables à type de rhabdomyolyse.,"Association déconseillée: - avec simvastatine, pitavastatine, rosuvastatine Précaution d'emploi (en cas d’utilisation du létermovir seul): - ne pas dépasser 20 mg/ jour d’atorvastatine - adaptation éventuelle de la posologie de fluvastatine et de pravastatine,",Yes,inducteurs enzymatiques
INT_01920,Association DECONSEILLEE,Diminution de plus de la moitié de l’exposition du voriconazole.,"Si l’association s’avère nécessaire, surveillance clinique étroite, notamment les deux premières semaines après l’instauration ou l’arrêt du traitement par létermovir.",,inducteurs enzymatiques
INT_01921,Précaution d'emploi,"Augmentation, éventuellement très importante, des concentrations sanguines de l'immunosuppresseur par inhibition de son métabolisme et de la créatininémie.",Surveillance clinique et biologique renforcée.,,inducteurs enzymatiques
INT_01922,Association DECONSEILLEE,Diminution des concentrations plasmatiques de macitentan par augmentation de son métabolisme par l’inducteur.,,,
INT_01923,Association DECONSEILLEE,Risque de diminution des concentrations plasmatiques de macitentan par augmentation de son métabolisme par le millepertuis.,,,
INT_01924,Contre-indication,"Augmentation des effets indésirables de la colchicine, aux conséquences potentiellement fatales.",,,
INT_01925,Contre-indication,Ergotisme avec possibilité de nécrose des extrémités (inhibition de l’élimination hépatique de l'alcaloïde de l’ergot de seigle).,,,
INT_01926,Contre-indication,Ergotisme avec possibilité de nécrose des extrémités (diminution de l'élimination hépatique de l'ergotamine).,,,
INT_01927,Association DECONSEILLEE,Augmentation des concentrations plasmatiques du dopaminergique avec accroissement possible de son activité ou apparition de signes de surdosage.,,,
INT_01928,Précaution d'emploi,Augmentation de l'effet de l'antivitamine K et du risque hémorragique.,Contrôle plus fréquent de l'INR. Adaptation éventuelle de la posologie de l'antivitamine K pendant le traitement par le macrolide et après son arrêt.,,
INT_01929,Précaution d'emploi,Augmentation de la digoxinémie par augmentation de son absorption.,Surveillance clinique et éventuellement de la digoxinémie pendant le traitement par le macrolide et après son arrêt.,,
INT_01930,Précaution d'emploi,Diminution de l'absorption digestive des inhibiteurs d’intégrase.,"Prendre les sels de magnésium à distance de l’antirétroviral (plus de 2 heures, si possible).",,
INT_01931,Précaution d'emploi,"La prise de cation divalent peut diminuer l’absorption intestinale et, potentiellement, l’efficacité du roxadustat pris simultanément.","Prendre le roxadustat à distance des sels de magnésium (plus de 1 heure, si possible).",,
INT_01932,Précaution d'emploi,Diminution de la lithémie avec risque de baisse de l’efficacité thérapeutique.,Surveillance stricte de la lithémie et adaptation éventuelle de la posologie du lithium.,,
INT_01933,Association DECONSEILLEE,Diminution significative des concentrations d’amprénavir pouvant conduire à une perte de la réponse virologique.,,,
INT_01934,Association DECONSEILLEE,Risque de diminution des concentrations plasmatiques de maraviroc pouvant conduire à une perte de la réponse virologique.,,,
INT_01935,Précaution d'emploi,"En l’absence de co-administration avec un inhibiteur puissant du CYP3A4, diminution des concentrations de maraviroc par l’inducteur (sauf la névirapine).",La dose de maraviroc doit être augmentée à 600 mg deux fois par jour dans cette situation.,,
INT_01936,Précaution d'emploi,Augmentation des concentrations de maraviroc par l’inhibiteur.,La dose de maraviroc doit être diminuée à 150 mg deux fois par jour en cas de co-administration avec cet inhibiteur. A l'exception du tipranavir boosté par ritonavir où la dose de maraviroc doit être de 300 mg deux fois par jour.,,
INT_01937,Contre-indication,Antagonisme de la phosporylation et donc de l'effet pharmacologique du ganciclovir par le maribavir.,,,
INT_01938,Contre-indication,Antagonisme de la phosporylation et donc de l'effet pharmacologique du valganciclovir par le maribavir.,,,
INT_01939,Association DECONSEILLEE,"Diminution possiblement importante des concentrations de maribavir avec la rifampicine, avec risque de réduction de la réponse virologique.","Si l’association ne peut être évitée, augmentation éventuelle de la posologie de maribavir.",,
INT_01940,Précaution d'emploi,Possible augmentation des concentrations de l’immunosuppresseur.,"Dosage des concentrations sanguines de l'immunosuppresseur, contrôle de la fonction rénale et adaptation éventuelle de la posologie pendant l'association et après son arrêt.",,
INT_01941,Association DECONSEILLEE,Pour la quinine administrée par voie IV : risque majoré de survenue de crises épileptiques par addition des effets proconvulsivants.,Respecter un délai minimum de 12 heures entre la fin de l'administration IV de quinine et le début de l'administration de méfloquine.,,bradycardisants - médicaments abaissant le seuil épileptogène
INT_01942,Association DECONSEILLEE,"Risque de majoration des effets indésirables de la méquitazine, par inhibition de son métabolisme par l’inhibiteur enzymatique.",,,médicaments atropiniques - médicaments sédatifs - substances susceptibles
INT_01943,Association DECONSEILLEE,"Risque de majoration des effets indésirables de la méquitazine, par inhibition de son métabolisme par l’inhibiteur enzymatique.",,,médicaments atropiniques - médicaments sédatifs - substances susceptibles
INT_01944,Association DECONSEILLEE,"Risque de majoration des effets indésirables de la méquitazine, par inhibition de son métabolisme par l’inhibiteur enzymatique.",,,médicaments atropiniques - médicaments sédatifs - substances susceptibles
INT_01945,Association DECONSEILLEE,"Risque de majoration des effets indésirables de la méquitazine, par inhibition de son métabolisme par l’inhibiteur enzymatique.",,,médicaments atropiniques - médicaments sédatifs - substances susceptibles
INT_01946,Association DECONSEILLEE,"Risque de majoration des effets indésirables de la méquitazine, par inhibition de son métabolisme par l’inhibiteur enzymatique.",,,médicaments atropiniques - médicaments sédatifs - substances susceptibles
INT_01947,Association DECONSEILLEE,"Risque de majoration des effets indésirables de la méquitazine, par inhibition de son métabolisme par l’inhibiteur enzymatique.",,,médicaments atropiniques - médicaments sédatifs - substances susceptibles
INT_01948,Contre-indication,"Risque important d'acidose lactique par hémoconcentration de la metformine, dans le cas d'un arrêt cardio-respiratoire induit par l'examen radiologique, avec insuffisance rénale aiguë. Risque important d'acidose lactique par hémoconcentration de la",Le traitement par la metformine doit être suspendu au moment de l'examen radiologique pour n'être repris que 2 jours après.,,
INT_01949,Association DECONSEILLEE,"Risque majoré d'acidose lactique lors d'intoxication alcoolique aiguë, particulièrement en cas de jeûne ou dénutrition, ou bien d'insuffisance hépatocellulaire.",Eviter la prise de boissons alcoolisées et de médicaments contenant de l'alcool.,,
INT_01950,Précaution d'emploi,"Acidose lactique due à la metformine, déclenchée par une éventuelle insuffisance rénale fonctionnelle, liée aux diurétiques de l'anse.","Ne pas utiliser la metformine lorsque la créatininémie dépasse 15 mg/l (135 µmol/l) chez l'homme, et 12 mg/l (110 µmol/l) chez la femme.",,
INT_01951,Précaution d'emploi,Augmentation moyenne de moins de deux fois des concentrations plasmatiques de metformine.,"Chez le patient avec une insuffisance rénale modérée, surveillance clinique et éventuelle réduction supplémentaire de la posologie de metformine.",,
INT_01952,Contre-indication,"Diminution des concentrations de méthadone par le millepertuis, avec risque de syndrome de sevrage.",,,morphiniques - morphiniques en traitement de substitution - médicaments
INT_01953,Contre-indication,Diminution de l'effet de la méthadone par blocage compétitif des récepteurs.,,,morphiniques - morphiniques en traitement de substitution - médicaments
INT_01954,Contre-indication,"Risque majoré de troubles du rythme ventriculaire, notamment de torsades de pointes.","Contre-indication : - avec le citalopram, la dompéridone, l'escitalopram, l'hydroxyzine et la pipéraquine. Association déconseillée: - avec les autres médicaments susceptibles de donner des torsades de pointes. Si l’association ne peut être évitée, contrôle clinique et électrocardiographique régulier.",Yes,morphiniques - morphiniques en traitement de substitution - médicaments
INT_01955,Association DECONSEILLEE,"Risque de diminution très importante des concentrations de la méthadone, et perte d‘efficacité, par augmentation de son métabolisme hépatique par l’apalutamide.",,,morphiniques - morphiniques en traitement de substitution - médicaments
INT_01956,Précaution d'emploi,"Augmentation des concentrations plasmatiques de méthadone avec surdosage et risque majoré d’allongement de l’intervalle QT et de troubles du rythme ventriculaire, notamment de torsades de pointes.","Surveillance clinique et électrocardiographique renforcée ; si besoin, adaptation de la posologie de la méthadone pendant le traitement par la cimétidine et après son arrêt.",,morphiniques - morphiniques en traitement de substitution - médicaments
INT_01957,Précaution d'emploi,"Augmentation des concentrations plasmatiques de méthadone avec surdosage et risque majoré d’allongement de l’intervalle QT et de troubles du rythme ventriculaire, notamment de torsades de pointes.","Surveillance clinique et électrocardiographique renforcée ; si besoin, adaptation de la posologie de la méthadone pendant le traitement par la fluvoxamine et après son arrêt.",,morphiniques - morphiniques en traitement de substitution - médicaments
INT_01958,Précaution d'emploi,"Diminution des concentrations plasmatiques de méthadone avec risque d'apparition d'un syndrome de sevrage, par augmentation de son métabolisme hépatique.",Augmenter la fréquence des prises de méthadone (2 à 3 fois par jour au lieu d'une fois par jour).,,morphiniques - morphiniques en traitement de substitution - médicaments
INT_01959,Précaution d'emploi,Diminution des concentrations plasmatiques de méthadone avec risque d'apparition d'un syndrome de sevrage par augmentation de son métabolisme hépatique par le ritonavir.,Surveillance clinique régulière et adaptation éventuelle de la posologie de méthadone.,,morphiniques - morphiniques en traitement de substitution - médicaments
INT_01960,Précaution d'emploi,"Augmentation des concentrations plasmatiques de méthadone avec surdosage et risque majoré d’allongement de l’intervalle QT et de troubles du rythme ventriculaire, notamment de torsades de pointes.","Surveillance clinique et électrocardiographique renforcée ; si besoin, adaptation de la posologie de la méthadone pendant le traitement par le voriconazole et après son arrêt.",,morphiniques - morphiniques en traitement de substitution - médicaments
INT_01961,A prendre en compte,"Risque majoré de dépression respiratoire, pouvant être fatale en cas de surdosage.",,,morphiniques - morphiniques en traitement de substitution - médicaments
INT_01962,A prendre en compte,"Risque majoré de dépression respiratoire, pouvant être fatale en cas de surdosage.",,,morphiniques - morphiniques en traitement de substitution - médicaments
INT_01963,A prendre en compte,"Possible augmentation des concentrations de méthadone, avec signes de surdosage.",,,morphiniques - morphiniques en traitement de substitution - médicaments
INT_01964,Association DECONSEILLEE,Précipitation cristalline dans les voies urinaires (favorisée par l'acidification des urines).,,,
INT_01965,Contre-indication,"Majoration de la toxicité, notamment hématologique, du méthotrexate (diminution de sa clairance rénale par l'acide acétylsalicylique).","Avec le méthotrexate utilisé à des doses > 20 mg/semaine : - contre-indication avec l'acide acétylsalicylique utilisé à doses antalgiques, antipyrétiques ou anti-inflammatoires - précaution d'emploi avec des doses antiagrégantes plaquettaires d'acide acétylsalicylique. Contrôle hebdomadaire de l’hémogramme durant les premières semaines de l’association. Surveillance accrue en cas d’altération (même légère) de la fonction rénale, ainsi que chez le sujet âgé. Avec le méthotrexate utilisé à des doses =< 20 mg/semaine : - précaution d'emploi avec l'acide acétylsalicylique utilisé à doses antalgiques, antipyrétiques ou anti-inflammatoires. Contrôle hebdomadaire de l’hémogramme durant les premières semaines de l’association. Surveillance accrue en cas d’altération (même légère) de la fonction rénale, ainsi que chez le sujet âgé.",Yes,cytotoxiques - médicaments néphrotoxiques
INT_01966,Contre-indication,Risque de majoration de l'hépatotoxicité du méthotrexate.,,,cytotoxiques - médicaments néphrotoxiques
INT_01967,Contre-indication,Augmentation de la toxicité du méthotrexate : inhibition de la sécrétion tubulaire rénale du méthotrexate par le probénécide.,,,cytotoxiques - médicaments néphrotoxiques
INT_01968,Contre-indication,Augmentation de la toxicité hématologique du méthotrexate (diminution de son excrétion rénale ainsi qu'inhibition de la dihydrofolate réductase).,Contre-indication - avec le méthotrexate utilisé à doses > 20 mg/semaine Association déconseillée - Avec le méthotrexate utilisé à des doses =< 20 mg/semaine,Yes,cytotoxiques - médicaments néphrotoxiques
INT_01969,Association DECONSEILLEE,Augmentation de la toxicité hématologique du méthotrexate (diminution de la clairance rénale du méthotrexate par les anti- inflammatoires).,"Association déconseillée: - pour des doses de méthotrexate supérieures à 20 mg par semaine. - avec le kétoprofène et le méthotrexate à des doses supérieures à 20 mg par semaines, respecter un intervalle d'au moins 12 heures entre l'arrêt ou le début d'un traitement par kétoprofène et la prise de méthotrexate. Association nécessitant une précaution d'emploi : - avec le méthotrexate utilisé à faibles doses (inférieures ou égales à 20 mg par semaine), contrôle hebdomadaire de l'hémogramme durant les premières semaines de l'association. Surveillance accrue en cas d'altération (même légère) de la fonction rénale, ainsi que chez le sujet âgé.",Yes,cytotoxiques - médicaments néphrotoxiques
INT_01970,Association DECONSEILLEE,Risque d’augmentation de la toxicité du méthotrexate par diminution de son élimination.,Association déconseillée : - avec le méthotrexate aux doses > 20 mg / semaine A prendre en compte : - pour des doses inférieures,Yes,cytotoxiques - médicaments néphrotoxiques
INT_01971,Association DECONSEILLEE,Augmentation de la toxicité du méthotrexate par inhibition de sa sécrétion tubulaire rénale par la ciprofloxacine.,,,cytotoxiques - médicaments néphrotoxiques
INT_01972,Association DECONSEILLEE,Augmentation des effets et de la toxicité hématologique du méthotrexate : inhibition de la sécrétion tubulaire rénale du méthotrexate par les pénicillines.,,,cytotoxiques - médicaments néphrotoxiques
INT_01973,Association DECONSEILLEE,"Risque d’augmentation des concentrations plasmatiques du méthotrexate, par augmentation de son absorption avec le tédizolide administré par voie orale, ou par diminution de son élimination avec le tédizolide administré par voie IV.",,,cytotoxiques - médicaments néphrotoxiques
INT_01974,Précaution d'emploi,Augmentation de la toxicité du méthotrexate et de la ciclosporine avec augmentation de la créatininémie : diminution réciproque des clairances des deux médicaments.,Dosage des concentrations sanguines de ciclosporine et de méthotrexate. Adaptation posologique si nécessaire pendant l'association et après son arrêt.,,cytotoxiques - médicaments néphrotoxiques
INT_01975,Précaution d'emploi,Risque d’augmentation des concentrations plasmatiques du méthotrexate par augmentation de son absorption intestinale par le ponatinib.,Surveillance clinique et biologique étroite pendant l’association.,,cytotoxiques - médicaments néphrotoxiques
INT_01976,Précaution d'emploi,Augmentation de la toxicité hématologique du méthotrexate.,Dosage des concentrations de méthotrexate. Adapatation posologique si nécessaire pendant l'association et après son arrêt.,,cytotoxiques - médicaments néphrotoxiques
INT_01977,Précaution d'emploi,Diminution de l'absorption digestive de la méthyldopa (formation de complexes).,"Prendre les sels de fer à distance de la méthyldopa (plus de deux heures, si possible).",,antihypertenseurs centraux - antihypertenseurs sauf alpha-bloquants - médicaments
INT_01978,Précaution d'emploi,Augmentation des effets de la lévodopa mais également de ses effets indésirables. Majoration de l'effet antihypertenseur de la méthyldopa.,Surveillance clinique et éventuellement diminution des doses de lévodopa.,,antihypertenseurs centraux - antihypertenseurs sauf alpha-bloquants - médicaments
INT_01979,Précaution d'emploi,"Augmentation de la lithémie pouvant atteindre des valeurs toxiques, avec signes de surdosage en lithium.",Surveillance clinique et adaptation de la posologie de lithium.,,antihypertenseurs centraux - antihypertenseurs sauf alpha-bloquants - médicaments
INT_01980,Précaution d'emploi,"Pour des doses de 0,5 à 1g de méthylprednisolone administrées en bolus : augmentation de l'effet de l'antivitamine K et du risque hémorragique.",Contrôle de l'INR 2 à 4 jours après le bolus de méthylprednisolone ou en présence de tous signes hémorragiques.,,"corticoïdes - corticoïdes métabolisés, notamment inhalés - glucocorticoïdes"
INT_01981,A prendre en compte,Avec la méthylprednisolone administrée par voie IV : augmentation possible des concentrations sanguines de ciclosporine et de la créatininémie. Mécanisme invoqué : diminution de l'élimination hépatique de la ciclosporine.,,,"corticoïdes - corticoïdes métabolisés, notamment inhalés - glucocorticoïdes"
INT_01982,Précaution d'emploi,"Chez l'insuffisant cardiaque, risque d'augmentation des effets indésirables du métoprolol, par diminution de son métabolisme hépatique par l'abiratérone.","Surveillance clinique. Si besoin, adaptation de la posologie du métoprolol pendant le traitement par l'abiratérone.",,antihypertenseurs sauf alpha-bloquants - bradycardisants - bêta-bloquants
INT_01983,Précaution d'emploi,Avec le métoprolol utilisé dans l'insuffisance cardiaque : risque d'augmentation des effets indésirables du métoprolol par diminution de son métabolisme hépatique par le bupropion.,"Surveillance clinique. Si besoin, adaptation de la posologie du métoprolol pendant le traitement par le bupropion.",,antihypertenseurs sauf alpha-bloquants - bradycardisants - bêta-bloquants
INT_01984,Précaution d'emploi,"Avec le métoprolol utilisé dans l'insuffisance cardiaque, et la cimétidine utilisée à des doses supérieures ou égales à 800 mg/j : augmentation des concentrations du métoprolol, pouvant être préjudiciables dans le cas du traitement de l'insuffisance cardiaque, par diminution de son métabolisme hépatique par la cimétidine.","Surveillance clinique. Si besoin, adaptation de la posologie du métoprolol pendant le traitement par la cimétidine.",,antihypertenseurs sauf alpha-bloquants - bradycardisants - bêta-bloquants
INT_01985,Précaution d'emploi,"Augmentation des concentrations plasmatiques de métroprolol avec risque de surdosage, par diminution de son métabolisme hépatique par le cinacalcet.",Surveillance clinique et réduction de la posologie du métroprolol pendant le traitement par cinacalcet.,,antihypertenseurs sauf alpha-bloquants - bradycardisants - bêta-bloquants
INT_01986,Précaution d'emploi,"Augmentation des concentrations plasmatiques du métoprolol, avec risque de surdosage, par diminution de son métabolisme hépatique par la darifénacine.",Surveillance clinique et réduction de la posologie du métoprolol pendant le traitement par darifénacine.,,antihypertenseurs sauf alpha-bloquants - bradycardisants - bêta-bloquants
INT_01987,Précaution d'emploi,"Augmentation des concentrations plasmatiques de métoprolol avec risque de surdosage, par diminution de son métabolisme hépatique par la duloxétine.",Surveillance clinique et réduction de la posologie du métoprolol pendant le traitement par la duloxétine et après son arrêt.,,antihypertenseurs sauf alpha-bloquants - bradycardisants - bêta-bloquants
INT_01988,Précaution d'emploi,"Risque de majoration des effets indésirables du métoprolol, avec notamment bradycardie excessive, par inhibition de son métabolisme par la fluoxétine.","Surveillance clinique accrue ; si besoin, adaptation de la posologie du métoprolol pendant la durée du traitement par la fluoxétine et après son arrêt.",,antihypertenseurs sauf alpha-bloquants - bradycardisants - bêta-bloquants
INT_01989,Précaution d'emploi,"Avec le métoprolol utilisé dans l'insuffisance cardiaque, augmentation des concentrations plasmatiques du métoprolol par diminution de son métabolisme par le mirabégron.",Surveillance clinique et réduction éventuelle de la posologie du métoprolol pendant l'association.,,antihypertenseurs sauf alpha-bloquants - bradycardisants - bêta-bloquants
INT_01990,Précaution d'emploi,"Risque de majoration des effets indésirables du métoprolol, avec notamment bradycardie excessive, par inhibition de son métabolisme par la paroxétine.","Surveillance clinique accrue ; si besoin, adaptation de la posologie du métoprolol pendant la durée du traitement par la paroxétine et après son arrêt.",,antihypertenseurs sauf alpha-bloquants - bradycardisants - bêta-bloquants
INT_01991,Précaution d'emploi,"Chez l'insuffisant cardiaque, risque d'augmentation des effets indésirables du métoprolol, par diminution de son métabolisme hépatique par le rolapitant.","Surveillance clinique. Si besoin, adaptation de la posologie du métoprolol pendant le traitement par le rolapitant.",,antihypertenseurs sauf alpha-bloquants - bradycardisants - bêta-bloquants
INT_01992,Précaution d'emploi,"Chez l'insuffisant cardiaque, risque d'augmentation des effets indésirables du métoprolol, par diminution de son métabolisme hépatique par la terbinafine.","Surveillance clinique. Si besoin, adaptation de la posologie du métoprolol pendant le traitement par la terbinafine.",,antihypertenseurs sauf alpha-bloquants - bradycardisants - bêta-bloquants
INT_01993,A prendre en compte,Diminution des concentrations plasmatiques du métoprolol avec réduction de ses effets cliniques (augmentation de son métabolisme hépatique).,,,antihypertenseurs sauf alpha-bloquants - bradycardisants - bêta-bloquants
INT_01994,A prendre en compte,Diminution des concentrations plasmatiques et de l'efficacité du bêta-bloquant (augmentation de son métabolisme hépatique).,,,antihypertenseurs sauf alpha-bloquants - bradycardisants - bêta-bloquants
INT_01995,Association DECONSEILLEE,Avec le busulfan à fortes doses : doublement des concentrations de busulfan par le métronidazole.,,,antabuse (réaction)
INT_01996,Association DECONSEILLEE,"Risque d’épisodes de psychose aiguë ou d’état confusionnel, réversibles à l’arrêt de l’association.",,,antabuse (réaction)
INT_01997,Précaution d'emploi,Diminution des concentrations plasmatiques du métronidazole par augmentation de son métabolisme hépatique par l’inducteur.,Surveillance clinique et adaptation éventuelle de la posologie de métronidazole pendant le traitement par l’inducteur et après son arrêt.,,antabuse (réaction)
INT_01998,Précaution d'emploi,"Augmentation de la lithémie pouvant atteindre des valeurs toxiques, avec signes de surdosage en lithium.",Surveillance stricte de la lithémie et adaptation éventuelle de la posologie du lithium.,,antabuse (réaction)
INT_01999,Précaution d'emploi,Diminution des concentrations plasmatiques du métronidazole par augmentation de son métabolisme hépatique par la rifampicine.,Surveillance clinique et adaptation éventuelle de la posologie de métronidazole pendant le traitement par la rifampicine et après son arrêt.,,antabuse (réaction)
INT_02000,A prendre en compte,Augmentation de la toxicité du fluoro-uracile par diminution de sa clairance.,,,antabuse (réaction)
INT_02001,Précaution d'emploi,"Risque de faux négatif du test à la métyrapone, dû à une diminution de ses concentrations plasmatiques, par augmentation de son métabolisme hépatique par la phénytoïne.",Doubler la posologie de métyrapone.,,
INT_02002,Contre-indication,Effet inotrope négatif avec risque de décompensation cardiaque.,,,antiarythmiques
INT_02003,Précaution d'emploi,"Risque de majoration des effets indésirables de la méxilétine, par inhibition de son métabolisme par la fluvoxamine.",Surveillance clinique et ECG. Adaptation de la posologie de la méxilétine pendant le traitement par la fluvoxamine et après son arrêt.,,antiarythmiques
INT_02004,Précaution d'emploi,"Diminution de l'activité antiarythmique, des concentrations plasmatiques et de la demi-vie de la méxilétine (augmentation de son métabolisme hépatique).","Surveillance clinique, ECG et éventuellement des concentrations plasmatiques de la mexilétine ; s'il y a lieu, adaptation de la posologie de la mexilétine pendant le traitement par la phénytoïne et après son arrêt.",,antiarythmiques
INT_02005,Précaution d'emploi,Augmentation de la théophyllinémie avec risque de surdosage (diminution du métabolisme hépatique de la théophylline).,"Surveillance clinique et éventuellement de la théophyllinémie ; s'il y a lieu, adaptation de la posologie de la théophylline pendant le traitement par la mexilétine et après son arrêt.",,antiarythmiques
INT_02006,A prendre en compte,"Augmentation des concentrations plasmatiques de caféine, par inhibition de son métabolisme hépatique par la méxilétine.",,,antiarythmiques
INT_02007,Association DECONSEILLEE,Risque d’inefficacité de la miansérine.,,,médicaments sédatifs
INT_02008,Contre-indication,"Hémorragies imprévisibles, éventuellement graves.",,,
INT_02009,Contre-indication,"Augmentation de l'effet hypoglycémiant avec survenue possible de manifestations hypoglycémiques, voire de coma.",,,
INT_02010,Précaution d'emploi,"Augmentation des concentrations plasmatiques de phénytoïne pouvant atteindre des valeurs toxiques, par inhibition du métabolisme hépatique de la phénytoïne.","Surveillance clinique étroite, dosage des concentrations plasmatiques de phénytoïne et adaptation éventuelle de sa posologie pendant le traitement par le miconazole et après son arrêt.",,
INT_02011,Contre-indication,Augmentation des concentrations plasmatiques du midazolam par diminution de son métabolisme hépatique par la bithérapie.,,,benzodiazépines et apparentés - médicaments sédatifs - substrats à risque
INT_02012,Association DECONSEILLEE,"Augmentation des concentrations plasmatiques de midazolam par diminution de son métabolisme hépatique, avec majoration de la sédation.",Association déconseillée: - avec le midazolam per os Précaution d'emploi avec : - avec le midazolam IV et sublingual Surveillance clinique et réduction de la posologie de midazolam en cas de traitement par l'inhibiteur.,Yes,benzodiazépines et apparentés - médicaments sédatifs - substrats à risque
INT_02013,Association DECONSEILLEE,"Risque d'absence d'effet du midazolam, avec diminution très importante de ses concentrations plasmatiques, par augmentation de son métabolisme hépatique.",,,benzodiazépines et apparentés - médicaments sédatifs - substrats à risque
INT_02014,Précaution d'emploi,"Augmentation des concentrations plasmatiques de midazolam par diminution de son métabolisme hépatique, avec majoration de la sédation.",Surveillance clinique et réduction de la posologie pendant le traitement par le diltiazem.,,benzodiazépines et apparentés - médicaments sédatifs - substrats à risque
INT_02015,Précaution d'emploi,"Augmentation des concentrations plasmatiques de midazolam par diminution de son métabolisme hépatique, avec majoration de la sédation.",Surveillance clinique et réduction de la posologie de midazolam en cas de traitement par le fluconazole.,,benzodiazépines et apparentés - médicaments sédatifs - substrats à risque
INT_02016,Précaution d'emploi,Augmentation des concentrations plasmatiques du midazolam par diminution de son métabolisme hépatique avec majoration de la sédation.,Surveillance clinique et réduction de la posologie pendant le traitement par le stiripentol.,,benzodiazépines et apparentés - médicaments sédatifs - substrats à risque
INT_02017,Précaution d'emploi,Augmentation des concentrations plasmatiques de midazolam (diminution de son métabolisme hépatique avec majoration de la sédation).,Surveillance clinique et réduction de la posologie de midazolam pendant le traitement par le vérapamil.,,benzodiazépines et apparentés - médicaments sédatifs - substrats à risque
INT_02018,A prendre en compte,Risque de diminution des concentrations plasmatiques du midazolam par l'anticonvulsivant.,,,benzodiazépines et apparentés - médicaments sédatifs - substrats à risque
INT_02019,A prendre en compte,Risque de diminution des concentrations plasmatiques de midazolam par le millepertuis.,,,benzodiazépines et apparentés - médicaments sédatifs - substrats à risque
INT_02020,A prendre en compte,Majoration légère de la sédation.,,,benzodiazépines et apparentés - médicaments sédatifs - substrats à risque
INT_02021,Précaution d'emploi,Risque d'augmentation des concentrations sanguines de ciclosporine et de la créatininémie.,"Dosage des concentrations sanguines de la ciclosporine, contrôle de la fonction rénale et adaptation de la posologie pendant l'association et après l'arrêt du macrolide.",,macrolides (sauf spiramycine)
INT_02022,Contre-indication,"Crises hypertensives (inhibition du métabolisme des amines pressives). Du fait de la durée d'action des IMAO, cette interaction est encore possible 15 jours après l'arrêt de l'IMAO.",,,bradycardisants - sympathomimétiques alpha (voies orale et/ou nasale)
INT_02023,Association DECONSEILLEE,Troubles de l'automatisme (majoration de l'effet bradycardisant de la midodrine) et troubles de la conduction auriculo-ventriculaire.,"Si cette association ne peut être évitée, renforcer la surveillance clinique et ECG.",,bradycardisants - sympathomimétiques alpha (voies orale et/ou nasale)
INT_02024,Contre-indication,Diminution des concentrations de midostaurine par l’inducteur enzymatique.,,,
INT_02025,Contre-indication,Diminution des concentrations de midostaurine par le millepertuis.,,,
INT_02026,Association DECONSEILLEE,Augmentation des effets indésirables de la midostaurine par l’inhibiteur.,"Si l’association ne peut être évitée, surveillance clinique étroite.",,
INT_02027,Contre-indication,"Aux doses élevées d’AINS, risque de moindre efficacité du mifamurtide.",,,
INT_02028,Contre-indication,Risque d'atteinte des macrophages spléniques et des cellules phagocytaires mononuclées.,,,
INT_02029,Contre-indication,Risque d'atteinte des macrophages spléniques et des cellules phagocytaires mononuclées.,,,
INT_02030,Association DECONSEILLEE,Risque de moindre efficacité du mifamurtide.,,,
INT_02031,Contre-indication,Risque de diminution des concentrations plasmatiques et de l'efficacité de l'anticonvulsivant.,,,médicaments à l'origine d'un syndrome sérotoninergique
INT_02032,Contre-indication,"Diminution des concentrations plasmatiques de l'antivitamine K, en raison de son effet inducteur enzymatique, avec risque de baisse d'efficacité voire d'annulation de l'effet dont les conséquences peuvent être éventuellement graves (évènement thrombotique).","En cas d'association fortuite, ne pas interrompre brutalement la prise de millepertuis mais contrôler l'INR avant puis après l'arrêt du millepertuis.",,médicaments à l'origine d'un syndrome sérotoninergique
INT_02033,Contre-indication,"Diminution très importante des concentrations de bictégravir, avec risque de perte d’efficacité.",,,médicaments à l'origine d'un syndrome sérotoninergique
INT_02034,Contre-indication,Risque de diminution des concentrations plasmatiques de la buspirone par augmentation de son métabolisme par le millepertuis.,,,médicaments à l'origine d'un syndrome sérotoninergique
INT_02035,Contre-indication,Diminution des concentrations plasmatiques de cannabidiol avec risque de perte d’efficacité.,,,médicaments à l'origine d'un syndrome sérotoninergique
INT_02036,Contre-indication,Risque d’inefficacité du traitement antipsychotique (diminution des concentrations plasmatiques de clozapine par augmentation de son métabolisme hépatique).,,,médicaments à l'origine d'un syndrome sérotoninergique
INT_02037,Contre-indication,Risque de diminution de l’efficacité du cobicistat par augmentation de son métabolisme par l’inducteur.,,,médicaments à l'origine d'un syndrome sérotoninergique
INT_02038,Contre-indication,"Risque d’augmentation des concentrations plasmatiques du métabolite actif du cyclophosphamide par le millepertuis, et donc de sa toxicité.",,,médicaments à l'origine d'un syndrome sérotoninergique
INT_02039,Contre-indication,"Risque de diminution de l'efficacité de la cyprotérone, par augmentation de son métabolisme hépatique par le millepertuis.",,,médicaments à l'origine d'un syndrome sérotoninergique
INT_02040,Contre-indication,Risque de diminution des concentrations plasmatiques du dasabuvir par le millepertuis.,,,médicaments à l'origine d'un syndrome sérotoninergique
INT_02041,Contre-indication,"Diminution de la digoxinémie, en raison de l'effet inducteur du millepertuis, avec risque de baisse d'efficacité voire d'annulation de l'effet, dont les conséquences peuvent être éventuellement graves (décompensation d'une insuffisance cardiaque).","En cas d'association fortuite, ne pas interrompre brutalement la prise de millepertuis mais contrôler les concentrations plasmatiques (ou l'efficacité) de la digoxine avant puis après l'arrêt du millepertuis.",,médicaments à l'origine d'un syndrome sérotoninergique
INT_02042,Contre-indication,Risque de moindre efficacité du taxane par augmentation de son métabolisme par le millepertuis.,,,médicaments à l'origine d'un syndrome sérotoninergique
INT_02043,Contre-indication,"Risque de diminution des concentrations d'éfavirenz, avec baisse d'efficacité.",,,médicaments à l'origine d'un syndrome sérotoninergique
INT_02044,Contre-indication,"Diminution des concentrations plasmatiques du contraceptif hormonal, en raison de l'effet inducteur enzymatique du millepertuis, avec risque de baisse d'efficacité voire d'annulation de l'effet dont les conséquences peuvent être éventuellement graves (survenue d'une grossesse).",,,médicaments à l'origine d'un syndrome sérotoninergique
INT_02045,Contre-indication,Risque de diminution des concentrations plasmatiques d’étoposide par le millepertuis.,,,médicaments à l'origine d'un syndrome sérotoninergique
INT_02046,Contre-indication,Diminution des concentrations plasmatiques de la féxofénadine par le millepertuis.,,,médicaments à l'origine d'un syndrome sérotoninergique
INT_02047,Contre-indication,"Risque de diminution significative des concentrations de fostemsavir avec le millepertuis, avec réduction de la réponse virologique.",,,médicaments à l'origine d'un syndrome sérotoninergique
INT_02048,Contre-indication,Diminution des concentrations plasmatiques de gilteritinib avec risque de perte d’efficacité.,,,médicaments à l'origine d'un syndrome sérotoninergique
INT_02049,Contre-indication,Diminution des concentrations plasmatiques de la bithérapie par augmentation de son métabolisme par le millepertuis.,,,médicaments à l'origine d'un syndrome sérotoninergique
INT_02050,Contre-indication,"Diminution des concentrations sanguines de l'immunosuppresseur, en raison de l'effet inducteur enzymatique du millepertuis, avec risque de baisse d'efficacité voire d'annulation de l'effet dont les conséquences peuvent être éventuellement graves (rejet de greffe).",,,médicaments à l'origine d'un syndrome sérotoninergique
INT_02051,Contre-indication,Diminution des concentrations plasmatiques de l’inhibiteur de la 5- alpha réductase par le millepertuis.,,,médicaments à l'origine d'un syndrome sérotoninergique
INT_02052,Contre-indication,"Diminution des concentrations plasmatiques de l'inhibiteur de protéases, en raison de l'effet inducteur enzymatique du millepertuis, avec risque de baisse d'efficacité voire d'annulation de l'effet dont les conséquences peuvent être éventuellement graves (baisse de l'efficacité antirétrovirale).","En cas d'association fortuite, ne pas interrompre brutalement la prise de millepertuis mais contrôler les concentrations plasmatiques (ou l'efficacité) de l'inhibiteur de protéases avant puis après l'arrêt du millepertuis.",,médicaments à l'origine d'un syndrome sérotoninergique
INT_02053,Contre-indication,"Diminution des concentrations plasmatiques et de l’efficacité de l’inhibiteur de tyrosine kinase, par augmentation de son métabolisme par le millepertuis.",,,médicaments à l'origine d'un syndrome sérotoninergique
INT_02054,Contre-indication,"Diminution des concentrations plasmatiques du métabolite actif de l'irinotécan, avec risque d'échec du traitement cytotoxique.",,,médicaments à l'origine d'un syndrome sérotoninergique
INT_02055,Contre-indication,Diminution des concentrations plasmatiques d’isavuconazole par augmentation de son métabolisme hépatique par le millepertuis.,,,médicaments à l'origine d'un syndrome sérotoninergique
INT_02056,Contre-indication,"Risque de diminution importante des concentrations plasmatiques d’itraconazole, avec risque de perte d’efficacité, par augmentation de son métabolisme hépatique par le millepertuis.",,,médicaments à l'origine d'un syndrome sérotoninergique
INT_02057,Contre-indication,Diminution des concentrations plasmatiques de la lurasidone par augmentation de son métabolisme hépatique par le millepertuis.,,,médicaments à l'origine d'un syndrome sérotoninergique
INT_02058,Contre-indication,Risque de diminution importante des concentrations plasmatiques du lédipasvir par augmentation de son métabolisme hépatique par le millepertuis.,,,médicaments à l'origine d'un syndrome sérotoninergique
INT_02059,Contre-indication,"Diminution, éventuellement considérable, des concentrations de lénacapavir, avec risque de réduction de la réponse virologique.",,,médicaments à l'origine d'un syndrome sérotoninergique
INT_02060,Contre-indication,"Diminution des concentrations de méthadone par le millepertuis, avec risque de syndrome de sevrage.",,,médicaments à l'origine d'un syndrome sérotoninergique
INT_02061,Contre-indication,Diminution des concentrations de midostaurine par le millepertuis.,,,médicaments à l'origine d'un syndrome sérotoninergique
INT_02062,Contre-indication,Risque de diminution significative des concentrations plasmatiques de la névirapine par augmentation de son métabolisme hépatique par le millepertuis.,,,médicaments à l'origine d'un syndrome sérotoninergique
INT_02063,Contre-indication,"Risque de diminution des concentrations plasmatiques d’olaparib et de son efficacité, par augmentation de son métabolisme par le millepertuis.",,,médicaments à l'origine d'un syndrome sérotoninergique
INT_02064,Contre-indication,Risque de moindre efficacité du taxane par augmentation de son métabolisme par le millepertuis.,,,médicaments à l'origine d'un syndrome sérotoninergique
INT_02065,Contre-indication,"Diminution des concentrations plasmatiques du contraceptif hormonal, en raison de l'effet inducteur enzymatique du millepertuis, avec risque de baisse d'efficacité voire d'annulation de l'effet dont les conséquences peuvent être éventuellement graves (survenue d'une grossesse).",,,médicaments à l'origine d'un syndrome sérotoninergique
INT_02066,Contre-indication,Risque de diminution des concentrations plasmatiques de rilpivirine par augmentation de son métabolisme hépatique par le millepertuis.,,,médicaments à l'origine d'un syndrome sérotoninergique
INT_02067,Contre-indication,Diminution très importante des concentrations de rolapitant avec risque de perte d’efficacité.,,,médicaments à l'origine d'un syndrome sérotoninergique
INT_02068,Contre-indication,Risque de diminution des concentrations plasmatiques de sofosbuvir par diminution de son absorption intestinale par le millepertuis.,,,médicaments à l'origine d'un syndrome sérotoninergique
INT_02069,Contre-indication,Risque d’inefficacité du tamoxifène par augmentation de son métabolisme par le millepertuis.,,,médicaments à l'origine d'un syndrome sérotoninergique
INT_02070,Contre-indication,"Diminution des concentrations plasmatiques de la théophylline, en raison de l'effet inducteur enzymatique du millepertuis, avec risque de baisse d'efficacité voire d'annulation de l'effet dont les conséquences peuvent être éventuellement graves (survenue d'un trouble ventilatoire obstructif).","En cas d'association fortuite, ne pas interrompre brutalement la prise de millepertuis mais contrôler les concentrations plasmatiques (ou l'efficacité) du médicament associé avant puis après l'arrêt du millepertuis.",,médicaments à l'origine d'un syndrome sérotoninergique
INT_02071,Contre-indication,"Risque de diminution importante des concentrations plasmatiques de ticagrelor par augmentation de son métabolisme hépatique par le millepertuis, avec diminution de son effet thérapeutique.",,,médicaments à l'origine d'un syndrome sérotoninergique
INT_02072,Contre-indication,"Diminution des concentrations plasmatiques de velpatasvir par le millepertuis, avec possible retentissement sur l’efficacité.",,,médicaments à l'origine d'un syndrome sérotoninergique
INT_02073,Contre-indication,"Réduction importante des concentrations de vérapamil, avec risque de perte de son effet thérapeutique.",,,médicaments à l'origine d'un syndrome sérotoninergique
INT_02074,Contre-indication,Risque de moindre efficacité du cytotoxique par augmentation de son métabolisme par le millepertuis.,,,médicaments à l'origine d'un syndrome sérotoninergique
INT_02075,Contre-indication,Risque de diminution des concentrations plasmatiques de vismodégib.,,,médicaments à l'origine d'un syndrome sérotoninergique
INT_02076,Contre-indication,"Réduction importante des concentrations de voriconazole, avec risque de perte de son effet thérapeutique.",,,médicaments à l'origine d'un syndrome sérotoninergique
INT_02077,Contre-indication,"Diminution importante des concentrations de vénétoclax, avec risque de perte d’efficacité.",,,médicaments à l'origine d'un syndrome sérotoninergique
INT_02078,Association DECONSEILLEE,Risque de diminution des concentrations plasmatiques de bédaquiline par augmentation de son métabolisme par l’inducteur.,,,médicaments à l'origine d'un syndrome sérotoninergique
INT_02079,Association DECONSEILLEE,Risque de diminution des concentrations plasmatiques et de l'efficacité de la carbamazepine.,,,médicaments à l'origine d'un syndrome sérotoninergique
INT_02080,Association DECONSEILLEE,Risque de diminution des concentrations plasmatiques de dolutégravir par augmentation de son métabolisme par le millepertuis.,,,médicaments à l'origine d'un syndrome sérotoninergique
INT_02081,Association DECONSEILLEE,"Diminution importante des concentrations de dronédarone par augmentation de son métabolisme, sans modification notable du métabolite actif.",,,médicaments à l'origine d'un syndrome sérotoninergique
INT_02082,Association DECONSEILLEE,Risque de baisse de l’efficacité des hormones thyroïdiennes.,,,médicaments à l'origine d'un syndrome sérotoninergique
INT_02083,Association DECONSEILLEE,Risque de diminution importante des concentrations plasmatiques d’idélalisib par augmentation de son métabolisme hépatique par le millepertuis.,,,médicaments à l'origine d'un syndrome sérotoninergique
INT_02084,Association DECONSEILLEE,"Risque de diminution de l'efficacité de l’ivabradine, par augmentation de son métabolisme par le millepertuis.",,,médicaments à l'origine d'un syndrome sérotoninergique
INT_02085,Association DECONSEILLEE,Risque de diminution des concentrations plasmatiques du lomitapide.,,,médicaments à l'origine d'un syndrome sérotoninergique
INT_02086,Association DECONSEILLEE,Risque de diminution des concentrations plasmatiques de macitentan par augmentation de son métabolisme par le millepertuis.,,,médicaments à l'origine d'un syndrome sérotoninergique
INT_02087,Association DECONSEILLEE,Risque de diminution des concentrations plasmatiques de maraviroc pouvant conduire à une perte de la réponse virologique.,,,médicaments à l'origine d'un syndrome sérotoninergique
INT_02088,Association DECONSEILLEE,Diminution des concentrations plasmatiques du nintédanib par diminution de son absorption par le millepertuis.,,,médicaments à l'origine d'un syndrome sérotoninergique
INT_02089,Association DECONSEILLEE,Diminution des concentrations plasmatiques de l’oxycodone par augmentation de son métabolisme par le millepertuis.,Adaptation éventuelle de la posologie de l’oxycodone .,,médicaments à l'origine d'un syndrome sérotoninergique
INT_02090,Association DECONSEILLEE,"Diminution très importante des concentrations plasmatiques de quétiapine par augmentation de son métabolisme hépatique par l'inducteur, avec risque d’inefficacité.",,,médicaments à l'origine d'un syndrome sérotoninergique
INT_02091,Association DECONSEILLEE,Diminution des concentrations plasmatiques de régorafenib par augmentation de son métabolisme par le millepertuis,,,médicaments à l'origine d'un syndrome sérotoninergique
INT_02092,Association DECONSEILLEE,Diminution de l’efficacité de l’hypocholestérolémiant par augmentation de son métabolisme hépatique par le millepertuis.,,,médicaments à l'origine d'un syndrome sérotoninergique
INT_02093,Association DECONSEILLEE,"Diminution des concentrations plasmatiques de la télithromycine, avec risque d'échec du traitement anti-infectieux, par augmentation du métabolisme hépatique de la télithromycine par le millepertuis.",,,médicaments à l'origine d'un syndrome sérotoninergique
INT_02094,Association DECONSEILLEE,"Risque de diminution de l’effet de l’ulipristal, par augmentation de son métabolisme hépatique par l’inducteur.",Préférer une alternative thérapeutique peu ou pas métabolisée.,,médicaments à l'origine d'un syndrome sérotoninergique
INT_02095,Précaution d'emploi,Risque d'apparition d'un syndrome sérotoninergique.,"Surveillance clinique et biologique régulière, notamment en début d'association.",,médicaments à l'origine d'un syndrome sérotoninergique
INT_02096,Précaution d'emploi,Risque d'apparition d'un syndrome sérotoninergique.,"Surveillance clinique et biologique régulière, notamment en début d'association.",,médicaments à l'origine d'un syndrome sérotoninergique
INT_02097,Précaution d'emploi,Risque d'apparition d'un syndrome sérotoninergique.,"Surveillance clinique et biologique régulière, notamment en début d'association.",,médicaments à l'origine d'un syndrome sérotoninergique
INT_02098,Précaution d'emploi,Diminution des concentrations plasmatiques de la propafénone par augmentation de son métabolisme hépatique par le millepertuis.,"Surveillance clinique et ECG. S'il y a lieu, adaptation de la posologie de la propafénone pendant l'association et après l'arrêt du millepertuis.",,médicaments à l'origine d'un syndrome sérotoninergique
INT_02099,A prendre en compte,Risque d’inefficacité du traitement antisécrétoire par augmentation de son métabolisme par le millepertuis.,,,médicaments à l'origine d'un syndrome sérotoninergique
INT_02100,A prendre en compte,Risque de diminution des concentrations plasmatiques de midazolam par le millepertuis.,,,médicaments à l'origine d'un syndrome sérotoninergique
INT_02101,Précaution d'emploi,Diminution des concentrations plasmatiques et de l'efficacité des corticoïdes par augmentation de leur métabolisme hépatique par l'inducteur : les conséquences sont particulièrement importantes chez les addisoniens traités par l'hydrocortisone et en cas de transplantation.,Surveillance clinique et biologique ; adaptation de la posologie des corticoïdes pendant le traitement par l'inducteur et après son arrêt.,,
INT_02102,Précaution d'emploi,Diminution des concentrations plasmatiques et de l'efficacité des corticoïdes par augmentation de leur métabolisme hépatique par la rifampicine ; les conséquences sont particulièrement importantes chez les addisoniens traités par l'hydrocortisone et en cas de transplantation.,Surveillance clinique et biologique ; adaptation de la posologie des corticoïdes pendant le traitement par la rifampicine et après son arrêt.,,
INT_02103,Précaution d'emploi,"Avec le métoprolol utilisé dans l'insuffisance cardiaque, augmentation des concentrations plasmatiques du métoprolol par diminution de son métabolisme par le mirabégron.",Surveillance clinique et réduction éventuelle de la posologie du métoprolol pendant l'association.,,
INT_02104,Précaution d'emploi,Augmentation des concentrations plasmatiques de la propafénone par diminution de son métabolisme par le mirabégron.,Surveillance clinique et réduction éventuelle de la posologie de la propafénone pendant l'association.,,
INT_02105,A prendre en compte,Risque de majoration de la toxicité pulmonaire de la mitomycine et des vinca-alcaloïdes.,,,cytotoxiques
INT_02106,Contre-indication,Risque de diminution des concentrations plasmatiques du dasabuvir par le mitotane.,,,
INT_02107,Contre-indication,"Diminution significative des concentrations de fostemsavir avec la rifampicine, avec risque de réduction de la réponse virologique. Éventualité non exclue avec le mitotane.",,,
INT_02108,Contre-indication,"Possible réduction voire abolition de l'effet pharmacodynamique du mitotane par la spironolactone, associé à une baisse des concentrations du mitotane.",,,
INT_02109,Précaution d'emploi,"Avec la cimétidine utilisée à des doses supérieures ou égales à 800 mg/j : augmentation des concentrations du moclobémide, par diminution de son métabolisme hépatique.",Surveillance clinique avec adaptation éventuelle de la posologie de moclobémide.,,"IMAO-A réversibles, y compris oxazolidinones et bleu de méthylène - médicaments"
INT_02110,Association DECONSEILLEE,Risque de diminution des concentrations sanguines et de l'efficacité de l'immunosuppresseur.,,,
INT_02111,Association DECONSEILLEE,"Risque de diminution de l’efficacité contraceptive, pendant le traitement et un cycle après l’arrêt du traitement par le modafinil, en raison de son potentiel inducteur enzymatique.","Utiliser une méthode additionnelle de type mécanique (préservatif) pendant la durée de l’association, et un cycle suivant l’arrêt du modafinil.",,
INT_02112,Précaution d'emploi,Risque de baisse de l'efficacité du montélukast par augmentation de son métabolisme hépatique par l'inducteur.,Surveillance clinique et adaptation éventuelle de la posologie de l'anti- asthmatique pendant le traitement par l'inducteur et après son arrêt.,,
INT_02113,Précaution d'emploi,Risque de baisse de l'efficacité du montélukast par augmentation de son métabolisme hépatique par la rifampicine.,Surveillance clinique et adaptation éventuelle de la posologie de l'antiasthmatique pendant le traitement par la rifampicine et après son arrêt.,,
INT_02114,Précaution d'emploi,Diminution des concentrations plasmatiques et de l'efficacité de la morphine et de son métabolite actif.,Surveillance clinique et adaptation éventuelle de la posologie de la morphine pendant le traitement par la rifampicine et après son arrêt.,,analgésiques morphiniques agonistes - analgésiques morphiniques de palier
INT_02115,Contre-indication,"Risque majoré de dépression respiratoire, pouvant être fatale en cas de surdosage.",,,
INT_02116,A prendre en compte,"Risque majoré de sédation et de dépression respiratoire pouvant entraîner coma et décès, notamment chez le sujet âgé. Il convient de limiter autant que possible les doses et la durée de l’association.",,,
INT_02117,A prendre en compte,"Risque majoré de sédation et de dépression respiratoire pouvant entraîner coma et décès, notamment chez le sujet âgé. Il convient de limiter autant que possible les doses et la durée de l’association.",,,
INT_02118,A prendre en compte,"Risque important d'akinésie colique, avec constipation sévère.",,,
INT_02119,Contre-indication,"Diminution de l'effet antalgique par blocage compétitif des récepteurs, avec risque d'apparition d'un syndrome de sevrage.",,,
INT_02120,Contre-indication,Diminution de l'effet de la méthadone par blocage compétitif des récepteurs.,,,
INT_02121,Contre-indication,Risque de diminution de l’effet antalgique et/ou d’apparition d’un syndrome de sevrage.,,,
INT_02122,Association DECONSEILLEE,"Diminution de l'effet antalgique par blocage compétitif des récepteurs, avec risque d'apparition d'un syndrome de sevrage.",,,
INT_02123,Association DECONSEILLEE,"Diminution de l'effet antalgique ou antitussif du morphinique, par blocage compétitif des récepteurs, avec risque d'apparition d'un syndrome de sevrage.",,,
INT_02124,Contre-indication,Risque de diminution de l’effet antalgique.,,,
INT_02125,Contre-indication,Risque de diminution de l’effet antalgique et/ou d’apparition d’un syndrome de sevrage.,,,
INT_02126,Contre-indication,Risque d’apparition d’un syndrome de sevrage.,,,
INT_02127,Association DECONSEILLEE,Risque de diminution de l’effet antalgique.,,,
INT_02128,Contre-indication,Risque d’apparition d’un syndrome de sevrage.,,,
INT_02129,Contre-indication,Risque de maladie vaccinale généralisée éventuellement mortelle.,Et pendant les 3 mois suivant l'arrêt du traitement.,,
INT_02130,A prendre en compte,"Diminution des concentrations de l’acide mycophénolique d’environ un tiers, avec risque potentiel de baisse d’efficacité.",,,
INT_02131,A prendre en compte,"Diminution des concentrations de l’acide mycophénolique d’environ un tiers, avec risque potentiel de baisse d’efficacité.",,,
INT_02132,A prendre en compte,"Diminution des concentrations de l’acide mycophénolique d’environ un tiers, avec risque potentiel de baisse d’efficacité.",,,
INT_02133,Contre-indication,Risque de maladie vaccinale généralisée éventuellement mortelle.,Et pendant les 3 mois suivant l'arrêt du traitement.,,
INT_02134,A prendre en compte,"Risque de majoration d’une hypotension, notamment orthostatique.",,,
INT_02135,A prendre en compte,Risque accru de convulsions.,,,
INT_02136,A prendre en compte,Risque de moindre efficacité de l’anticholinestérasique par antagonisme des récepteurs de l’acétylcholine par l’atropinique.,,,
INT_02137,A prendre en compte,"Addition des effets indésirables atropiniques à type de rétention urinaire, constipation, sécheresse de la bouche….",,,
INT_02138,A prendre en compte,"Risque important d'akinésie colique, avec constipation sévère.",,,
INT_02139,Contre-indication,"Risque d'apparition d'un syndrome sérotoninergique : diarrhée, tachycardie, sueurs, tremblements, confusion voire coma.","Respecter un délai de deux semaines entre l'arrêt de l'IMAO et le début de l'autre traitement, et d'au moins une semaine entre l'arrêt de l'autre traitement et le début de l'IMAO.",,
INT_02140,Association DECONSEILLEE,"Risque d'apparition d'un syndrome sérotoninergique : diarrhée, tachycardie, sueur, confusion voire coma.","Si l'association ne peut être évitée, surveillance clinique très étroite. Débuter l'association aux posologies minimales recommandées.",,
INT_02141,Association DECONSEILLEE,Hypertension paroxystique avec possibilité de troubles du rythme (inhibition de l'entrée du sympathomimétique dans la fibre sympathique).,,,
INT_02142,Précaution d'emploi,Troubles du rythme ventriculaire graves par augmentation de l'excitabilité cardiaque.,"Limiter l'apport, par exemple : moins de 0,1 mg d'adrénaline en 10 minutes ou 0,3 mg en 1 heure chez l'adulte.",,
INT_02143,Précaution d'emploi,Augmentation du risque hémorragique.,Surveillance clinique.,,
INT_02144,A prendre en compte,Augmentation du risque hémorragique.,,,
INT_02145,A prendre en compte,Augmentation du risque hémorragique.,,,
INT_02146,A prendre en compte,Augmentation du risque hémorragique.,,,
INT_02147,A prendre en compte,Risque d'échec thérapeutique en cas de traitement concomitant par orlistat.,,,
INT_02148,A prendre en compte,Risque d'addition des effets méthémoglobinisants.,,,
INT_02149,A prendre en compte,Risque de majoration de la néphrotoxicité.,,,
INT_02150,A prendre en compte,Majoration de l'ototoxicité.,,,
INT_02151,Contre-indication,Majoration de la dépression centrale. L'altération de la vigilance peut rendre dangereuses la conduite de véhicules et l'utilisation de machines.,A prendre en compte: - pour tous les médicaments sédatifs entre eux sauf: - avec l'oxybate de sodium (association déconseillée) - entre l'oxybate de sodium et les opiacés ou les barbituriques (contre- indication),Yes,
INT_02152,Association DECONSEILLEE,Majoration par l'alcool de l'effet sédatif de ces substances. L'altération de la vigilance peut rendre dangereuses la conduite de véhicules et l'utilisation de machines.,Eviter la prise de boissons alcoolisées et de médicaments contenant de l'alcool.,,
INT_02153,A prendre en compte,Risque de majoration des effets indésirables musculaires.,,,
INT_02154,Précaution d'emploi,"Risque majoré de troubles du rythme ventriculaire, notamment de torsades de pointes.",Surveillance clinique et électrocardiographique pendant l'association.,,
INT_02155,A prendre en compte,Risque d'apparition ou de majoration d'un syndrome sérotoninergique en cas d'association de ces médicaments.,,,
INT_02156,Association DECONSEILLEE,"Risque de majoration des effets indésirables, notamment à type de vertiges ou de syncopes.",Association déconseillée - avec les inhibiteurs de la phosphodiestérase de type 5 A prendre en compte - avec les autres classes thérapeutiques,Yes,
INT_02157,A prendre en compte,"Risque de majoration d’une hypotension, notamment orthostatique.",,,
INT_02158,A prendre en compte,Risque de surdosage lors du remplacement du tabac par le traitement substitutif.,,,
INT_02159,Contre-indication,"Risque de majoration de la survenue d'un angio-œdème d'origine bradykinique, pouvant être fatal.",Contre-indication : - entre sacubitril et IEC A prendre en compte : - entre gliptines et IEC Déconseillé entre les autres,Yes,
INT_02160,Contre-indication,Risque de vasoconstriction coronaire pouvant être fatale.,Ne pas utiliser ces deux médicaments simultanément ou successivement.,,alcaloïdes de l'ergot de seigle vasoconstricteurs
INT_02161,Contre-indication,Augmentation très importante des concentrations du naloxegol par l’inhibiteur.,,,
INT_02162,Association DECONSEILLEE,Diminution des concentrations de naloxegol par l’inducteur.,,,
INT_02163,Association DECONSEILLEE,Risque d’augmentation des effets indésirables du naloxegol par le pamplemousse.,,,
INT_02164,Précaution d'emploi,Augmentation des concentrations plasmatiques de naloxegol par le diltiazem.,Adaptation posologique pendant l’association.,,
INT_02165,Précaution d'emploi,Augmentation des concentrations plasmatiques de naloxegol par le vérapamil.,Adaptation posologique pendant l’association.,,
INT_02166,Précaution d'emploi,"Risque de majoration des effets indésirables du nébivolol avec notamment bradycardie excessive, par inhibition de son métabolisme par l’antidépresseur.","Surveillance clinique accrue ; si besoin, adaptation de la posologie du nébivolol pendant la durée du traitement par l’antidépresseur et après son arrêt.",,antihypertenseurs sauf alpha-bloquants - bradycardisants - bêta-bloquants
INT_02167,Précaution d'emploi,"Risque de majoration des effets indésirables du nébivolol avec notamment bradycardie excessive, par inhibition de son métabolisme par l’antidépresseur.","Surveillance clinique accrue ; si besoin, adaptation de la posologie du nébivolol pendant la durée du traitement par l’antidépresseur et après son arrêt.",,antihypertenseurs sauf alpha-bloquants - bradycardisants - bêta-bloquants
INT_02168,Précaution d'emploi,Risque d’apparition de signes neuropsychiques évocateurs d’un syndrome malin des neuroleptiques ou d’une intoxication au lithium.,"Surveillance clinique et biologique régulière, notamment en début d'association.",,
INT_02169,A prendre en compte,"Effet vasodilatateur et risque d'hypotension, notamment orthostatique (effet additif).",,,
INT_02170,A prendre en compte,Risque d'échec thérapeutique en cas de traitement concomitant par orlistat.,,,
INT_02171,Contre-indication,Antagonisme réciproque de l'agoniste dopaminergique et des neuroleptiques.,,,
INT_02172,Contre-indication,"Risque majoré de troubles du rythme ventriculaire, notamment de torsades de pointes.","Contre-indication : - avec le citalopram, la dompéridone, l'escitalopram, l'hydroxyzine et la pipéraquine. Association déconseillée: - avec les autres médicaments susceptibles de donner des torsades de pointes. Si l’association ne peut être évitée, contrôle clinique et électrocardiographique régulier.",Yes,
INT_02173,Association DECONSEILLEE,"Antagonisme réciproque du dopaminergique et des neuroleptiques. Le dopaminergique peut provoquer ou aggraver les troubles psychotiques. En cas de nécessité d'un traitement par neuroleptiques chez le patient parkinsonien traité par dopaminergique, ces derniers doivent être diminués progressivement jusqu'à l'arrêt (leur arrêt brutal expose à un risque de ""syndrome malin des neuroleptiques"").",,,
INT_02174,Association DECONSEILLEE,"Antagonisme réciproque de la lévodopa et des neuroleptiques. NEUROLEPTIQUES SUSCEPTIBLES DE DONNER DES TORSADES (amisulpride, chlorpromazine, cyamemazine, droperidol, flupentixol, fluphenazine, haloperidol, tiapride, zuclopenthixol)","Chez le patient parkinsonien, utiliser les doses minimales efficaces de chacun des deux médicaments. DE POINTES levomepromazine, pimozide, pipamperone, pipotiazine, sulpiride,",,
INT_02175,A prendre en compte,"Risque de moindre efficacité, notamment de l’aripiprazole, suite à l’antagonisme des récepteurs dopaminergiques par le neuroleptique.",,,
INT_02176,Contre-indication,Antagonisme réciproque entre le dopaminergique et le neuroleptique.,Utiliser un antiémétique dénué d'effets extrapyramidaux.,,
INT_02177,Contre-indication,Antagonisme réciproque entre la lévodopa et le neuroleptique.,Utiliser un antiémétique dénué d'effets extrapyramidaux.,,
INT_02178,Contre-indication,"Augmentation des concentrations plasmatiques de névirapine par diminution de son métabolisme hépatique par le kétoconazole, d'une part, et diminution des concentrations plasmatiques du kétoconazole par augmentation de son métabolisme hépatique par la névirapine, d'autre part.",,,inducteurs enzymatiques
INT_02179,Contre-indication,Risque de diminution significative des concentrations plasmatiques de la névirapine par augmentation de son métabolisme hépatique par le millepertuis.,,,inducteurs enzymatiques
INT_02180,Association DECONSEILLEE,Risque de baisse de l’efficacité de l’atazanavir par augmentation de son métabolisme hépatique.,"Si l’association s’avère nécessaire, adaptation posologique de l’atazanavir avec surveillance clinique et biologique régulière, notamment en début d’association.",,inducteurs enzymatiques
INT_02181,Association DECONSEILLEE,Diminution des concentrations plasmatiques de la névirapine par augmentation de son métabolisme hépatique par la rifampicine.,,,inducteurs enzymatiques
INT_02182,Association DECONSEILLEE,Risque de baisse de l'efficacité du voriconazole par augmentation de son métabolisme hépatique par la névirapine.,"Si l'association ne peut être évitée, surveillance clinique étroite et adaptation éventuelle de la posologie du voriconazole pendant l'association.",,inducteurs enzymatiques
INT_02183,Précaution d'emploi,Diminution de l'effet de l'antivitamine K par augmentation de son métabolisme hépatique.,Contrôle plus fréquent de l'INR. Adaptation éventuelle de la posologie de l'antivitamine K.,,inducteurs enzymatiques
INT_02184,Précaution d'emploi,Doublement des concentrations de névirapine avec risque d'augmentation de ses effets indésirables.,Surveillance clinique et adaptation éventuelle de la posologie de la névirapine.,,inducteurs enzymatiques
INT_02185,Précaution d'emploi,Risque de baisse de l'efficacité de l'amprénavir.,"Surveillance clinique et biologique régulière, notamment en début d'association.",,inducteurs enzymatiques
INT_02186,Précaution d'emploi,"Augmentation des concentrations sanguines de l'immunodépresseur, par inhibition de son métabolisme.","Dosage des concentrations sanguines de l'immunosuppresseur, contrôle de la fonction rénale et adaptation de sa posologie pendant le traitement et après l'arrêt.",,antagonistes des canaux calciques - antihypertenseurs sauf alpha-bloquants
INT_02187,Association DECONSEILLEE,Majoration du risque ulcérogène et hémorragique digestif.,,,dérivés nitrés et apparentés - médicaments à l'origine d'une hypotension orthostatique
INT_02188,Association DECONSEILLEE,Majoration du risque ulcérogène et hémorragique digestif.,,,dérivés nitrés et apparentés - médicaments à l'origine d'une hypotension orthostatique
INT_02189,Contre-indication,"Augmentation importantes des concentrations de nifédipine par diminution de son métabolisme hépatique par le diltiazem, avec risque d'hypotension sévère.",,,antagonistes des canaux calciques - antihypertenseurs sauf alpha-bloquants
INT_02190,Association DECONSEILLEE,Risque d'addition d'effets indésirables à type de gingivopathies.,Utiliser une autre dihydropyridine.,,antagonistes des canaux calciques - antihypertenseurs sauf alpha-bloquants
INT_02191,Précaution d'emploi,Avec la cimétidine utilisée à des doses supérieures ou égales à 800 mg/j : augmentation de l'effet hypotenseur de la nifédipine par inhibition de son métabolisme hépatique par la cimétidine.,Surveillance clinique accrue : adapter la posologie de la nifédipine pendant le tratiement par la cimétidine et après son arrêt.,,antagonistes des canaux calciques - antihypertenseurs sauf alpha-bloquants
INT_02192,Association DECONSEILLEE,Diminution des concentrations plasmatiques de l'antagoniste du calcium par augmentation de son métabolisme hépatique par l'inducteur.,Surveillance clinique et adaptation éventuelle de la posologie de l'antagoniste du calcium pendant le traitement par l'inducteur et après son arrêt.,,antagonistes des canaux calciques - antihypertenseurs sauf alpha-bloquants
INT_02193,Association DECONSEILLEE,Diminution des concentrations plasmatiques de l'antagoniste du calcium par augmentation de son métabolisme hépatique.,Surveillance clinique et adaptation éventuelle de la posologie de l'antagoniste du calcium pendant le traitement par la rifampicine et après son arrêt.,,antagonistes des canaux calciques - antihypertenseurs sauf alpha-bloquants
INT_02194,A prendre en compte,"Avec la nimodipine par voie orale, et par extrapolation, par voie injectable : risque de majoration de l'effet hypotenseur de la nimodipine par augmentation de ses concentrations plasmatiques (diminution de son métabolisme par l'acide valproïque).",,,antagonistes des canaux calciques - antihypertenseurs sauf alpha-bloquants
INT_02195,Association DECONSEILLEE,Diminution des concentrations plasmatiques du nintédanib par diminution de son absorption par le millepertuis.,,,
INT_02196,Précaution d'emploi,Augmentation des concentrations plasmatiques du nintédanib par augmentation de son absorption par l'amiodarone.,Surveillance clinique pendant l’association.,,
INT_02197,Précaution d'emploi,Diminution des concentrations plasmatiques du nintédanib par diminution de son absorption par la carbamazépine.,Surveillance clinique pendant l’association.,,
INT_02198,Précaution d'emploi,Augmentation des concentrations plasmatiques du nintédanib par augmentation de son absorption par la ciclosporine.,Surveillance clinique pendant l’association.,,
INT_02199,Précaution d'emploi,Augmentation des concentrations plasmatiques du nintédanib par augmentation de son absorption par l'érythromycine.,Surveillance clinique pendant l’association.,,
INT_02200,Précaution d'emploi,Augmentation des concentrations plasmatiques du nintédanib par augmentation de son absorption par l'inhibiteur de protéases boosté par ritonavir.,Surveillance clinique pendant l’association.,,
INT_02201,Précaution d'emploi,Augmentation des concentrations plasmatiques du nintédanib par augmentation de son absorption par l'itraconazole.,Surveillance clinique pendant l’association.,,
INT_02202,Précaution d'emploi,Augmentation des concentrations plasmatiques du nintédanib par augmentation de son absorption par le kétoconazole.,Surveillance clinique pendant l’association.,,
INT_02203,Précaution d'emploi,Diminution des concentrations plasmatiques du nintédanib par diminution de son absorption par la phénytoïne ou la fosphénytoïne.,Surveillance clinique pendant l’association.,,
INT_02204,Précaution d'emploi,Diminution des concentrations plasmatiques du nintédanib par diminution de son absorption par la rifampicine.,Surveillance clinique pendant l’association.,,
INT_02205,Précaution d'emploi,Augmentation des concentrations plasmatiques du nintédanib par augmentation de son absorption par le vérapamil.,Surveillance clinique pendant l’association.,,
INT_02206,Précaution d'emploi,Diminution de l'absorption digestive de la norflloxacine.,"Prendre les sels de calcium à distance de la norfloxacine (plus de 2 heures, si possible).",,fluoroquinolones - médicaments abaissant le seuil épileptogène - substances
INT_02207,Précaution d'emploi,"Risque majoré de troubles du rythme ventriculaire, notamment de torsades de pointes.",Surveillance clinique et électrocardiographique pendant l'association.,,fluoroquinolones - médicaments abaissant le seuil épileptogène - substances
INT_02208,Précaution d'emploi,Augmentation de la théophyllinémie avec risque de surdosage (diminution du métabolisme de la théophylline).,Surveillance clinique et éventuellement de la théophyllinémie.,,fluoroquinolones - médicaments abaissant le seuil épileptogène - substances
INT_02209,A prendre en compte,"Augmentation des concentrations plasmatiques de caféine, par diminution du métabolisme hépatique de la caféine.",,,fluoroquinolones - médicaments abaissant le seuil épileptogène - substances
INT_02210,Précaution d'emploi,Risque d'augmentation des effets indésirables de la nortriptyline par diminution de son métabolisme hépatique par le bupropion.,"Surveillance clinique. Si besoin, adaptation de la posologie de la nortriptyline pendant le traitement par le bupropion.",,
INT_02211,Association DECONSEILLEE,Augmentation de l’effet de l’antivitamine K et du risque hémorragique.,,,antitussifs morphine-like - morphiniques - médicaments sédatifs
INT_02212,Association DECONSEILLEE,Diminution très importante des concentrations de nétupitant avec risque de perte d'efficacité.,,,
INT_02213,Précaution d'emploi,"Risque de diminution des concentrations plasmatiques de l'olanzapine et de son efficacité thérapeutique, par augmentation de son métabolisme hépatique par la carbamazépine.","Surveillance clinique, et si besoin, adaptation posologique de l'olanzapine.",,médicaments sédatifs - médicaments à l'origine d'une hypotension orthostatique
INT_02214,Précaution d'emploi,"Augmentation des concentrations de l’olanzapine, avec risque de majoration des effets indésirables, par diminution de son métabolisme hépatique par la fluvoxamine.",Surveillance clinique et réduction éventuelle de la posologie de l’olanzapine pendant le traitement par fluvoxamine.,,médicaments sédatifs - médicaments à l'origine d'une hypotension orthostatique
INT_02215,Contre-indication,"Risque de diminution des concentrations plasmatiques d’olaparib et de son efficacité, par augmentation de son métabolisme par le millepertuis.",,,
INT_02216,Association DECONSEILLEE,Augmentation des concentrations plasmatiques d’olaparib par l' amiodarone,"Si l’association ne peut être évitée, limiter la dose d’olaparib à 200 mg 2 fois par jour avec l’amiodarone.",,
INT_02217,Association DECONSEILLEE,"Risque de diminution très importante des concentrations de l'olaparib, et perte d‘efficacité, par augmentation de son métabolisme hépatique par l’apalutamide.",,,
INT_02218,Association DECONSEILLEE,Risque de majoration de l’effet myélosuppresseur du cytotoxique,,,
INT_02219,Association DECONSEILLEE,Augmentation des concentrations plasmatiques d’olaparib par le diltiazem.,"Si l’association ne peut être évitée, limiter la dose d’olaparib à 200 mg deux fois par jour.",,
INT_02220,Association DECONSEILLEE,Augmentation des concentrations plasmatiques d’olaparib par le fluconazole.,"Si l’association ne peut être évitée, limiter la dose d’olaparib à 200 mg deux fois par jour.",,
INT_02221,Association DECONSEILLEE,"Diminution, éventuellement très importante selon l’inducteur, des concentrations plasmatiques de l’olaparib par augmentation de son métabolisme hépatique par l’inducteur.",,,
INT_02222,Association DECONSEILLEE,Augmentation des concentrations plasmatiques d’olaparib par l’inhibiteur.,"Si l’association ne peut être évitée, limiter la dose d’olaparib à 150 mg deux fois par jour.",,
INT_02223,Association DECONSEILLEE,Risque d’augmentation des effets indésirables de l’olaparib.,,,
INT_02224,Association DECONSEILLEE,Augmentation des concentrations plasmatiques d’olaparib par le vérapamil.,"Si l’association ne peut être évitée, limiter la dose d’olaparib à 200 mg deux fois par jour.",,
INT_02225,Contre-indication,Augmentation des concentrations plasmatiques de l'acide fusidique par diminution de son métabolisme hépatique par la bithérapie.,,,
INT_02226,Contre-indication,Augmentation des concentrations plasmatiques de l'alcaloïde de l'ergot de seigle vasoconstricteur par diminution de son métabolisme hépatique par la bithérapie.,,,
INT_02227,Contre-indication,Augmentation des concentrations plasmatiques de l'afuzosine par diminution de son métabolisme hépatique par la bithérapie.,,,
INT_02228,Contre-indication,Augmentation des concentrations plasmatiques de l'amiodarone par diminution de son métabolisme hépatique par la bithérapie.,,,
INT_02229,Contre-indication,Augmentation des concentrations plasmatiques de l'atorvastatine par diminution de son métabolisme hépatique par la bithérapie.,,,
INT_02230,Contre-indication,Augmentation des concentrations plasmatiques de la colchicine par diminution de son métabolisme hépatique par la bithérapie.,"Contre-indication: - chez les patients insuffisants rénaux et/ou hépatiques. Association déconseillée - chez les patients ayant une fonction rénale et hépatique normale. Si l’association s'avère nécessaire, une réduction de la dose de colchicine ou une interruption du traitement par la colchicine est recommandée.",Yes,
INT_02231,Contre-indication,Risque d’augmentation des concentrations plasmatiques de disopyramide et de ses effets indésirables.,,,
INT_02232,Contre-indication,Augmentation de l’hépatotoxicité.,,,
INT_02233,Contre-indication,Diminution des concentrations plasmatiques de la bithérapie par augmentation de son métabolisme hépatique par l’inducteur.,,,
INT_02234,Contre-indication,Augmentation des concentrations plasmatiques de la bithérapie par diminution de son métabolisme hépatique par l’inhibiteur.,Contre-indication: - sauf avec le ritonavir.,,
INT_02235,Contre-indication,Augmentation des concentrations plasmatiques du midazolam par diminution de son métabolisme hépatique par la bithérapie.,,,
INT_02236,Contre-indication,Augmentation des concentrations plasmatiques du pimozide par diminution de son métabolisme hépatique par la bithérapie.,,,
INT_02237,Contre-indication,Augmentation des concentrations plasmatiques de la quétiapine par diminution de son métabolisme hépatique par la bithérapie.,,,
INT_02238,Contre-indication,Augmentation des concentrations plasmatiques de la quinidine par diminution de son métabolisme hépatique par la bithérapie.,,,
INT_02239,Contre-indication,Risque d’augmentation des concentrations de salmétérol.,,,
INT_02240,Contre-indication,Augmentation des concentrations plasmatiques du sildénafil par diminution de son métabolisme hépatique par la bithérapie.,,,
INT_02241,Contre-indication,Augmentation des concentrations plasmatiques de la simvastatine par diminution de son métabolisme hépatique par la bithérapie.,,,
INT_02242,Contre-indication,Augmentation des concentrations plasmatiques du ticagrélor par diminution de son métabolisme hépatique par la bithérapie.,,,
INT_02243,Association DECONSEILLEE,En association avec le ritonavir : augmentation significative des concentrations de l’immunosuppresseur avec risque de majoration de sa toxicité par la bithérapie.,"Si l’association s’avère nécessaire, contrôle strict de la fonction rénale, dosage des concentrations sanguines de l'immunosuppresseur et adaptation éventuelle de la posologie.",,
INT_02244,Association DECONSEILLEE,En association avec le ritonavir : augmentation significative des concentrations de l’immunosuppresseur avec risque de majoration de sa toxicité par la bithérapie.,"Si l’association s’avère nécessaire, contrôle strict de la fonction rénale, dosage des concentrations sanguines de l'immunosuppresseur et adaptation éventuelle de la posologie.",,
INT_02245,Association DECONSEILLEE,En association avec le ritonavir : augmentation significative des concentrations de l’immunosuppresseur avec risque de majoration de sa toxicité par la bithérapie.,"Si l’association s’avère nécessaire, contrôle strict de la fonction rénale, dosage des concentrations sanguines de l'immunosuppresseur et adaptation éventuelle de la posologie.",,
INT_02246,Association DECONSEILLEE,"Risque de diminution très importante des concentrations de l'oméprazole, et perte d‘efficacité, par augmentation de son métabolisme hépatique par l’apalutamide.",,,antisécrétoires inhibiteurs de la pompe à protons
INT_02247,Précaution d'emploi,Augmentation modérée de la digoxinémie par majoration de son absorption par l'oméprazole.,"Surveillance clinique, ECG et de la digoxinémie, particulièrement chez le sujet âgé.",,antisécrétoires inhibiteurs de la pompe à protons
INT_02248,Précaution d'emploi,"Risque majoré de troubles du rythme ventriculaire, notamment de torsades de pointes.",Surveillance clinique et électrocardiographique pendant l'association.,,antisécrétoires inhibiteurs de la pompe à protons
INT_02249,Précaution d'emploi,Augmentation des concentrations sanguines du tacrolimus.,"Dosage des concentrations sanguines du tacrolimus, contrôle de la fonction rénale et adaptation de la posologie pendant l'association et après son arrêt.",,antisécrétoires inhibiteurs de la pompe à protons
INT_02250,A prendre en compte,Risque de moindre efficacité de l'anagrélide par augmentation de son métabolisme par l'oméprazole.,Préférer un autre inhibiteur de la pompe à protons.,,antisécrétoires inhibiteurs de la pompe à protons
INT_02251,Précaution d'emploi,"Risque majoré de troubles du rythme ventriculaire, notamment de torsades de pointes.",Surveillance clinique et électrocardiographique pendant l'association.,,sétrons
INT_02252,A prendre en compte,Diminution de l’intensité et de la durée de l’effet analgésique du tramadol et risque de diminution de l’effet antiémétique de l’ondansétron.,,,sétrons
INT_02253,A prendre en compte,"Avec les sels d'or administrés par voie IV : risque de réaction «nitritoïde» à l’introduction de l’IEC (nausées, vomissements, effets vasomoteurs à type de flush, hypotension, éventuellement collapsus).",,,
INT_02254,A prendre en compte,"Addition des effets néphrotoxiques et/ou ototoxiques, notamment en cas d'insuffisance rénale préalable.",,,
INT_02255,A prendre en compte,Risque d’addition des effets ototoxiques et/ou néphrotoxiques.,,,
INT_02256,Association DECONSEILLEE,"Diminution des concentrations sanguines de ciclosporine par diminution de son absorption intestinale, avec risque de perte de l'activité immunosuppressive.","Prendre l'orlistat à distance de la ciclosporine (au moins 3 heures). Contrôle renforcé des dosages sanguins de ciclosporine, notamment en début d’association, et lors d’augmentation éventuelle de la posologie de l’orlistat.",,
INT_02257,Précaution d'emploi,Risque de diminution des concentrations plasmatiques de l'amiodarone et de son métabolite actif.,"Surveillance clinique et, si besoin, ECG.",,
INT_02258,Précaution d'emploi,Augmentation de l'effet de l'antivitamine K et du risque hémorragique.,Contrôle plus fréquent de l'INR. Adaptation éventuelle de la posologie de l'antivitamine K pendant le traitement par l'orlistat et après son arrêt.,,
INT_02259,A prendre en compte,Risque d'échec thérapeutique en cas de traitement concomitant par orlistat.,,,
INT_02260,A prendre en compte,Risque de déséquilibre du traitement thyroïdien substitutif en cas de traitement par orlistat.,,,
INT_02261,A prendre en compte,Risque d'échec thérapeutique en cas de traitement concomitant par orlistat.,,,
INT_02262,A prendre en compte,Risque d'échec thérapeutique en cas de traitement concomitant par orlistat.,,,
INT_02263,A prendre en compte,Risque d'échec thérapeutique en cas de traitement concomitant par orlistat.,,,
INT_02264,A prendre en compte,Risque d'échec thérapeutique en cas de traitement concomitant par orlistat.,,,
INT_02265,A prendre en compte,Diminution de l'absorption de la vitamine D.,,,
INT_02266,A prendre en compte,Augmentation de la toxicité du fluoro-uracile par diminution de sa clairance.,,,antabuse (réaction)
INT_02267,Contre-indication,"Diminution, éventuellement considérable, des concentrations de lénacapavir, avec risque de réduction de la réponse virologique.",,,anticonvulsivants métabolisés - hyponatrémiants - inducteurs enzymatiques
INT_02268,Association DECONSEILLEE,"Risque de diminution des concentrations de velpatasvir/sofosbuvir, avec possible retentissement sur l’efficacité.",,,anticonvulsivants métabolisés - hyponatrémiants - inducteurs enzymatiques
INT_02269,Précaution d'emploi,"Risque de diminution de l'efficacité du traitement hormonal, par augmentation de son métabolisme hépatique par l'oxcarbazépine.",Surveillance clinique et adaptation éventuelle de la posologie du traitement hormonal pendant le traitement par l'oxcarbazépine et après son arrêt.,,anticonvulsivants métabolisés - hyponatrémiants - inducteurs enzymatiques
INT_02270,Précaution d'emploi,"Diminution des concentrations de la lamotrigine avec risque de moindre efficacité, par augmentation de son métabolisme hépatique par l'oxcarbazépine.","Surveillance clinique et contrôle des concentrations plasmatiques, avec adaptation de la posologie de la lamotrigine si besoin.",,anticonvulsivants métabolisés - hyponatrémiants - inducteurs enzymatiques
INT_02271,Précaution d'emploi,"Risque de diminution des concentrations du topiramate avec risque de moindre efficacité, par augmentation de son métabolisme hépatique par l'oxcarbazépine.","Surveillance clinique, et si besoin, adaptation posologique du topiramate pendant le traitement par l'oxcarbazépine et après son arrêt.",,anticonvulsivants métabolisés - hyponatrémiants - inducteurs enzymatiques
INT_02272,A prendre en compte,Diminution de moitié des concentrations de pérampanel et légère augmentation de celles de l’oxcarbazépine.,,,anticonvulsivants métabolisés - hyponatrémiants - inducteurs enzymatiques
INT_02273,Précaution d'emploi,Ergotisme : quelques cas de spasme artériel avec ischémie des extrémités ont été observés (addition d'effets vasculaires).,"Surveillance clinique renforcée, en particulier pendant les premières semaines de l'association.",,
INT_02274,Contre-indication,"Risque majoré de dépression respiratoire, pouvant être fatale en cas de surdosage.",,,médicaments sédatifs
INT_02275,Contre-indication,"Risque majoré de dépression respiratoire, pouvant être fatale en cas de surdosage.",,,médicaments sédatifs
INT_02276,Association DECONSEILLEE,"Majoration des effets indésirables, notamment respiratoires, de l’oxycodone par diminution de son métabolisme hépatique par le fluconazole.",,,analgésiques morphiniques agonistes - analgésiques morphiniques de palier
INT_02277,Association DECONSEILLEE,Diminution des concentrations plasmatiques de l’oxycodone par augmentation de son métabolisme par l’inducteur.,Adaptation éventuelle de la posologie d’oxycodone .,,analgésiques morphiniques agonistes - analgésiques morphiniques de palier
INT_02278,Association DECONSEILLEE,"Majoration des effets indésirables, notamment respiratoires, de l’oxycodone par diminution de son métabolisme par l'inhibiteur.",Surveillance clinique et adaptation éventuelle de la posologie de l’oxycodone pendant le traitement par l'inhibiteur et après son arrêt.,,analgésiques morphiniques agonistes - analgésiques morphiniques de palier
INT_02279,Association DECONSEILLEE,Diminution des concentrations plasmatiques de l’oxycodone par augmentation de son métabolisme par le millepertuis.,Adaptation éventuelle de la posologie de l’oxycodone .,,analgésiques morphiniques agonistes - analgésiques morphiniques de palier
INT_02280,Association DECONSEILLEE,Potentialisation des effets bradycardisants pouvant avoir des conséquences fatales. Les bêta-bloquants sont d’autant plus à risque qu’ils empêchent les mécanismes de compensation adrénergique.,Surveillance clinique et ECG pendant au moins 6 heures.,,
INT_02281,Association DECONSEILLEE,Risque d’augmentation des effets indésirables de l’ozanimod.,,,
INT_02282,Association DECONSEILLEE,Risque d’augmentation des effets indésirables de l’ozanimod.,,,
INT_02283,Association DECONSEILLEE,Diminution des concentrations des métabolites actifs de l’ozanimod d’environ 60%.,,,
INT_02284,Association DECONSEILLEE,Diminution des concentrations des métabolites actifs de l’ozanimod d’environ 60%.,,,
INT_02285,A prendre en compte,Risque d’augmentation des concentrations des métabolites actifs de l’onazimod.,,,
INT_02286,A prendre en compte,Augmentation des concentrations des métabolites actifs de l’onazimod.,,,
INT_02287,A prendre en compte,Diminution des deux tiers de l’exposition du ténofovir avec une formulation de PAS calcique.,,,dérivés de l'acide aminosalicylique (ASA)
INT_02288,A prendre en compte,Diminution des deux tiers de l’exposition du ténofovir avec une formulation de PAS calcique.,,,dérivés de l'acide aminosalicylique (ASA)
INT_02289,Contre-indication,Risque de moindre efficacité du taxane par augmentation de son métabolisme par le millepertuis.,,,cytotoxiques - substrats à risque du CYP3A4
INT_02290,Association DECONSEILLEE,"Diminution des concentrations du cytotoxique par augmentation de son métabolisme par l’inducteur, avec risque de moindre efficacité.",,,cytotoxiques - substrats à risque du CYP3A4
INT_02291,Précaution d'emploi,Risque de majoration des effets indésirables du paclitaxel par diminution de son métabolisme hépatique par l’amiodarone.,Surveillance clinique et adaptation éventuelle de la posologie du paclitaxel.,,cytotoxiques - substrats à risque du CYP3A4
INT_02292,Précaution d'emploi,Risque d’augmentation des concentrations plasmatiques du paclitaxel par inhibition de son métabolisme hépatique par le deferasirox.,Surveillance clinique et biologique étroite.,,cytotoxiques - substrats à risque du CYP3A4
INT_02293,Précaution d'emploi,Risque d’augmentation des concentrations plasmatiques du paclitaxel par inhibition de son métabolisme hépatique par le gemfibrozil.,Surveillance clinique et biologique étroite et adaptation de la posologie du paclitaxel pendant l’association.,,cytotoxiques - substrats à risque du CYP3A4
INT_02294,Précaution d'emploi,Risque d’augmentation des concentrations plasmatiques du paclitaxel par inhibition de son métabolisme hépatique par le triméthoprime.,Surveillance clinique et biologique étroite et adaptation de la posologie du paclitaxel pendant l’association.,,cytotoxiques - substrats à risque du CYP3A4
INT_02295,A prendre en compte,"Augmentation des concentrations du paclitaxel par le clopidogrel, avec risque de majoration des effets indésirables.",,,cytotoxiques - substrats à risque du CYP3A4
INT_02296,Association DECONSEILLEE,"Augmentation des concentrations plasmatiques de l'avanafil, avec risque d’hypotension.",,,
INT_02297,Association DECONSEILLEE,"Augmentation des concentrations plasmatiques de carbamazépine, avec risque de surdosage, par inhibition de son métabolisme par le pamplemousse.",,,
INT_02298,Association DECONSEILLEE,Augmentation des concentrations de dronédarone par inhibition de son métabolisme par le pamplemousse.,,,
INT_02299,Association DECONSEILLEE,"Risque majoré de troubles du rythme ventriculaire, notamment de torsades de pointes.",,,
INT_02300,Association DECONSEILLEE,Augmentation de la biodisponibilité de l’immunosuppresseur et par conséquent de ses effets indésirables.,,,
INT_02301,Association DECONSEILLEE,Augmentation des concentrations plasmatiques de l’ivabradine et de ses effets indésirables (inhibition de son métabolisme intestinal par le pamplemousse).,,,
INT_02302,Association DECONSEILLEE,Risque d’augmentation des concentrations plasmatiques d’ivacaftor par le jus de pamplemousse.,,,
INT_02303,Association DECONSEILLEE,Augmentation des concentrations plasmatiques de la lurasidone par diminution de son métabolisme par le pamplemousse.,,,
INT_02304,Association DECONSEILLEE,Risque d’augmentation des effets indésirables du naloxegol par le pamplemousse.,,,
INT_02305,Association DECONSEILLEE,Risque d’augmentation des effets indésirables de l’olaparib.,,,
INT_02306,Association DECONSEILLEE,Augmentation des concentrations plasmatiques de régorafenib par diminution de son métabolisme hépatique par le pamplemousse.,,,
INT_02307,Association DECONSEILLEE,Augmentation parfois importante des concentrations de l’antidépresseur chez certains patients par diminution de son métabolisme intestinal.,,,
INT_02308,Association DECONSEILLEE,"Augmentation considérable des concentrations plasmatiques de l'hypolipémiant, avec risque de survenue d'effets indésirables, notamment musculaires.",,,
INT_02309,Association DECONSEILLEE,"Doublement des concentrations plasmatiques de l'antiagrégant, avec risque de majoration des effets indésirables, notamment hémorragiques.",,,
INT_02310,Association DECONSEILLEE,"Augmentation importante (entre 2 à 5 fois en moyenne) des concentrations de tolvaptan, avec risque de majoration importante des effets indésirables, notamment diurèse importante, déshydratation, insuffisance rénale aiguë.",,,
INT_02311,Association DECONSEILLEE,"Augmentation des concentrations plasmatiques du vardénafil, avec risque d’hypotension.",,,
INT_02312,Association DECONSEILLEE,"Augmentation des concentrations de vénétoclax, avec risque de majoration des effets indésirables.",,,
INT_02313,A prendre en compte,"Augmentation des concentrations plasmatiques de l'hypolipémiant, avec risque de survenue d'effets indésirables, notamment musculaires.",,,
INT_02314,A prendre en compte,Risque de majoration des effets indésirables de la buspirone par diminution de son métabolisme par le pamplemousse.,,,
INT_02315,A prendre en compte,"Risque majoré d'effets indésirables, notamment d'oedèmes, par diminution du métabolisme intestinal de la dihydropyridine.",,,
INT_02316,A prendre en compte,"Augmentation des concentrations plasmatiques de vérapamil, avec risque de survenue d’effets indésirables.",,,
INT_02317,Précaution d'emploi,"Risque de majoration des effets indésirables, notamment cardiaques, du panobinostat par diminution de son métabolisme par l’inhibiteur.",Surveillance clinique et ECG. Débuter le traitement à dose réduite de moitié (10 mg).,,
INT_02318,Association DECONSEILLEE,"Risque accru d'acidose métabolique à trou anionique élevé, notamment en cas d'insuffisance rénale sévère, de sepsis, de facteurs prédisposant à la déplétion en glutathion (malnutrition, alcoolisme chronique…), ainsi qu’en cas d’utilisation de paracétamol aux doses quotidiennes maximales.","Si l’association ne peut être évitée, surveillance étroite avec mesure de la 5-oxoproline urinaire.",,
INT_02319,Précaution d'emploi,Risque d’augmentation de l’effet de l’antivitamine K et du risque hémorragique en cas de prise de paracétamol aux doses maximales (4 g/j) pendant au moins 4 jours.,Contrôle plus fréquent de l’INR. Adaptation éventuelle de la posologie de l’antivitamine K pendant le traitement par le paracétamol et après son arrêt.,,
INT_02320,Contre-indication,"Risque majoré de troubles du rythme ventriculaire, notamment de torsades de pointes.",,,hyponatrémiants - inhibiteurs sélectifs de la recapture de la sérotonine - médicaments
INT_02321,Contre-indication,Augmentation possiblement très importante de l’exposition des métabolites actifs de la tétrabénazine.,,,hyponatrémiants - inhibiteurs sélectifs de la recapture de la sérotonine - médicaments
INT_02322,Association DECONSEILLEE,Diminution de l’efficacité de l’opiacé par inhibition de son métabolisme par l’inhibiteur.,,,hyponatrémiants - inhibiteurs sélectifs de la recapture de la sérotonine - médicaments
INT_02323,Association DECONSEILLEE,"Risque de majoration des effets indésirables de la méquitazine, par inhibition de son métabolisme par l’inhibiteur enzymatique.",,,hyponatrémiants - inhibiteurs sélectifs de la recapture de la sérotonine - médicaments
INT_02324,Association DECONSEILLEE,"Baisse de l’efficacité du tamoxifène, par inhibition de la formation de son métabolite actif par la paroxétine.",,,hyponatrémiants - inhibiteurs sélectifs de la recapture de la sérotonine - médicaments
INT_02325,Association DECONSEILLEE,Diminution de l’efficacité de l’opiacé par inhibition de son métabolisme par l’inhibiteur.,,,hyponatrémiants - inhibiteurs sélectifs de la recapture de la sérotonine - médicaments
INT_02326,Précaution d'emploi,Augmentation des concentrations plasmatiques de carbamazépine avec signes de surdosage.,"Surveillance clinique, contrôle des concentrations plasmatiques de carbamazépine et réduction éventuelle de la posologie de la carbamazépine pendant le traitement par l'antidépresseur sérotoninergique et après son arrêt.",,hyponatrémiants - inhibiteurs sélectifs de la recapture de la sérotonine - médicaments
INT_02327,Précaution d'emploi,"Risque de majoration des effets indésirables du métoprolol, avec notamment bradycardie excessive, par inhibition de son métabolisme par la paroxétine.","Surveillance clinique accrue ; si besoin, adaptation de la posologie du métoprolol pendant la durée du traitement par la paroxétine et après son arrêt.",,hyponatrémiants - inhibiteurs sélectifs de la recapture de la sérotonine - médicaments
INT_02328,Précaution d'emploi,"Risque de majoration des effets indésirables du nébivolol avec notamment bradycardie excessive, par inhibition de son métabolisme par l’antidépresseur.","Surveillance clinique accrue ; si besoin, adaptation de la posologie du nébivolol pendant la durée du traitement par l’antidépresseur et après son arrêt.",,hyponatrémiants - inhibiteurs sélectifs de la recapture de la sérotonine - médicaments
INT_02329,Précaution d'emploi,"Augmentation de la fraction active de la rispéridone par diminution de son métabolisme hépatique par la paroxétine, avec risque de majoration des effets indésirables.","Surveillance clinique et, si besoin, adaptation posologique de la rispéridone.",,hyponatrémiants - inhibiteurs sélectifs de la recapture de la sérotonine - médicaments
INT_02330,Précaution d'emploi,Augmentation de la théophyllinémie avec risque de surdosage (diminution du métabolisme de la théophylline).,Surveillance clinique et éventuellement de la théophyllinémie.,,fluoroquinolones - médicaments abaissant le seuil épileptogène - substances
INT_02331,Contre-indication,Risque majoré de neuropathies périphériques.,,,
INT_02332,Association DECONSEILLEE,Risque de majoration de la toxicité du pemetrexed (diminution de sa clairance rénale par l’acide acétylsalicylique à doses anti- inflammatoires).,Association déconseillée : - en cas de fonction rénale faible à modérée . Précaution d'emploi : - en cas de fonction rénale normale. Surveillance biologique de la fonction rénale.,Yes,cytotoxiques
INT_02333,Association DECONSEILLEE,Risque de majoration de la toxicité du pemetrexed (diminution de sa clairance rénale par les AINS).,Association déconseillée : - en cas de fonction rénale faible à modérée. Précaution d'emploi : - en cas de fonction rénale normale. Surveillance biologique de la fonction rénale.,Yes,cytotoxiques
INT_02334,Précaution d'emploi,Diminution de l'absorption digestive de la pénicillamine.,"Prendre les sels de fer à distance de la pénicillamine (plus de 2 heures, si possible).",,"substances à absorption réduite par les topiques gastro-intestinaux, antiacides"
INT_02335,Précaution d'emploi,Risque majoré de survenue de pancréatite par addition d'effets indésirables.,Surveillance de l'amylasémie. Ne pas associer si l'amylasémie est à la limite supérieure de la normale.,,antiparasitaires susceptibles de donner des torsades de pointes - médicaments
INT_02336,Précaution d'emploi,Risque d'hypocalcémie sévère.,Surveillance de la calcémie et supplémentation si nécessaire.,,antiparasitaires susceptibles de donner des torsades de pointes - médicaments
INT_02337,Précaution d'emploi,Risque majoré de survenue de neuropathies périphériques par addition d'effets indésirables.,"Surveillance clinique et biologique régulière, notamment en début d'association.",,antiparasitaires susceptibles de donner des torsades de pointes - médicaments
INT_02338,Association DECONSEILLEE,Majoration du risque de toxicité pulmonaire pouvant être fatale.,,,cytotoxiques
INT_02339,Association DECONSEILLEE,Majoration du risque de toxicité pulmonaire pouvant être fatale.,,,cytotoxiques
INT_02340,Précaution d'emploi,Augmentation du risque hémorragique.,Contrôle plus fréquent de l'INR. Adaptation éventuelle de la posologie de l'antivitamine K pendant le traitement par la pentoxifylline et 8 jours après son arrêt.,,
INT_02341,Précaution d'emploi,Augmentation du risque hémorragique.,Surveillance clinique.,,
INT_02342,Précaution d'emploi,Augmentation de la théophyllinémie avec risque de surdosage (compétition au niveau du métabolisme hépatique de la théophylline).,"Surveillance clinique et éventuellement de la théophyllinémie ; s'il y a lieu, adaptation de la posologie de la théophylline pendant le traitement par la pentoxifylline et après son arrêt.",,
INT_02343,Contre-indication,"Risque d'apparition d'un syndrome sérotoninergique : diarrhée, tachycardie, sueurs, tremblements, confusion voire coma.",,,analgésiques morphiniques agonistes - analgésiques morphiniques de palier
INT_02344,Contre-indication,"Risque d'apparition d'un syndrome sérotoninergique : diarrhée, tachycardie, sueurs, tremblements, confusion voire coma.",,,analgésiques morphiniques agonistes - analgésiques morphiniques de palier
INT_02345,Contre-indication,"Manifestations d'excitation centrale évoquant un syndrome sérotoninergique : diarrhée, tachycardie, sueurs, tremblements, confusion voire coma.",,,analgésiques morphiniques agonistes - analgésiques morphiniques de palier
INT_02346,Contre-indication,Effet antagoniste du barbiturique.,,,
INT_02347,Association DECONSEILLEE,Risque de majoration de la neurotoxicité de l'ifosfamide par augmentation de son métabolisme hépatique par le phénobarbital.,,,
INT_02348,Précaution d'emploi,"Diminution des concentrations plasmatiques et de l'efficacité du felbamate et augmentation des concentrations plasmatiques du phénobarbital, avec risque de surdosage.",Surveillance clinique et contrôle des concentrations plasmatiques de phénobarbital avec adaptation de la posologie si besoin.,,
INT_02349,Précaution d'emploi,"Diminution des concentrations plasmatiques du phénobarbital, par augmentation de son métabolisme dont les folates représentent un des cofacteurs.","Surveillance clinique, contrôle des concentrations plasmatiques, et adaptation, s'il y a lieu, de la posologie du phénobarbital pendant la supplémentation folique et après son arrêt.",,
INT_02350,Précaution d'emploi,"Augmentation de l'hyperammoniémie, avec risque accru d'encéphalopathie.",Surveillance clinique et biologique régulière.,,
INT_02351,A prendre en compte,Diminution progressive des concentrations plasmatiques de carbamazépine et de son métabolite actif sans modification apparente de l'efficacité anticomitiale.,Prudence quant à l'interprétation des concentrations plasmatiques.,,
INT_02352,A prendre en compte,Diminution des concentrations plasmatiques du métoprolol avec réduction de ses effets cliniques (augmentation de son métabolisme hépatique).,,,
INT_02353,A prendre en compte,"En cas de traitement antérieur par le phénobarbital ou la primidone, et adjonction de phénytoïne, augmentation des concentrations plasmatiques de phénobarbital pouvant entraîner des signes toxiques (inhibition du métabolisme par compétition). En cas de traitement antérieur par la phénytoïne et adjonction de phénobarbital ou de primidone, variations imprévisibles : - les concentrations plasmatiques de phénytoïne sont le plus souvent diminuées (augmentation du métabolisme) sans que cette diminution affecte défavorablement l'activité anticonvulsivante. A l'arrêt du phénobarbital ou de la primidone, possibilité d'effets toxiques de la phénytoïne - il peut arriver que les concentrations de phénytoïne soient augmentées (inhibition du métabolisme par compétition).",,,
INT_02354,A prendre en compte,Diminution des concentrations plasmatiques du propranolol avec réduction de ses effets cliniques (augmentation de son métabolisme hépatique).,,,
INT_02355,Association DECONSEILLEE,"Majoration du risque de troubles du rythme ventriculaire par potentialisation des effets antiarythmiques, ainsi que des effets indésirables neurologiques, par diminution du métabolisme hépatique de la phénytoïne par l’amiodarone.",,,
INT_02356,Association DECONSEILLEE,Avec la cimétidine utilisée à des doses supérieures ou égales à 800 mg/j : augmentation des concentrations plasmatiques de phénytoïne avec possibilité d'apparition des signes habituels de surdosage.,"Si l'association ne peut être évitée, surveillance clinique étroite, dosage des concentrations plasmatiques de phénytoïne et adaptation éventuelle de sa posologie pendant le traitement par la cimétidine et après son arrêt.",,
INT_02357,Association DECONSEILLEE,"Risque de survenue de convulsions par diminution de l'absorption digestive de la seule phénytoïne par le cytotoxique, ou bien risque de majoration de la toxicité ou de perte d'efficacité du cytotoxique par augmentation de son métabolisme hépatique par la phénytoïne ou la fosphénytoïne.",,,
INT_02358,Association DECONSEILLEE,Augmentation importante et rapide des concentrations plasmatiques de phénytoïne avec signes toxiques (inhibition de son métabolisme).,"Si elle ne peut être évitée, contrôle clinique et des concentrations plasmatiques de phénytoïne pendant le traitement par le disulfirame et après son arrêt.",,
INT_02359,Association DECONSEILLEE,Augmentation des concentrations plasmatiques de phénytoïne jusqu'à des valeurs toxiques (inhibition de son métabolisme).,"Utiliser de préférence une autre classe d'anti-infectieux, sinon surveillance clinique étroite, dosage des concentrations de phénytoïne et adaptation éventuelle de sa posologie pendant le traitement par le sulfamide anti-infectieux et après son arrêt.",,
INT_02360,Association DECONSEILLEE,Augmentation des concentrations plasmatiques de phénytoïne jusqu'à des valeurs toxiques (inhibition de son métabolisme).,"Utiliser de préférence une autre classe d'anti-infectieux, sinon surveillance clinique étroite, dosage des concentrations de phénytoïne et adaptation éventuelle de sa posologie pendant le traitement par le sulfamide anti-infectieux et après son arrêt.",,
INT_02361,Association DECONSEILLEE,Augmentation des concentrations plasmatiques de phénytoïne jusqu'à des valeurs toxiques (inhibition de son métabolisme).,"Utiliser de préférence une autre classe d'anti-infectieux, sinon surveillance clinique étroite, dosage des concentrations de phénytoïne et adaptation éventuelle de sa posologie pendant le traitement par le sulfamide anti-infectieux et après son arrêt.",,
INT_02362,Précaution d'emploi,"Variation, éventuellement importante, des concentrations de phénytoïne en cas de traitement par la ciprofloxacine.",Surveillance clinique et contrôle des concentrations plasmatiques de l’anticonvulsivant pendant le traitement par ciprofloxacine et après son arrêt.,,
INT_02363,Précaution d'emploi,Augmentation des concentrations plasmatiques de phénytoïne avec signes de surdosage (inhibition du métabolisme de la,Surveillance clinique et contrôle des concentrations plasmatiques de phénytoïne.,,
INT_02364,Précaution d'emploi,"Variations imprévisibles : les concentrations plasmatiques de phénytoïne peuvent augmenter, avec signes de surdosage, mais aussi diminuer ou rester stables.",Surveillance clinique et contrôle des concentrations plasmatiques de phénytoïne.,,
INT_02365,Précaution d'emploi,"Augmentation des concentrations plasmatiques de phénytoïne avec risque de surdosage, par inhibition de son métabolisme par le felbamate.","Surveillance clinique, contrôle des concentrations plasmatiques de phénytoïne et si besoin, adaptation de sa posologie pendant le traitement par le felbamate.",,
INT_02366,Précaution d'emploi,Augmentation des concentrations plasmatiques de phénytoïne pouvant atteindre des valeurs toxiques. Mécanisme invoqué : inhibition du métabolisme hépatique de la phénytoïne.,Surveillance clinique et biologique étroite.,,
INT_02367,Précaution d'emploi,"Augmentation des concentrations plasmatiques de phénytoïne avec signes de surdosage, par inhibition du métabolisme de la phénytoïne.","Surveillance clinique et éventuellement contrôle des concentrations plasmatiques de phénytoïne. Si besoin, adaptation posologique pendant le traitement par la fluoxétine et après son arrêt.",,
INT_02368,Précaution d'emploi,"Augmentation des concentrations plasmatiques de phénytoïne avec signes de surdosage, par inhibition du métabolisme hépatique de la phénytoïne.","Surveillance clinique et éventuellement contröle des concentrations plamatiques de phénytoïne. Si besoin, adaptation posologique de la phénytoïne pendant le traitement par la fluvoxamine et après son arrët.",,
INT_02369,Précaution d'emploi,Diminution des concentrations plasmatiques de phénytoïne par augmentation de son métabolisme dont les folates représentent un des cofacteurs.,Surveillance clinique et contrôle des concentrations plasmatiques de phénytoïne. Adaptation éventuelle de la posologie de la phénytoïne pendant la supplémentation folique et après son arrêt.,,
INT_02370,Précaution d'emploi,Diminution de l'effet diurétique pouvant atteindre 50 %.,Utiliser éventuellement des doses plus élevées de furosémide.,,
INT_02371,Précaution d'emploi,Surdosage en phénytoïne (diminution de son métabolisme).,"Surveillance clinique étroite, dosage des concentrations plasmatiques de phénytoïne et adaptation éventuelle de sa posologie pendant le traitement par l'isoniazide et après son arrêt.",,
INT_02372,Précaution d'emploi,"Risque de faux négatif du test à la métyrapone, dû à une diminution de ses concentrations plasmatiques, par augmentation de son métabolisme hépatique par la phénytoïne.",Doubler la posologie de métyrapone.,,
INT_02373,Précaution d'emploi,"Diminution de l'activité antiarythmique, des concentrations plasmatiques et de la demi-vie de la méxilétine (augmentation de son métabolisme hépatique).","Surveillance clinique, ECG et éventuellement des concentrations plasmatiques de la mexilétine ; s'il y a lieu, adaptation de la posologie de la mexilétine pendant le traitement par la phénytoïne et après son arrêt.",,
INT_02374,Précaution d'emploi,"Augmentation des concentrations plasmatiques de phénytoïne pouvant atteindre des valeurs toxiques, par inhibition du métabolisme hépatique de la phénytoïne.","Surveillance clinique étroite, dosage des concentrations plasmatiques de phénytoïne et adaptation éventuelle de sa posologie pendant le traitement par le miconazole et après son arrêt.",,
INT_02375,Précaution d'emploi,Diminution des concentrations plasmatiques du nintédanib par diminution de son absorption par la phénytoïne ou la fosphénytoïne.,Surveillance clinique pendant l’association.,,
INT_02376,Précaution d'emploi,Diminution de l'absorption digestive de la phénytoïne.,"Prendre le sucralfate à distance de la phénytoïne (plus de 2 heures, si possible).",,
INT_02377,Précaution d'emploi,Augmentation des concentrations plasmatiques de phénytoïne avec signes de surdosage (inhibition du métabolisme de la,Surveillance clinique et contrôle des concentrations plasmatiques de phénytoïne.,,
INT_02378,Précaution d'emploi,"Augmentation de l'hyperammoniémie, avec risque accru d'encéphalopathie.",Surveillance clinique et biologique régulière.,,
INT_02379,A prendre en compte,Réduction réciproque des concentrations plasmatiques (augmentation du métabolisme sans modification apparente de l'efficacité anticomitiale).,Prudence dans l'interprétation des concentrations plasmatiques.,,
INT_02380,A prendre en compte,"En cas de traitement antérieur par le phénobarbital ou la primidone, et adjonction de phénytoïne, augmentation des concentrations plasmatiques de phénobarbital pouvant entraîner des signes toxiques (inhibition du métabolisme par compétition). En cas de traitement antérieur par la phénytoïne et adjonction de phénobarbital ou de primidone, variations imprévisibles : - les concentrations plasmatiques de phénytoïne sont le plus souvent diminuées (augmentation du métabolisme) sans que cette diminution affecte défavorablement l'activité anticonvulsivante. A l'arrêt du phénobarbital ou de la primidone, possibilité d'effets toxiques de la phénytoïne - il peut arriver que les concentrations de phénytoïne soient augmentées (inhibition du métabolisme par compétition).",,,
INT_02381,A prendre en compte,"Risque d'addition des effets indésirables cholinergiques, notamment digestifs.",,,bradycardisants
INT_02382,Contre-indication,"Risque majoré de troubles du rythme ventriculaire, notamment de torsades de pointes.",,,médicaments abaissant le seuil épileptogène - médicaments sédatifs - médicaments
INT_02383,Contre-indication,"Risque majoré de troubles du rythme ventriculaire, notamment de torsades de pointes.",,,médicaments abaissant le seuil épileptogène - médicaments sédatifs - médicaments
INT_02384,Contre-indication,"Risque majoré de troubles du rythme ventriculaire, notamment de torsades de pointes.",,,médicaments abaissant le seuil épileptogène - médicaments sédatifs - médicaments
INT_02385,Contre-indication,"Risque majoré de troubles du rythme ventriculaire, notamment de torsades de pointes.",,,médicaments abaissant le seuil épileptogène - médicaments sédatifs - médicaments
INT_02386,Contre-indication,"Risque majoré de troubles du rythme ventriculaire, notamment de torsades de pointes.",,,médicaments abaissant le seuil épileptogène - médicaments sédatifs - médicaments
INT_02387,Contre-indication,"Risque majoré de troubles du rythme ventriculaire, notamment de torsades de pointes.",,,médicaments abaissant le seuil épileptogène - médicaments sédatifs - médicaments
INT_02388,Contre-indication,"Risque majoré de troubles du rythme ventriculaire, notamment de torsades de pointes.",,,médicaments abaissant le seuil épileptogène - médicaments sédatifs - médicaments
INT_02389,Contre-indication,"Risque majoré de troubles du rythme ventriculaire, notamment de torsades de pointes.",,,médicaments abaissant le seuil épileptogène - médicaments sédatifs - médicaments
INT_02390,Contre-indication,Augmentation des concentrations plasmatiques du pimozide par diminution de son métabolisme hépatique par la bithérapie.,,,médicaments abaissant le seuil épileptogène - médicaments sédatifs - médicaments
INT_02391,Contre-indication,"Risque majoré de troubles du rythme ventriculaire, notamment de torsades de pointes.",,,médicaments abaissant le seuil épileptogène - médicaments sédatifs - médicaments
INT_02392,Contre-indication,"Risque majoré de troubles du rythme ventriculaire, notamment de torsades de pointes.",,,médicaments abaissant le seuil épileptogène - médicaments sédatifs - médicaments
INT_02393,Contre-indication,"Risque majoré de troubles du rythme ventriculaire, notamment de torsades de pointes.",,,médicaments abaissant le seuil épileptogène - médicaments sédatifs - médicaments
INT_02394,Contre-indication,"Risque majoré de troubles du rythme ventriculaire, notamment de torsades de pointes (inhibition du métabolisme hépatique du médicament torsadogène).","Respecter un délai de 24 heures entre l’arrêt du triclabendazole et la prise du médicament torsadogène, et inversement.",,médicaments abaissant le seuil épileptogène - médicaments sédatifs - médicaments
INT_02395,Contre-indication,"Risque majoré de troubles du rythme ventriculaires, notamment, de torsades de pointes.",,,médicaments abaissant le seuil épileptogène - médicaments sédatifs - médicaments
INT_02396,Association DECONSEILLEE,"Risque de diminution très importante des concentrations du pimozide, et perte d‘efficacité, par augmentation de son métabolisme hépatique par l’apalutamide.",,,médicaments abaissant le seuil épileptogène - médicaments sédatifs - médicaments
INT_02397,Association DECONSEILLEE,"Risque majoré de troubles du rythme ventriculaire, notamment de torsades de pointes.",,,médicaments abaissant le seuil épileptogène - médicaments sédatifs - médicaments
INT_02398,Association DECONSEILLEE,"Risque majoré de troubles du rythme ventriculaire, notamment de torsades de pointes.",,,médicaments abaissant le seuil épileptogène - médicaments sédatifs - médicaments
INT_02399,Association DECONSEILLEE,Majoration de la néphrotoxicité par comparaison à la vancomycine seule.,,,
INT_02400,Contre-indication,Augmentation des concentrations plasmatiques de pirfenidone avec signes de surdosage.,,,
INT_02401,Contre-indication,"Risque majoré d'effets indésirables (concentration-dépendants) à type de rhabdomyolyse, ou de néphrotoxicité, par diminution du métabolisme de la pitavastatine.",,,inhibiteurs de l'HMG-CoA réductase (statines) - médicaments à l'origine d'atteintes
INT_02402,Association DECONSEILLEE,Addition des effets néphrotoxiques.,"Si l'association ne peut être évitée, surveillance stricte avec une justification bactériologique indiscutable.",,
INT_02403,Précaution d'emploi,"Potentialisation des curares lorque l'antibiotique est administré par voie parentérale et/ou péritonéale avant, pendant ou après l'agent curarisant.",Surveiller le degré de curarisation en fin d'anesthésie.,,
INT_02404,Contre-indication,"Par voie orale ou rectale du sorbitol ou de la résine, et pour une dose de sorbitol par prise >= 2,5 g chez l'enfant et 5 g chez l'adulte Risque de nécrose colique, éventuellement fatale.",:,,résines chélatrices
INT_02405,Précaution d'emploi,Risque d'alcalose métabolique chez l'insuffisant rénal,"Comme avec tout médicament oral pris avec l’un ou l’autre de ces médicaments, respecter un intervalle entre les prises (plus de 2 heures, si possible).",,résines chélatrices
INT_02406,Contre-indication,"Par voie orale ou rectale du sorbitol ou de la résine, et pour une dose de sorbitol par prise >= 2,5 g chez l'enfant et 5 g chez l'adulte Risque de nécrose colique, éventuellement fatale.",:,,résines chélatrices
INT_02407,Précaution d'emploi,Risque d'alcalose métabolique chez l'insuffisant rénal.,"Comme avec tout médicament oral pris avec l’un ou l’autre de ces médicaments, respecter un intervalle entre les prises (plus de 2 heures, si possible).",,résines chélatrices
INT_02408,Précaution d'emploi,Risque d’augmentation des concentrations plasmatiques de l'atrovastatine par augmentation de son absorption intestinale par le ponatinib.,Surveillance clinique et biologique étroite pendant l’association.,,inhibiteurs de tyrosine kinases métabolisés - substrats à risque du CYP3A4
INT_02409,Précaution d'emploi,Risque d’augmentation des concentrations plasmatiques de la colchicine par augmentation de son absorption intestinale par le ponatinib.,Surveillance clinique et biologique étroite pendant l’association.,,inhibiteurs de tyrosine kinases métabolisés - substrats à risque du CYP3A4
INT_02410,Précaution d'emploi,Risque d’augmentation des concentrations plasmatiques du dabigatran par augmentation de son absorption intestinale par le ponatinib.,Surveillance clinique et biologique étroite pendant l’association.,,inhibiteurs de tyrosine kinases métabolisés - substrats à risque du CYP3A4
INT_02411,Précaution d'emploi,Risque d’augmentation des concentrations plasmatiques de la digoxine par augmentation de son absorption intestinale par le ponatinib.,Surveillance clinique et biologique étroite pendant l’association.,,inhibiteurs de tyrosine kinases métabolisés - substrats à risque du CYP3A4
INT_02412,Précaution d'emploi,Risque d’augmentation des concentrations plasmatiques du méthotrexate par augmentation de son absorption intestinale par le ponatinib.,Surveillance clinique et biologique étroite pendant l’association.,,inhibiteurs de tyrosine kinases métabolisés - substrats à risque du CYP3A4
INT_02413,Précaution d'emploi,Risque d’augmentation des concentrations plasmatiques de la pravastatine par augmentation de son absorption intestinale par le ponatinib.,Surveillance clinique et biologique étroite pendant l’association.,,inhibiteurs de tyrosine kinases métabolisés - substrats à risque du CYP3A4
INT_02414,Précaution d'emploi,Risque d’augmentation des concentrations plasmatiques de la rosuvastatine par augmentation de son absorption intestinale par le ponatinib.,Surveillance clinique et biologique étroite pendant l’association.,,inhibiteurs de tyrosine kinases métabolisés - substrats à risque du CYP3A4
INT_02415,Précaution d'emploi,Risque d’augmentation des concentrations plasmatiques de la simvastatine par augmentation de son absorption intestinale par le ponatinib.,Surveillance clinique et biologique étroite pendant l’association.,,inhibiteurs de tyrosine kinases métabolisés - substrats à risque du CYP3A4
INT_02416,Précaution d'emploi,Risque d’augmentation des concentrations plasmatiques de la sulfasalazine par augmentation de son absorption intestinale par le ponatinib.,Surveillance clinique et biologique étroite pendant l’association.,,inhibiteurs de tyrosine kinases métabolisés - substrats à risque du CYP3A4
INT_02417,Association DECONSEILLEE,Potentialisation des effets bradycardisants pouvant avoir des conséquences fatales. Les bêta-bloquants sont d’autant plus à risque qu’ils empêchent les mécanismes de compensation adrénergique.,"Surveillance clinique et ECG continu pendant les 4 heures suivant la première dose, jusqu'au lendemain si nécessaire.",,
INT_02418,Contre-indication,Risque majoré d'effets indésirables (concentration-dépendants) à type de rhabdomyolyse (diminution du métabolisme hépatique de l’inhibiteur de l’HMG-CoA reductase).,,,inhibiteurs puissants du CYP3A4
INT_02419,Association DECONSEILLEE,"Diminution de l'absorption de l'azolé antifongique, par augmentation du pH intragastrique par l'antisécrétoire.",Association déconseillée: - uniquement avec la forme suspension buvable de posaconazole.,,inhibiteurs puissants du CYP3A4
INT_02420,Association DECONSEILLEE,"Diminution de l'absorption de l'azolé antifongique, par augmentation du pH intragastrique par l'antisécrétoire.",Association déconseillée: - uniquement avec la forme suspension buvable de posaconazole.,,inhibiteurs puissants du CYP3A4
INT_02421,Association DECONSEILLEE,Augmentation très importante des concentrations sanguines de l'immunosuppresseur par inhibition de son métabolisme hépatique.,"En cas d’association, contrôle strict de la fonction rénale, dosage des concentrations sanguines de l'immunosuppresseur et adaptation éventuelle de la posologie.",,inhibiteurs puissants du CYP3A4
INT_02422,Association DECONSEILLEE,"Risque d'accroissement des effets indésirables de la rifabutine (uvéites), par augmentation de ses concentrations et de celles de son métabolite actif.","Surveillance clinique et biologique régulière, notamment en début d'association.",,inhibiteurs puissants du CYP3A4
INT_02423,Association DECONSEILLEE,Diminution des concentrations plasmatiques et de l'efficacité des deux anti-infectieux (induction enzymatique par la rifampicine et diminution de l'absorption intestinale par l’azolé antifongique).,,,inhibiteurs puissants du CYP3A4
INT_02424,Précaution d'emploi,"Augmentation de la digoxinémie avec nausées, vomissements, troubles du rythme.","Surveillance clinique et, s'il y a lieu, de l'ECG et de la digoxinémie, avec adaptation de la posologie de la digoxine pendant le traitement par le posaconazole et après son arrêt.",,inhibiteurs puissants du CYP3A4
INT_02425,Précaution d'emploi,Diminution des concentrations plasmatiques et de l'efficacité du posaconazole.,"Surveillance clinique. Si possible, dosages plasmatiques du posaconazole et adaptation éventuelle de sa posologie.",,inhibiteurs puissants du CYP3A4
INT_02426,A prendre en compte,Augmentation des concentrations plasmatiques de l'atazanavir et du risque d'hyperbilirubinémie.,,,inhibiteurs puissants du CYP3A4
INT_02427,Association DECONSEILLEE,"Pour une quantité de potassium > à 1 mmol/prise, hyperkaliémie potentiellement létale, notamment chez l'insuffisant rénale (addition des effets hyperkaliémiants).",Sauf en cas d'hypokaliémie.,,hyperkaliémiants
INT_02428,Association DECONSEILLEE,"Pour une quantité de potassium > à 1 mmol/prise, hyperkaliémie potentiellement létale, notamment chez l'insuffisant rénale ( addition des effets hyperkaliémiants).",Sauf en cas d'hypokaliémie.,,hyperkaliémiants
INT_02429,Association DECONSEILLEE,"Pour une quantité de potassium > à 1 mmol/prise, hyperkaliémie potentiellement létale, notamment chez l'insuffisant rénal (addition des effets hyperkaliémiants).",Sauf en cas d'hypokaliémie.,,hyperkaliémiants
INT_02430,Association DECONSEILLEE,"Pour une quantité de potassium > à 1 mmol/prise, hyperkaliémie potentiellement létale, notamment chez l'insuffisant rénale ( addition des effets hyperkaliémiants).",Sauf s'il existe une hypokaliémie.,,hyperkaliémiants
INT_02431,Association DECONSEILLEE,"Pour une quantité de potassium > à 1 mmol/prise, hyperkaliémie potentiellement létale, notamment chez l'insuffisant rénale (addition des effets hyperkaliémiants).",Sauf en cas d'hypokaliémie.,,hyperkaliémiants
INT_02432,Association DECONSEILLEE,"Erythèmes, phlyctènes, voire nécrose cutanéo-muqueuse (formation d'un complexe caustique en cas d'utilisation concomitante d'antiseptiques iodés et mercuriels). L'interaction dépend de la stabilité de l'organo-mercuriel au niveau cutané et de la sensibilité individuelle.",,,
INT_02433,Précaution d'emploi,"Augmentation des concentrations de pravastatine, avec risque musculaire non exclu.",Surveillance clinique et biologique pendant l’association. Débuter le traitement à la dose minimale de pravastatine.,,inhibiteurs de l'HMG-CoA réductase (statines) - médicaments à l'origine d'atteintes
INT_02434,Précaution d'emploi,Augmentation de la concentration plasmatique de la pravastatine par la clarithromycine.,Surveillance clinique et biologique pendant le traitement par l'antibiotique.,,inhibiteurs de l'HMG-CoA réductase (statines) - médicaments à l'origine d'atteintes
INT_02435,Précaution d'emploi,Avec l'érythromycine utilisée par voie orale : augmentation de la concentration plasmatique de la pravastatine par l' érythromycine.,Surveillance clinique et biologique pendant le traitement par l'antibiotique.,,inhibiteurs de l'HMG-CoA réductase (statines) - médicaments à l'origine d'atteintes
INT_02436,Précaution d'emploi,Risque d’augmentation des concentrations plasmatiques de la pravastatine par augmentation de son absorption intestinale par le ponatinib.,Surveillance clinique et biologique étroite pendant l’association.,,inhibiteurs de l'HMG-CoA réductase (statines) - médicaments à l'origine d'atteintes
INT_02437,Contre-indication,"Diminution très importante des concentrations plasmatiques du praziquantel, avec risque d'échec du traitement, par augmentation du métabolisme hépatique du praziquantel par la rifampicine.",,,
INT_02438,Association DECONSEILLEE,"Diminution très importante des concentrations plasmatiques du praziquantel, avec risque d'échec du traitement, par augmentation de son métabolisme hépatique par l'inducteur.",,,
INT_02439,Précaution d'emploi,"Diminution des concentrations plasmatiques du praziquantel, avec risque d'échec du traitement, par augmentation du métabolisme hépatique du praziquantel par la dexaméthasone.",Décaler l'administration des deux médicaments d'au moins une semaine.,,
INT_02440,A prendre en compte,"Augmentation des effets de la prednisolone : aspect cushingoïde, réduction de la tolérance aux glucides (diminution de la clairance de la prednisolone).",,,"corticoïdes - corticoïdes (voie intra-articulaire) - corticoïdes métabolisés, notamment"
INT_02441,Précaution d'emploi,Diminution des concentrations plasmatiques de l’afatinib par augmentation de son métabolisme par la primidone.,Surveillance clinique pendant l’association et 1 à 2 semaines après leur arrêt.,,anticonvulsivants métabolisés - barbituriques - inducteurs enzymatiques - inducteurs
INT_02442,Contre-indication,Augmentation des effets indésirables de la colchicine aux conséquences potentiellement fatales.,,,
INT_02443,Précaution d'emploi,Augmentation de l'effet de l'antivitamine K et du risque hémorragique.,Contrôle plus fréquent de l'INR. Adaptation éventuelle de la posologie de l'antivitamine K pendant le traitement par la pristinamycine et après son arrêt.,,
INT_02444,Précaution d'emploi,Augmentation des concentrations sanguines de l'immunosuppresseur par inhibition de son métabolisme hépatique.,"Dosage des concentrations sanguines de l'immunosuppresseur, contrôle de la fonction rénale et adaptation de sa posologie pendant l'association et après son arrêt.",,
INT_02445,Contre-indication,Augmentation de la toxicité du méthotrexate : inhibition de la sécrétion tubulaire rénale du méthotrexate par le probénécide.,,,
INT_02446,Association DECONSEILLEE,Diminution de l’effet uricosurique par compétition de l’élimination de l’acide urique au niveau des tubules rénaux.,,,
INT_02447,Précaution d'emploi,Risque de surdosage par augmentation des concentrations plasmatiques de diprophylline (inhibition de sa sécrétion tubulaire rénale).,Réduire la posologie de diprophylline pendant le traitement par le probénécide.,,
INT_02448,A prendre en compte,"Augmentation des réactions d'hypersensibilité (hyperéosinophilie, rash), par augmentation du métabolisme de la procarbazine par l'inducteur.",,,antabuse (réaction) - cytotoxiques
INT_02449,Contre-indication,"Risque important d'acidose lactique par hémoconcentration de la metformine, dans le cas d'un arrêt cardio-respiratoire induit par l'examen radiologique, avec insuffisance rénale aiguë. Risque important d'acidose lactique par hémoconcentration de la",Le traitement par la metformine doit être suspendu au moment de l'examen radiologique pour n'être repris que 2 jours après.,,
INT_02450,Précaution d'emploi,"En cas de déshydratation provoquée par les diurétiques, risque majoré d'insuffisance rénale fonctionnelle aiguë, en particulier lors d'utilisation de doses importantes de produits de contraste iodés.",Réhydratation avant administration du produit iodé.,,
INT_02451,A prendre en compte,"Majoration du risque de réaction aux produits de contraste en cas de traitement antérieur par interleukine 2 : éruption cutanée ou plus rarement hypotension, oligurie voire insuffisance rénale.",,,
INT_02452,Contre-indication,"Diminution des concentrations plasmatiques du contraceptif hormonal, en raison de l'effet inducteur enzymatique du millepertuis, avec risque de baisse d'efficacité voire d'annulation de l'effet dont les conséquences peuvent être éventuellement graves (survenue d'une grossesse).",,,
INT_02453,Association DECONSEILLEE,"Diminution de l'efficacité contraceptive du contraceptif hormonal, par augmentation de son métabolisme hépatique par l'inducteur.","Utiliser de préférence une autre méthode contraceptive, en particulier de type mécanique, pendant la durée de l'association et un cycle suivant.",,
INT_02454,Association DECONSEILLEE,"Risque de diminution de l'efficacité contraceptive par diminution des concentrations en contraceptif hormonal, dûe à l'augmentation de son métabolisme hépatique par le ritonavir.","Utiliser de préférence une autre méthode contraceptive, en particulier de type mécanique (préservatif ou stérilet), pendant la durée de l'association et un cycle suivant.",,
INT_02455,Association DECONSEILLEE,Pour des doses de pérampanel >= 12 mg/jour : Risque de diminution de l’efficacité contraceptive.,"Utiliser de préférence une autre méthode contraceptive, en particulier de type mécanique.",,
INT_02456,Association DECONSEILLEE,"Dans l'indication contraception d'urgence : Antagonisme des effets de l’ulipristal en cas de reprise d’un contraceptif hormonal moins de 5 jours après la prise de la contraception d’urgence. Dans l’indication fibrome : Antagonisme réciproque des effets de l’ulipristal et du progestatif, avec risque d’inefficacité. PROGESTATIFS NON CONTRACEPTIFS, ASSOCIÉS OU NON (chlormadinone, dydrogesterone, hydroxyprogesterone, medrogestone, medroxyprogesterone,","- Dans l'indication contraception d'urgence: Dans le cas où la (re)prise d’une contraception hormonale est envisagée, utiliser une contraception additionnelle de type mécanique pendant les 12 jours qui suivent la (dernière) prise de l’ulipristal (au cas où il y en aurait eu plus d’une). - Dans l’indication fibrome : Dans le cas où la (re)prise d’une contraception hormonale est envisagée, utiliser une contraception de type mécanique pendant les 7 premiers jours de la contraception hormonale. À UN ESTROGÈNE megestrol, nomegestrol, norethisterone, progesterone, promegestone)",,
INT_02457,Précaution d'emploi,"(Sauf stérilet), diminution des concentrations du progestatif, avec risque de moindre efficacité contraceptive.","Utiliser de préférence une autre méthode contraceptive, en particulier de type mécanique, pendant la durée de l'association et un cycle suivant.",,
INT_02458,Précaution d'emploi,Risque de diminution de l'efficacité du contraceptif hormonal par augmentation de son métabolisme hépatique.,"Utiliser une méthode contraceptive fiable, additionnelle ou alternative, pendant la durée de l'association et un cycle suivant.",,
INT_02459,Précaution d'emploi,Risque de diminution de l'efficacité du contraceptif hormonal par augmentation de son métabolisme hépatique.,"Utiliser une méthode contraceptive fiable, additionnelle ou alternative, pendant la durée de l'association et un cycle suivant.",,
INT_02460,Précaution d'emploi,Diminution de l'efficacité du progestatif.,Surveillance clinique et adaptation éventuelle de la posologie du traitement hormonal pendant l'administration de l'inducteur et après son arrêt.,,
INT_02461,A prendre en compte,"Dans l’indication fibrome : Antagonisme réciproque des effets de l’ulipristal et du progestatif, avec risque d’inefficacité.",,,
INT_02462,Précaution d'emploi,Risque d’augmentation de l’effet de l’antivitamine K et du risque hémorragique.,Contrôle plus fréquent de l’INR. Adaptation éventuelle de la posologie de l’antivitamine K pendant le traitement par le proguanil et après son arrêt.,,"substances à absorption réduite par les topiques gastro-intestinaux, antiacides"
INT_02463,Précaution d'emploi,Risque d’hypothyroïdie clinique chez les patients substitués par hormones thyroïdiennes.,"Surveillance clinique et biologique. Adaptation, si besoin, de la posologie des hormones thyroïdiennes pendant le traitement par l’antipaludique et après son arrêt.",,"substances à absorption réduite par les topiques gastro-intestinaux, antiacides"
INT_02464,Précaution d'emploi,"Risque d'augmentation des effets indésirables de la propafénone, par diminution de son métabolisme hépatique par l'abiratérone.","Surveillance clinique. Si besoin, adaptation de la posologie de la propafénone pendant le traitement par l'abiratérone.",,antiarythmiques
INT_02465,Précaution d'emploi,Risque d'augmentation des effets indésirables de la propafénone par diminution de son métabolisme hépatique par le bupropion.,"Surveillance clinique. Si besoin, adaptation de la posologie de la propafénone pendant le traitement par le bupropion.",,antiarythmiques
INT_02466,Précaution d'emploi,"Troubles de la contractilité, de l'automatisme et de la conduction (suppression des mécanismes sympathiques compensateurs).",Surveillance clinique et ECG.,,antiarythmiques
INT_02467,Précaution d'emploi,"Augmentation des concentrations plasmatiques de propafénone avec risque de surdosage, par diminution de son métabolisme hépatique par le cinacalcet.",Surveillance clinique et réduction de la posologie de la propafénone pendant le traitement par cinacalcet.,,antiarythmiques
INT_02468,Précaution d'emploi,"Augmentation des concentrations plasmatiques de propafénone, avec risque de surdosage, par diminution de son métabolisme hépatique par la darifénacine.",Surveillance clinique et réduction de la posologie de la propafénone pendant le traitement par darifénacine.,,antiarythmiques
INT_02469,Précaution d'emploi,"Risque d’augmentation de la digoxinémie, notamment chez le sujet âgé.",Surveillance clinique et éventuellement de la digoxinémie pendant le traitement par propafénone et après son arrêt.,,antiarythmiques
INT_02470,Précaution d'emploi,"Augmentation des concentrations plasmatiques de propafénone avec risque de surdosage, par diminution de son métabolisme hépatique par la duloxétine.",Surveillance clinique et réduction de la posologie de la propafénone pendant le traitement par la duloxétine et après son arrêt.,,antiarythmiques
INT_02471,Précaution d'emploi,"Troubles de la contractilité, de l'automatisme et de la conduction (suppression des mécanismes sympathiques compensateurs).",Surveillance clinique et ECG.,,antiarythmiques
INT_02472,Précaution d'emploi,Diminution des concentrations plasmatiques de la propafénone par augmentation de son métabolisme hépatique par l'inducteur.,"Surveillance clinique et ECG. S'il y a lieu, adaptation de la posologie de la propafénone pendant l'association et après l'arrêt de l'inducteur.",,antiarythmiques
INT_02473,Précaution d'emploi,Diminution des concentrations plasmatiques de la propafénone par augmentation de son métabolisme hépatique par le millepertuis.,"Surveillance clinique et ECG. S'il y a lieu, adaptation de la posologie de la propafénone pendant l'association et après l'arrêt du millepertuis.",,antiarythmiques
INT_02474,Précaution d'emploi,Augmentation des concentrations plasmatiques de la propafénone par diminution de son métabolisme par le mirabégron.,Surveillance clinique et réduction éventuelle de la posologie de la propafénone pendant l'association.,,antiarythmiques
INT_02475,Précaution d'emploi,"Diminution des concentrations plasmatiques de la propafénone, par augmentation de son métabolisme hépatique par la rifampicine.","Surveillance clinique et ECG. S'il y a lieu, adaptation de la posologie de la propafénone pendant l'association et après l'arrêt de la rifampicine.",,antiarythmiques
INT_02476,Précaution d'emploi,"Augmentation des concentrations plasmatiques de propafénone avec risque de surdosage, par diminution de son métabolisme hépatique par le rolapitant.",Surveillance clinique et réduction de la posologie de la propafénone pendant le traitement par le rolapitant et après son arrêt.,,antiarythmiques
INT_02477,Précaution d'emploi,"Risque d'augmentation des effets indésirables de la propafénone, par diminution de son métabolisme hépatique par la terbinafine.","Surveillance clinique. Si besoin, adaptation de la posologie de la propafénone pendant le traitement par la terbinafine.",,antiarythmiques
INT_02478,Précaution d'emploi,Risque d’augmentation de la théophyllinémie par diminution de son métabolisme hépatique par la propafénone.,Surveillance clinique et éventuellement de la théophyllinémie.,,antiarythmiques
INT_02479,Précaution d'emploi,Ergotisme : quelques cas de spasme artériel avec ischémie des extrémités ont été observés (addition d'effets vasculaires).,"Surveillance clinique renforcée, en particulier pendant les premières semaines de l'association.",,antihypertenseurs sauf alpha-bloquants - bradycardisants - bêta-bloquants
INT_02480,Précaution d'emploi,"Augmentation des concentrations plasmatiques de propranolol par inhibition de son métabolisme hépatique, avec majoration de l'activité et des effets indésirables, par exemple : bradycardie importante.","Surveillance clinique accrue et, si besoin, adaptation de la posologie du propranolol pendant le traitement par la fluvoxamine et après son arrêt.",,antihypertenseurs sauf alpha-bloquants - bradycardisants - bêta-bloquants
INT_02481,A prendre en compte,Diminution des concentrations plasmatiques du propranolol avec réduction de ses effets cliniques (augmentation de son métabolisme hépatique).,,,antihypertenseurs sauf alpha-bloquants - bradycardisants - bêta-bloquants
INT_02482,A prendre en compte,Diminution des concentrations plasmatiques et de l'efficacité du bêta-bloquant (augmentation de son métabolisme hépatique).,,,antihypertenseurs sauf alpha-bloquants - bradycardisants - bêta-bloquants
INT_02483,Contre-indication,"Risque de rupture du préservatif lors de l'utilisation avec des corps gras ou des lubrifiants contenant des huiles minérales (huile de paraffine, huile de silicone, etc...).","Utiliser un lubrifiant hydrosoluble (glycérine, polyacrylamide...).",,
INT_02484,Précaution d'emploi,Addition des effets hépatotoxiques.,Surveillance clinique et biologique.,,
INT_02485,Précaution d'emploi,"Anémie mégaloblastique, plus particulièrement à fortes doses des deux produits (déficit en acide folique par l'association de deux 2-4 diaminopyrimidines).",Contrôle régulier de l'hémogramme et association d'un traitement par l'acide folique (injections IM régulières).,,
INT_02486,Association DECONSEILLEE,"Risque de survenue de crises convulsives, par diminution rapide des concentrations plasmatiques de l’acide valproïque, pouvant devenir indétectables.",,,
INT_02487,Association DECONSEILLEE,Augmentation des effets et de la toxicité hématologique du méthotrexate : inhibition de la sécrétion tubulaire rénale du méthotrexate par les pénicillines.,,,
INT_02488,A prendre en compte,Risque accru de réactions cutanées.,,,
INT_02489,A prendre en compte,"Diminution des concentrations de l’acide mycophénolique d’environ un tiers, avec risque potentiel de baisse d’efficacité.",,,
INT_02490,Association DECONSEILLEE,"Pour des doses de pérampanel > ou = à 12 mg/jour, risque de diminution de l'efficacité de la cyprotérone.","Dans son utilisation comme contraceptif hormonal: utiliser de préférence une autre méthode de contraception en particulier de type mécanique, pendant la durée de l'association et un cycle suivant.",,anticonvulsivants métabolisés - médicaments sédatifs
INT_02491,Association DECONSEILLEE,Pour des doses de pérampanel >= 12 mg/jour : Risque de diminution de l’efficacité contraceptive.,"Utiliser de préférence une autre méthode contraceptive, en particulier de type mécanique.",,anticonvulsivants métabolisés - médicaments sédatifs
INT_02492,A prendre en compte,Diminution importante (jusqu’aux deux-tiers) des concentrations de pérampanel.,,,anticonvulsivants métabolisés - médicaments sédatifs
INT_02493,A prendre en compte,Diminution de moitié des concentrations de pérampanel et légère augmentation de celles de l’oxcarbazépine.,,,anticonvulsivants métabolisés - médicaments sédatifs
INT_02494,A prendre en compte,Diminution importante (jusqu’aux deux-tiers) des concentrations de pérampanel.,,,anticonvulsivants métabolisés - médicaments sédatifs
INT_02495,Contre-indication,"Augmentation importante des concentrations de quétiapine, avec risque de surdosage.",,,médicaments abaissant le seuil épileptogène - médicaments atropiniques
INT_02496,Contre-indication,Augmentation des concentrations plasmatiques de la quétiapine par diminution de son métabolisme hépatique par la bithérapie.,,,médicaments abaissant le seuil épileptogène - médicaments atropiniques
INT_02497,Association DECONSEILLEE,"Diminution très importante des concentrations plasmatiques de quétiapine par augmentation de son métabolisme hépatique par l'inducteur, avec risque d’inefficacité.",,,médicaments abaissant le seuil épileptogène - médicaments atropiniques
INT_02498,Association DECONSEILLEE,"Diminution très importante des concentrations plasmatiques de quétiapine par augmentation de son métabolisme hépatique par l'inducteur, avec risque d’inefficacité.",,,médicaments abaissant le seuil épileptogène - médicaments atropiniques
INT_02499,Association DECONSEILLEE,"Diminution très importante des concentrations plasmatiques de quétiapine par augmentation de son métabolisme hépatique par l'inducteur, avec risque d’inefficacité.",,,médicaments abaissant le seuil épileptogène - médicaments atropiniques
INT_02500,A prendre en compte,"Possible augmentation des concentrations de méthadone, avec signes de surdosage.",,,médicaments abaissant le seuil épileptogène - médicaments atropiniques
INT_02501,Contre-indication,Risque de majoration des effets indésirables de la quinidine par diminution de son métabolisme par le cobicistat.,Surveillance clinique.,,antiarythmiques - antiarythmiques classe Ia - bradycardisants - médicaments
INT_02502,Contre-indication,"Risque majoré de troubles du rythme ventriculaire, notamment de torsades de pointes.",,,antiarythmiques - antiarythmiques classe Ia - bradycardisants - médicaments
INT_02503,Contre-indication,Augmentation des concentrations plasmatiques de la quinidine par diminution de son métabolisme hépatique par la bithérapie.,,,antiarythmiques - antiarythmiques classe Ia - bradycardisants - médicaments
INT_02504,Contre-indication,Augmentation possiblement très importante de l’exposition des métabolites actifs de la tétrabénazine.,,,antiarythmiques - antiarythmiques classe Ia - bradycardisants - médicaments
INT_02505,Contre-indication,"Risque majoré de troubles du rythme ventriculaire, notamment de torsades de pointes.",,,antiarythmiques - antiarythmiques classe Ia - bradycardisants - médicaments
INT_02506,Association DECONSEILLEE,Diminution de l’efficacité de l’opiacé par inhibition de son métabolisme par l’inhibiteur.,,,antiarythmiques - antiarythmiques classe Ia - bradycardisants - médicaments
INT_02507,Association DECONSEILLEE,"Risque de baisse de l'efficacité du tamoxifène, par inhibition de la formation de son métabolite actif par la quinidine.",,,antiarythmiques - antiarythmiques classe Ia - bradycardisants - médicaments
INT_02508,Association DECONSEILLEE,Diminution de l’efficacité de l’opiacé par inhibition de son métabolisme par l’inhibiteur.,,,antiarythmiques - antiarythmiques classe Ia - bradycardisants - médicaments
INT_02509,Association DECONSEILLEE,"Risque de majoration importante des effets hémodynamiques du vérapamil, avec hypotension et bradycardie sévères.",,,antiarythmiques - antiarythmiques classe Ia - bradycardisants - médicaments
INT_02510,Précaution d'emploi,Augmentation des concentrations plasmatiques de la quinidine et risque de surdosage (diminution de l'excrétion rénale de la quinidine par alcalinisation des urines).,"Surveillance clinique, ECG et éventuellement contrôle de la quinidinémie ; si besoin, adaptation de la posologie pendant le traitement alcalinisant et après son arrêt.",,antiarythmiques - antiarythmiques classe Ia - bradycardisants - médicaments
INT_02511,Précaution d'emploi,"Augmentation des concentrations plasmatiques de dabigatran, avec majoration du risque de saignement.",Dans l'indication post-chirurgicale : surveillance clinique et adaptation de la posologie du dabigatran à 150 mg/j en une prise.,,antiarythmiques - antiarythmiques classe Ia - bradycardisants - médicaments
INT_02512,Précaution d'emploi,"Augmentation de la digoxinémie par diminution de la clairance rénale de la digoxine. De plus, troubles de l'automatisme (bradycardie excessive et troubles de la conduction auriculo- ventriculaire).","Surveillance clinique et ECG. En cas de réponse inattendue, contrôler la digoxinémie et adapter la posologie.",,antiarythmiques - antiarythmiques classe Ia - bradycardisants - médicaments
INT_02513,Précaution d'emploi,"Risque de bradycardie ou de bloc auriculo-ventriculaire, notamment chez le sujet âgé. Par ailleurs, légère augmentation des concentrations de dronédarone par diminution de son métabolisme par la quinidine.","Débuter le traitement par la quinidine aux posologies minimales recommandées, et ajuster les doses en fonction de l’ECG.",,antiarythmiques - antiarythmiques classe Ia - bradycardisants - médicaments
INT_02514,Précaution d'emploi,"Risque majoré de troubles du rythme ventriculaire, notamment de torsades de pointes, ainsi que d'acouphènes et/ou de diminution de l'acuité auditive (cinchonisme), par diminution du métabolisme hépatique de la quinidine.",Surveillance clinique.,,antiarythmiques - antiarythmiques classe Ia - bradycardisants - médicaments
INT_02515,Précaution d'emploi,"Risque majoré de troubles du rythme ventriculaire, notamment de torsades de pointes.",Surveillance clinique.,,antiarythmiques - antiarythmiques classe Ia - bradycardisants - médicaments
INT_02516,Précaution d'emploi,Augmentation des concentrations de talazoparib avec risque de majoration de la toxicité.,Réduire la dose de talazoparib.,,antiarythmiques - antiarythmiques classe Ia - bradycardisants - médicaments
INT_02517,Précaution d'emploi,"Risque majoré de troubles du rythme ventriculaire, notamment de torsades de pointes (inhibition du métabolisme hépatique du médicament torsadogène).",Surveillance clinique.,,antiarythmiques - antiarythmiques classe Ia - bradycardisants - médicaments
INT_02518,Association DECONSEILLEE,"Risque de majoration des effets indésirables de la quinine, notamment troubles du rythme ventriculaire et troubles neurosensoriels (cinchonisme).","Association déconseillée : - avec les inhibiteurs de protéases Précaution d’emploi : - avec les azolés antifongiques, certains macrolides, le tucatinib. Surveillance clinique et ECG. Adaptation éventuelle de la posologie de la quinine pendant le traitement par l’inhibiteur enzymatique et après son arrêt.",Yes,substrats à risque du CYP3A4
INT_02519,Association DECONSEILLEE,Pour la quinine administrée par voie IV : risque majoré de survenue de crises épileptiques par addition des effets proconvulsivants.,Respecter un délai minimum de 12 heures entre la fin de l'administration IV de quinine et le début de l'administration de méfloquine.,,substrats à risque du CYP3A4
INT_02520,Association DECONSEILLEE,Risque de perte de l’efficacité de la quinine par augmentation de son métabolisme hépatique par l’inducteur.,,,substrats à risque du CYP3A4
INT_02521,Précaution d'emploi,Augmentation modérée de la digoxinémie.,"Surveillance clinique et ECG, si besoin, avec adaptation éventuelle des doses de digoxine.",,substrats à risque du CYP3A4
INT_02522,Précaution d'emploi,Risque de perte de l’efficacité de la quinine par augmentation de son métabolisme hépatique par l’inducteur.,Surveillance clinique et adaptation de la posologie de la quinine pendant le traitement par l’inducteur et après son arrêt.,,substrats à risque du CYP3A4
INT_02523,Contre-indication,Ergotisme avec possibilité de nécrose des extrémités (inhibition du métabolisme hépatique de l'alcaloïde de l'ergot de seigle).,,,
INT_02524,Contre-indication,Ergotisme avec possibilité de nécrose des extrémités (inhibition du métabolisme hépatique de l'alcaloïde de l'ergot de seigle).,,,
INT_02525,Association DECONSEILLEE,"Risque majoré de troubles du rythme ventriculaire, notamment de torsades de pointes.",,,
INT_02526,Précaution d'emploi,Augmentation des concentrations sanguines de l'immunosuppresseur par inhibition de son métabolisme hépatique.,"Dosage des concentrations sanguines de l'immunosuppresseur, contrôle de la fonction rénale et adaptation de la posologie pendant l'association et après son arrêt.",,
INT_02527,Association DECONSEILLEE,Diminution des concentrations du raltégravir par la rifampicine.,"Si l’association ne peut être évitée, un doublement de la dose de raltégravir peut être envisagé.",,"inhibiteurs d'intégrase - substances à absorption réduite par les topiques gastro-intestinaux,"
INT_02528,Contre-indication,Augmentation des concentrations de ranolazine par diminution de son métabolisme par l'inhibiteur.,,,
INT_02529,Association DECONSEILLEE,Risque de diminution importante des concentrations de ranolazine.,,,
INT_02530,Association DECONSEILLEE,Diminution très importante des concentrations de ranolazine.,,,
INT_02531,Précaution d'emploi,Risque majoré d'effets indésirables (concentration-dépendants) à type de rhabdomyolyse par inhibition du métabolisme de l'atorvastatine par la ranolazine.,Utiliser des doses plus faibles d’hypocholestérolémiant ou une autre statine non concernée par ce type d’interaction.,,
INT_02532,Précaution d'emploi,Augmentation de la digoxinémie.,"Surveillance clinique, biologique et éventuellement ECG. Adaptation de la posologie de la digoxine, si besoin.",,
INT_02533,Précaution d'emploi,Augmentation des concentrations sanguines de l'immunosuppresseur par inhibition de son métabolisme par la ranolazine.,"Surveillance clinique et biologique, et adaptation éventuelle de la posologie de l’immunosuppresseur.",,
INT_02534,Précaution d'emploi,Risque majoré d'effets indésirables (concentration-dépendants) à type de rhabdomyolyse par inhibition du métabolisme de la simvastatine par la ranolazine.,Ne pas dépasser la posologie de 20 mg/j de simvastatine ou utiliser une autre statine non concernée par ce type d’interaction.,,
INT_02535,Contre-indication,"Risque d'hypoglycémie sévère voire de coma, par augmentation importante des concentrations plasmatiques de repaglinide par le gemfibrozil.",,,glinides
INT_02536,Association DECONSEILLEE,Augmentation de plus du double des concentrations du répaglinide par augmentation de son absorption.,,,glinides
INT_02537,Association DECONSEILLEE,"Risque d’augmentation des concentrations plasmatique de répaglinide, par inhibition de son métabolisme hépatique par le deferasirox.","Si l’association ne peut être évitée, surveillance clinique et biologique étroite.",,glinides
INT_02538,Association DECONSEILLEE,"Augmentation importante des concentrations plasmatiques de répaglinide, avec risque d'hypoglycémie, par diminution du métabolisme du répaglinide par le selpercatinib.",,,glinides
INT_02539,Association DECONSEILLEE,Risque d’augmentation des concentrations plasmatiques de répaglinide par inhibition de son métabolisme hépatique par le triméthoprime.,"Si l’association ne peut être évitée, surveillance clinique et biologique étroite.",,glinides
INT_02540,Précaution d'emploi,"Risque d'hypoglycémie ou d'hyperglycémie : diminution ou augmentation des besoins en repaglidine, par diminution ou augmentation de la sécrétion de glucagon endogène.",Renforcer l'autosurveillance glycémique et adapter si besoin la posologie de la repaglidine pendant le traitement par l'analogue de la somatostatine.,,glinides
INT_02541,Précaution d'emploi,Risque d'hypoglycémie par augmentation des concentrations plasmatiques du répaglinide.,"Prévenir le patient, renforcer l'autosurveillance glycémique et adapter éventuellement la posologie de l'hypoglycémiant pendant le traitement par la clarithromycine.",,glinides
INT_02542,A prendre en compte,"Augmentation des concentrations du répaglinide par le clopidogrel, avec risque de majoration des effets indésirables.",,,glinides
INT_02543,Contre-indication,"Agitation psychomotrice, convulsions, hypertension.",,,
INT_02544,Contre-indication,Inhibition des effets de la lévodopa.,,,
INT_02545,Association DECONSEILLEE,"Risque majoré d'effets indésirables graves, par inhibition du métabolisme de l'immunomodulateur par la ribavirine.",,,
INT_02546,Association DECONSEILLEE,Risque de majoration de la toxicité mitochondriale de la didanosine par augmentation de son métabolite actif.,,,
INT_02547,Précaution d'emploi,"Risque de diminution de l'efficacité de chaque antiviral, par antagonisme compétitif de la réaction de phosphorylation à l'origine des métabolites actifs.","Surveillance clinique et biologique régulière, notamment en début d'association.",,
INT_02548,Précaution d'emploi,"Risque de diminution de l'efficacité de chaque antiviral, par antagonisme compétitif de la réaction de phosphorylation à l'origine des métabolites actifs.","Surveillance clinique et biologique régulière, notamment en début d'association.",,
INT_02549,Contre-indication,"Diminution des concentrations plasmatiques de lédipasvir par la rifabutine, avec possible retentissement sur l’efficacité.",,,inducteurs enzymatiques
INT_02550,Contre-indication,"Diminution des concentrations plasmatiques de velpatasvir par la rifabutine, avec possible retentissement sur l’efficacité.",,,inducteurs enzymatiques
INT_02551,Association DECONSEILLEE,"Risque d'accroissement des effets indésirables de la rifabutine (uvéites), par augmentation de ses concentrations et de celles de son métabolite actif.","Surveillance clinique et biologique régulière, notamment en début d'association.",,inducteurs enzymatiques
INT_02552,Association DECONSEILLEE,"Diminution des concentrations plasmatiques du voriconazole avec risque de perte d'efficacité, par augmentation de son métabolisme hépatique par la rifabutine d'une part, et risque d'augmentation des effets indésirables (uvéites) de la rifabutine d'autre part.","Si l'association est jugée néccessaire, surveillance clinique et adaptation de la posologie du voriconazole (en général doublée) pendant le traitement par la rifabutine.",,inducteurs enzymatiques
INT_02553,Précaution d'emploi,"Risque d'augmentation des effets indésirables de la rifabutine (uvéites) par augmentation de ses concentrations et de celle de son métabolite actif par la clarithromycine. De plus, augmentation du métabolisme de la clarithromycine par la rifabutine, avec augmentation des concentrations de son métabolite actif.","Surveillance clinique et biologique régulière, notamment en début d'association.",,inducteurs enzymatiques
INT_02554,Précaution d'emploi,"Augmentation très importante du métabolite de la rifabutine, avec risque de majoration de sa toxicité (uvéites, neutropénies). Par ailleurs, possible diminution des concentrations de cobicistat.","Réduction de la dose de rifabutine (150 mg 1 jour sur deux). Surveillance clinique et biologique régulière, notamment en début d'association.",,inducteurs enzymatiques
INT_02555,Précaution d'emploi,"Diminution importante des concentrations de rifabutine, par augmentation de son métabolisme hépatique par l’éfavirenz. Egalement, possibilité de diminution importante des concentrations d'éfavirenz par la rifabutine.",Adaptation éventuelle de la posologie de la rifabutine ou de l'éfavirenz pendant la durée de l'association.,,inducteurs enzymatiques
INT_02556,Précaution d'emploi,"Risque d'accroissement des effets indésirables de la rifabutine (uvéites), par augmentation de ses concentrations et de celles de son métabolite actif.","Surveillance clinique et biologique régulière, notamment en début d'association.",,inducteurs enzymatiques
INT_02557,Précaution d'emploi,"Décrit pour la phénytoïne, la rifampicine, la carbamazépine. Risque d'hypothyroïdie clinique chez les patients hypothyroïdiens, par augmentation du métabolisme de la T3 et de la T4.","Surveillance clinique et biologique. Adaptation, si besoin, de la posologie des hormones thyroïdiennes pendant le traitement par la rifabutine et après son arrêt.",,inducteurs enzymatiques
INT_02558,Précaution d'emploi,"Risque de baisse de l'efficacité de l'inhibiteur de protéases (ce d'autant que la posologie de la rifabutine est élevée) d'une part, et risque d'augmentation des effets indésirables (uvéites) de la rifabutine, d'autre part.","Réduction de la dose de rifabutine (150 mg 1 jour sur deux). Surveillance clinique et biologique régulière, notamment en début d'association.",,inducteurs enzymatiques
INT_02559,A prendre en compte,Diminution modérée des concentrations plasmatiques d'atovaquone par l'inducteur enzymatique.,,,inducteurs enzymatiques
INT_02560,A prendre en compte,Diminution des concentrations minimales d’elvitégravir.,,,inducteurs enzymatiques
INT_02561,Contre-indication,"Diminution très importante des concentrations de bictégravir, avec risque de perte d’efficacité.",,,inducteurs enzymatiques
INT_02562,Contre-indication,Risque de diminution de l’efficacité du cobicistat par augmentation de son métabolisme par l’inducteur.,,,inducteurs enzymatiques
INT_02563,Contre-indication,Diminution des concentrations plasmatiques de delamanid par augmentation de son métabolisme hépatique par l’inducteur.,,,inducteurs enzymatiques
INT_02564,Contre-indication,"Diminution très importante des concentrations plasmatiques de l'inhibiteur de protéases, par augmentation de son métabolisme hépatique par la rifampicine. Pour l'association (saquinavir + ritonavir) : risque de toxicité hépatocellulaire sévère.","Dans l'attente de données complémentaires avec les inhibiteurs de protéases ""boostés"".",,inducteurs enzymatiques
INT_02565,Contre-indication,Diminution importante des concentrations plasmatiques du lédipasvir par augmentation de son métabolisme hépatique par la rifampicine.,,,inducteurs enzymatiques
INT_02566,Contre-indication,"Diminution, éventuellement considérable, des concentrations de lénacapavir, avec risque de réduction de la réponse virologique.",,,inducteurs enzymatiques
INT_02567,Contre-indication,"Diminution très importante des concentrations plasmatiques du praziquantel, avec risque d'échec du traitement, par augmentation du métabolisme hépatique du praziquantel par la rifampicine.",,,inducteurs enzymatiques
INT_02568,Contre-indication,"Diminution des concentrations plasmatiques de velpatasvir par la rifampicine, avec possible retentissement sur l’efficacité.",,,inducteurs enzymatiques
INT_02569,Contre-indication,"Diminution importante des concentrations plasmatiques du voriconazole avec risque de perte d'efficacité, par augmentation de son métabolisme hépatique par la rifampicine.",,,inducteurs enzymatiques
INT_02570,Association DECONSEILLEE,"Diminution notable des concentrations plasmatiques de l’abiratérone, avec risque de moindre efficacité.",,,inducteurs enzymatiques
INT_02571,Association DECONSEILLEE,Diminution des concentrations plasmatiques de l'antagoniste du calcium par augmentation de son métabolisme hépatique.,Association déconseillée avec la nimodipine Précaution d'emploi : Surveillance clinique et adaptation éventuelle de la posologie de l'antagoniste du calcium pendant le traitement par la rifampicine et après son arrêt.,Yes,inducteurs enzymatiques
INT_02572,Association DECONSEILLEE,"Diminution des concentrations plasmatiques de l’apixaban par la rifampicine, avec risque de diminution de l’effet thérapeutique.",,,inducteurs enzymatiques
INT_02573,Association DECONSEILLEE,Diminution très importante des concentrations d'aprépitant.,,,inducteurs enzymatiques
INT_02574,Association DECONSEILLEE,"Diminution très importante des concentrations plasmatiques d'atorvastatine, par augmentation de son métabolisme hépatique par la rifampicine.",,,inducteurs enzymatiques
INT_02575,Association DECONSEILLEE,Diminution des concentrations plasmatiques d'atovaquone par l'inducteur enzymatique.,,,inducteurs enzymatiques
INT_02576,Association DECONSEILLEE,"Risque de diminution, importante pour la rifampicine, des concentrations plasmatiques de bosentan.",,,inducteurs enzymatiques
INT_02577,Association DECONSEILLEE,Diminution des concentrations plasmatiques de cannabidiol avec risque de perte d’efficacité.,,,inducteurs enzymatiques
INT_02578,Association DECONSEILLEE,"Diminution des concentrations plasmatiques de dabigatran, avec risque de diminution de l'effet thérapeutique.",,,inducteurs enzymatiques
INT_02579,Association DECONSEILLEE,Diminution des concentrations plasmatiques de dalorutamide avec risque de perte d’efficacité.,,,inducteurs enzymatiques
INT_02580,Association DECONSEILLEE,"Diminution importante des concentrations de dronédarone par augmentation de son métabolisme, sans modification notable du métabolite actif.",,,inducteurs enzymatiques
INT_02581,Association DECONSEILLEE,Diminution des concentrations plasmatiques de fentanyl par augmentation de son métabolisme hépatique par la rifampicine.,Préférer un autre morphinique.,,inducteurs enzymatiques
INT_02582,Association DECONSEILLEE,Diminution des concentrations plasmatiques et de l'efficacité du fluconazole par augmentation de son métabolisme par la rifampicine.,,,inducteurs enzymatiques
INT_02583,Association DECONSEILLEE,Diminution des concentrations plasmatiques d’idélalisib par augmentation de son métabolisme hépatique par l’inducteur.,,,inducteurs enzymatiques
INT_02584,Association DECONSEILLEE,Diminution des concentrations plasmatiques de l’inhibiteur de la 5- alpha réductase par l’inducteur enzymatique.,"Si l’association ne peut être évitée, surveillance clinique étroite.",,inducteurs enzymatiques
INT_02585,Association DECONSEILLEE,"Diminution des concentrations plasmatiques et de l’efficacité de l’inhibiteur de tyrosine kinase, par augmentation de son métabolisme par l’inducteur.",,,inducteurs enzymatiques
INT_02586,Association DECONSEILLEE,Diminution des concentrations plasmatiques et de l'efficacité des deux anti-infectieux (induction enzymatique par la rifampicine et diminution de l'absorption intestinale par l’azolé antifongique).,,,inducteurs enzymatiques
INT_02587,Association DECONSEILLEE,"Risque d'absence d'effet du midazolam, avec diminution très importante de ses concentrations plasmatiques, par augmentation de son métabolisme hépatique.",,,inducteurs enzymatiques
INT_02588,Association DECONSEILLEE,Diminution des concentrations plasmatiques de la névirapine par augmentation de son métabolisme hépatique par la rifampicine.,,,inducteurs enzymatiques
INT_02589,Association DECONSEILLEE,Diminution des concentrations plasmatiques de l'antagoniste du calcium par augmentation de son métabolisme hépatique.,Surveillance clinique et adaptation éventuelle de la posologie de l'antagoniste du calcium pendant le traitement par la rifampicine et après son arrêt.,,inducteurs enzymatiques
INT_02590,Association DECONSEILLEE,Diminution des concentrations des métabolites actifs de l’ozanimod d’environ 60%.,,,inducteurs enzymatiques
INT_02591,Association DECONSEILLEE,Diminution des concentrations plasmatiques et de l'efficacité des deux anti-infectieux (induction enzymatique par la rifampicine et diminution de l'absorption intestinale par l’azolé antifongique).,,,inducteurs enzymatiques
INT_02592,Association DECONSEILLEE,"Diminution très importante des concentrations plasmatiques de quétiapine par augmentation de son métabolisme hépatique par l'inducteur, avec risque d’inefficacité.",,,inducteurs enzymatiques
INT_02593,Association DECONSEILLEE,Risque de perte de l’efficacité de la quinine par augmentation de son métabolisme hépatique par l’inducteur.,,,inducteurs enzymatiques
INT_02594,Association DECONSEILLEE,Diminution des concentrations du raltégravir par la rifampicine.,"Si l’association ne peut être évitée, un doublement de la dose de raltégravir peut être envisagé.",,inducteurs enzymatiques
INT_02595,Association DECONSEILLEE,Diminution très importante des concentrations de ranolazine.,,,inducteurs enzymatiques
INT_02596,Association DECONSEILLEE,"Diminution des concentrations plasmatiques de rivaroxaban, avec risque de diminution de l'effet thérapeutique.",,,inducteurs enzymatiques
INT_02597,Association DECONSEILLEE,"Diminution très importante des concentrations plasmatiques de simvastatine, par augmentation de son métabolisme hépatique par la rifampicine.",,,inducteurs enzymatiques
INT_02598,Association DECONSEILLEE,"Diminution notable des concentrations plasmatiques du sotorasib, avec risque de moindre efficacité.",,,inducteurs enzymatiques
INT_02599,Association DECONSEILLEE,"Diminution très importante des concentrations plasmatiques de la télithromycine, avec risque d'échec du traitement anti-infectieux, par augmentation du métabolisme hépatique de la télithromycine par la rifampicine.",,,inducteurs enzymatiques
INT_02600,Association DECONSEILLEE,"Diminution importante des concentrations plasmatiques de ticagrelor par augmentation de son métabolisme hépatique par la rifampicine, avec risque de diminution de l’effet thérapeutique.",,,inducteurs enzymatiques
INT_02601,Association DECONSEILLEE,Diminution des concentrations plasmatiques du ténofovir alafénamide par diminution de son absorption par la rifampicine.,Surveillance clinique pendant l’association et 1 à 2 semaines après l’arrêt de la rifampicine.,,inducteurs enzymatiques
INT_02602,Association DECONSEILLEE,"Risque de diminution de l’effet de l’ulipristal, par augmentation de son métabolisme hépatique par l’inducteur.",Préférer une alternative thérapeutique peu ou pas métabolisée.,,inducteurs enzymatiques
INT_02603,Association DECONSEILLEE,"Diminution notable des concentrations plasmatiques du voxelotor, avec risque de moindre efficacité.",,,inducteurs enzymatiques
INT_02604,Association DECONSEILLEE,Diminution de moitié des concentrations de la zidovudine par augmentation de son métabolisme par la rifampicine.,"Si l'association s'avère nécessaire, surveillance clinique et biologique renforcée.",,inducteurs enzymatiques
INT_02605,Précaution d'emploi,Diminution des concentrations plasmatiques de l’afatinib par augmentation de son métabolisme par la rifampicine.,Surveillance clinique pendant l’association et 1 à 2 semaines après leur arrêt.,,inducteurs enzymatiques
INT_02606,Précaution d'emploi,"Diminution importante des concentrations plasmatiques de l’albendazole et de son métabolite actif par l’inducteur, avec risque de baisse de son efficacité.",Surveillance clinique de la réponse thérapeutique et adaptation éventuelle de la posologie de l’albendazole pendant le traitement avec l’inducteur enzymatique et après son arrêt.,,inducteurs enzymatiques
INT_02607,Précaution d'emploi,Diminution des concentrations plasmatiques et de l'efficacité de l'antiarythmique (augmentation de son métabolisme hépatique).,"Surveillance clinique, ECG et éventuellement de la concentration plasmatique de l'antiarythmique. Si besoin, adaptation de la posologie de l'antiarythmique pendant le traitement par la rifampicine et après son arrêt (risque de surdosage en antiarythmique).",,inducteurs enzymatiques
INT_02608,Précaution d'emploi,Diminution de l'effet de l'antivitamine K par augmentation de son métabolisme hépatique par la rifampicine.,Contrôle plus fréquent de l'INR. Adaptation éventuelle de la posologie de l'antivitamine K pendant le traitement par la rifampicine et 8 jours après son arrêt.,,inducteurs enzymatiques
INT_02609,Précaution d'emploi,Diminution des concentrations plasmatiques de la buspirone par augmentation de son métabolisme hépatique par la rifampicine.,Surveillance clinique et adaptation éventuelle de la posologie de la buspirone pendant le traitement par rifampicine et après son arrêt.,,inducteurs enzymatiques
INT_02610,Précaution d'emploi,Diminution des concentrations plasmatiques et de l'efficacité de la carbamazépine par augmentation de son métabolisme hépatique par la rifampicine.,"Surveillance clinique, contrôle des concentrations plasmatiques et adaptation de la posologie de la carbamazépine pendant le traitement par la rifampicine et après son arrêt.",,inducteurs enzymatiques
INT_02611,Précaution d'emploi,"Diminution importante des concentrations plasmatiques du carvédilol, par augmentation de son métabolisme hépatique par la rifampicine.","Surveillance clinique régulière et adaptation de la posologie du carvédilol pendant le traitement par la rifampicine. A l'arrêt de la rifampicine, risque de remontée importante des concentrations plasmatiques de carvédilol imposant une réduction posologique et une surveillance clinique étroite.",,inducteurs enzymatiques
INT_02612,Précaution d'emploi,"Diminution des concentrations plasmatiques et risque de baisse de l'efficacité de la clarithromycine, notamment chez le patient HIV, par augmentation de son métabolisme hépatique par la rifampicine.",Surveillance clinique et biologique régulière.,,inducteurs enzymatiques
INT_02613,Précaution d'emploi,Risque d'inefficacité du traitement antipsychotique (diminution des concentrations plasmatiques de clozapine par augmentation de son métabolisme hépatique).,Surveillance clinique et augmentation éventuelle de la posologie de la clozapine durant le traitement par la rifampicine.,,inducteurs enzymatiques
INT_02614,Précaution d'emploi,Risque de diminution des concentrations plasmatiques de déférasirox.,"Surveiller la ferritinémie pendant et après le traitement par l’inducteur enzymatique. Si besoin, adaptation de la posologie de déférasirox.",,inducteurs enzymatiques
INT_02615,Précaution d'emploi,Diminution modeste des concentrations de digoxine.,Surveillance clinique et ECG.,,inducteurs enzymatiques
INT_02616,Précaution d'emploi,Diminution des concentrations plasmatiques et de l'efficacité de l'éfavirenz par augmentation de son métabolisme hépatique par la rifampicine.,"Surveillance clinique et biologique régulière, notamment en début d'association.",,inducteurs enzymatiques
INT_02617,Précaution d'emploi,Risque de diminution des concentrations plasmatiques et de l'efficacité de l’eszopiclone par augmentation de son métabolisme hépatique par la rifampicine.,Surveillance clinique. Utiliser éventuellement un autre hypnotique.,,inducteurs enzymatiques
INT_02618,Précaution d'emploi,"Risque de diminution des concentrations plasmatiques de l'halopéridol et de son efficacité thérapeutique, par augmentation de son métabolisme hépatique par la rifampicine.","Surveillance clinique et, si besoin, adaptation posologique pendant le traitement par la rifampicine et après son arrêt.",,inducteurs enzymatiques
INT_02619,Précaution d'emploi,"Risque d'hypothyroïdie clinique chez les patients hypothyroïdiens, par augmentation du métabolisme de la T3 et de la T4.","Surveillance clinique et biologique. Adaptation, si besoin, de la posologie des hormones thyroïdiennes pendant le traitement par la rifampicine et après son arrêt.",,inducteurs enzymatiques
INT_02620,Précaution d'emploi,Augmentation de l'hépatotoxicité de l'isoniazide (augmentation de la formation de métabolites toxiques de l'isoniazide).,"Surveillance clinique et biologique de cette association classique. En cas d'hépatite, arrêter l'isoniazide.",,inducteurs enzymatiques
INT_02621,Précaution d'emploi,"Risque de diminution de l'efficacité de l’ivabradine, par augmentation de son métabolisme par la rifampicine.",Surveillance clinique et adaptation de la posologie de l’ivabradine pendant l’association et après l’arrêt de la rifampicine.,,inducteurs enzymatiques
INT_02622,Précaution d'emploi,Risque de diminution de l'efficacité du linézolide par augmentation de son métabolisme hépatique par la rifampicine.,Surveillance clinique et augmentation éventuelle de la posologie du linézolide pendant le traitement par la rifampicine.,,inducteurs enzymatiques
INT_02623,Précaution d'emploi,Diminution des concentrations plasmatiques du métronidazole par augmentation de son métabolisme hépatique par la rifampicine.,Surveillance clinique et adaptation éventuelle de la posologie de métronidazole pendant le traitement par la rifampicine et après son arrêt.,,inducteurs enzymatiques
INT_02624,Précaution d'emploi,Diminution des concentrations plasmatiques et de l'efficacité des corticoïdes par augmentation de leur métabolisme hépatique par la rifampicine ; les conséquences sont particulièrement importantes chez les addisoniens traités par l'hydrocortisone et en cas de transplantation.,Surveillance clinique et biologique ; adaptation de la posologie des corticoïdes pendant le traitement par la rifampicine et après son arrêt.,,inducteurs enzymatiques
INT_02625,Précaution d'emploi,Risque de baisse de l'efficacité du montélukast par augmentation de son métabolisme hépatique par la rifampicine.,Surveillance clinique et adaptation éventuelle de la posologie de l'antiasthmatique pendant le traitement par la rifampicine et après son arrêt.,,inducteurs enzymatiques
INT_02626,Précaution d'emploi,Diminution des concentrations plasmatiques et de l'efficacité de la morphine et de son métabolite actif.,Surveillance clinique et adaptation éventuelle de la posologie de la morphine pendant le traitement par la rifampicine et après son arrêt.,,inducteurs enzymatiques
INT_02627,Précaution d'emploi,Diminution des concentrations plasmatiques du nintédanib par diminution de son absorption par la rifampicine.,Surveillance clinique pendant l’association.,,inducteurs enzymatiques
INT_02628,Précaution d'emploi,"Diminution des concentrations plasmatiques de la propafénone, par augmentation de son métabolisme hépatique par la rifampicine.","Surveillance clinique et ECG. S'il y a lieu, adaptation de la posologie de la propafénone pendant l'association et après l'arrêt de la rifampicine.",,inducteurs enzymatiques
INT_02629,Précaution d'emploi,"Diminution des concentrations plasmatiques et de l'efficacité de la terbinafine, par augmentation de son métabolisme hépatique par la rifampicine.","Surveillance clinique. Si besoin, adaptation de la posologie de la terbinafine pendant le traitement par la rifampicine.",,inducteurs enzymatiques
INT_02630,Précaution d'emploi,Diminution des concentrations plasmatiques et de l'efficacité de la théophylline (augmentation de son métabolisme par induction enzymatique).,"Surveillance clinique et, si besoin, de la théophyllinémie. Adapter, s'il y a lieu, la posologie de la théophylline pendant le traitement par la rifampicine et après son arrêt.",,inducteurs enzymatiques
INT_02631,Précaution d'emploi,Diminution des concentrations plasmatiques de la tiagabine par augmentation de son métabolisme hépatique.,Une augmentation de la posologie de la tiagabine peut s’avérer nécessaire en cas d’association à la rifampicine.,,inducteurs enzymatiques
INT_02632,Précaution d'emploi,"Risque de survenue de crises convulsives, par augmentation du métabolisme hépatique du valproate par la rifampicine.","Surveillance clinique et biologique, et adaptation éventuelle de la posologie de l'anticonvulsivant pendant le traitement par la rifampicine et après son arrêt.",,inducteurs enzymatiques
INT_02633,Précaution d'emploi,Diminution des concentrations de vitamine D plus marquée qu’en l’absence de traitement par la rifampicine,Dosage des concentrations de vitamine D et supplémentation si nécessaire.,,inducteurs enzymatiques
INT_02634,Précaution d'emploi,Diminution des concentrations plasmatiques et de l'efficacité du zolpidem par augmentation de son métabolisme hépatique par la rifampicine.,Surveillance clinique. Utiliser éventuellement un autre hypnotique.,,inducteurs enzymatiques
INT_02635,Précaution d'emploi,Diminution des concentrations plasmatiques et de l'efficacité de la zopiclone par augmentation de son métabolisme hépatique par la rifampicine.,Surveillance clinique. Utiliser éventuellement un autre hypnotique.,,inducteurs enzymatiques
INT_02636,A prendre en compte,Risque de diminution importante des concentrations de doxycycline.,,,inducteurs enzymatiques
INT_02637,A prendre en compte,Risque de diminution de l'efficacité de l'exemestane par augmentation de son métabolisme hépatique par l'inducteur enzymatique.,,,inducteurs enzymatiques
INT_02638,A prendre en compte,Diminution des concentrations plasmatiques et de l'efficacité du bêta-bloquant (augmentation de son métabolisme hépatique).,,,inducteurs enzymatiques
INT_02639,A prendre en compte,Diminution des concentrations plasmatiques et de l'efficacité du bêta-bloquant (augmentation de son métabolisme hépatique).,,,inducteurs enzymatiques
INT_02640,A prendre en compte,Diminution importante (jusqu’aux deux-tiers) des concentrations de pérampanel.,,,inducteurs enzymatiques
INT_02641,A prendre en compte,"Pour le SN38 lié au sacizutumab (govitécan) : risque de diminution de son exposition, par augmentation de son métabolisme.",,,inducteurs enzymatiques
INT_02642,Contre-indication,Diminution des concentrations plasmatiques de rilpivirine par l’inhibiteur de la pompe à protons (absorption diminuée en raison de l’augmentation du pH gastrique).,,,
INT_02643,Contre-indication,"Avec la dexaméthasone par voie systémique (sauf en cas de prise unique), risque de diminution des concentrations plasmatiques de rilpivirine par augmentation de son métabolisme hépatique par la dexamethasone.",,,
INT_02644,Contre-indication,Diminution significative des concentrations plasmatiques de rilpivirine par augmentation de son métabolisme hépatique par l’inducteur.,,,
INT_02645,Contre-indication,Risque de diminution des concentrations plasmatiques de rilpivirine par augmentation de son métabolisme hépatique par le millepertuis.,,,
INT_02646,A prendre en compte,Risque de diminution des concentrations plasmatiques de la rilpivirine.,"Si nécessaire, utiliser un antihistaminique H2 actif en une prise par jour, à prendre au moins 12 heures avant, ou au moins 4 heures après.",,
INT_02647,Contre-indication,Risque d'hypotension importante (effet synergique).,,,médicaments à l'origine d'une hypotension orthostatique
INT_02648,Contre-indication,Risque d'hypotension importante (effet synergique).,,,médicaments à l'origine d'une hypotension orthostatique
INT_02649,Association DECONSEILLEE,Augmentation des concentrations plasmatiques de riociguat par diminution de son métabolisme hépatique par l’inhibiteur.,,,médicaments à l'origine d'une hypotension orthostatique
INT_02650,Précaution d'emploi,Risque de diminution de la fraction active de la rispéridone et de son efficacité thérapeutique par augmentation de son métabolisme hépatique par la carbamazépine.,"Surveillance clinique, et si besoin, adaptation posologique de la rispéridone.",,médicaments sédatifs - médicaments à l'origine d'une hypotension orthostatique
INT_02651,Précaution d'emploi,"Augmentation de la fraction active de la rispéridone par diminution de son métabolisme hépatique par la fluoxétine, avec risque de majoration des effets indésirables.","Surveillance clinique et, si besoin, adaptation posologique de la rispéridone.",,médicaments sédatifs - médicaments à l'origine d'une hypotension orthostatique
INT_02652,Précaution d'emploi,"Augmentation de la fraction active de la rispéridone par diminution de son métabolisme hépatique par la paroxétine, avec risque de majoration des effets indésirables.","Surveillance clinique et, si besoin, adaptation posologique de la rispéridone.",,médicaments sédatifs - médicaments à l'origine d'une hypotension orthostatique
INT_02653,Précaution d'emploi,"Décrit chez des patients HIV. Risque d’insuffisance surrénale aiguë, même en cas d’injection unique. L’articulation peut constituer un réservoir relarguant de façon continue le corticoïde CYP3A4-dépendant dans la circulation générale, avec augmentation possiblement très importante des concentrations du corticoïde, à l’origine d’une freination de la réponse hypothalamo-hypophysaire.",Préférer un corticoïde non CYP3A4-dépendant (hydrocortisone).,,inhibiteurs de protéases boostés par ritonavir - inhibiteurs puissants du CYP3A4
INT_02654,A prendre en compte,"Décrit chez des patients HIV. Risque d’insuffisance surrénale aiguë, même en cas d’injection unique. L’articulation peut constituer un réservoir relarguant de façon continue le corticoïde CYP3A4-dépendant dans la circulation générale, avec augmentation possiblement très importante des concentrations du corticoïde à l’origine d’une freination de la réponse hypothalamo-hypophysaire.",Préférer un corticoïde non CYP3A4-dépendant (hydrocortisone),,inhibiteurs de protéases boostés par ritonavir - inhibiteurs puissants du CYP3A4
INT_02655,Association DECONSEILLEE,"Augmentation des concentrations plasmatiques du rivaroxaban par le fluconazole, avec majoration du risque de saignement.",,,anticoagulants oraux - substrats à risque du CYP3A4
INT_02656,Association DECONSEILLEE,"Diminution des concentrations plasmatiques de rivaroxaban, avec risque de diminution de l'effet thérapeutique.",,,anticoagulants oraux - substrats à risque du CYP3A4
INT_02657,Association DECONSEILLEE,"Augmentation des concentrations plasmatiques de rivaroxaban, avec majoration du risque de saignement.",,,anticoagulants oraux - substrats à risque du CYP3A4
INT_02658,Association DECONSEILLEE,"Diminution des concentrations plasmatiques de rivaroxaban, avec risque de diminution de l'effet thérapeutique.",,,anticoagulants oraux - substrats à risque du CYP3A4
INT_02659,Contre-indication,Diminution très importante des concentrations de rolapitant avec risque de perte d’efficacité.,,,
INT_02660,Association DECONSEILLEE,Diminution très importante des concentrations de rolapitant avec risque de perte d’efficacité.,,,
INT_02661,Association DECONSEILLEE,Risque de baisse de l’efficacité du tamoxifène par inhibition de la formation de son métabollite actif par le rolapitant.,,,
INT_02662,Précaution d'emploi,"Risque d’augmentation des effets indésirables de la colchicine, aux conséquences potentiellement fatales.",Surveillance clinique et biologique étroite pendant l’association.,,
INT_02663,Précaution d'emploi,Risque d’augmentation des concentrations plasmatiques du dabigatran par augmentation de son absorption intestinale par le rolapitant.,Surveillance clinique et biologique étroite pendant l’association.,,
INT_02664,Précaution d'emploi,Augmentation de la digoxinémie par majoration de son absorption.,Surveillance clinique et ECG pendant le traitement par le rolapitant et après son arrêt.,,
INT_02665,Précaution d'emploi,"Chez l'insuffisant cardiaque, risque d'augmentation des effets indésirables du métoprolol, par diminution de son métabolisme hépatique par le rolapitant.","Surveillance clinique. Si besoin, adaptation de la posologie du métoprolol pendant le traitement par le rolapitant.",,
INT_02666,Précaution d'emploi,"Augmentation des concentrations plasmatiques de propafénone avec risque de surdosage, par diminution de son métabolisme hépatique par le rolapitant.",Surveillance clinique et réduction de la posologie de la propafénone pendant le traitement par le rolapitant et après son arrêt.,,
INT_02667,Précaution d'emploi,Risque d’augmentation des concentrations de rosuvastatine.,Utiliser la rosuvastatine à dose minimale.,,
INT_02668,Précaution d'emploi,Augmentation du risque hémorragique.,Contrôle plus fréquent de l’INR. Adaptation éventuelle de la posologie de l’antivitamine K pendant le traitement par ropinirole et après son arrêt.,,antiparkinsoniens dopaminergiques - dopaminergiques - médicaments sédatifs
INT_02669,Précaution d'emploi,"Augmentation des concentrations de ropinirole avec risque de surdosage, par diminution de son métabolisme hépatique par la ciprofloxacine.",Surveillance clinique et réduction éventuelle de la posologie du ropinirole pendant le traitement par la ciprofloxacine et après son arrêt.,,antiparkinsoniens dopaminergiques - dopaminergiques - médicaments sédatifs
INT_02670,Précaution d'emploi,Augmentation des concentrations plasmatiques de ropinirole avec signes de surdosage par diminution de son métabolisme hépatique.,Surveillance clinique et réduction de la posologie du ropinirole pendant le traitement par l'énoxacine et après son arrêt.,,antiparkinsoniens dopaminergiques - dopaminergiques - médicaments sédatifs
INT_02671,Précaution d'emploi,"Augmentation des concentrations de ropinirole, avec risque de surdosage, par diminution de son métabolisme hépatique par la fluvoxamine.",Surveillance clinique et réduction de la posologie du ropinirole pendant le traitement par fluvoxamine et après son arrêt.,,antiparkinsoniens dopaminergiques - dopaminergiques - médicaments sédatifs
INT_02672,Contre-indication,"Risque majoré d'effets indésirables (concentration-dépendants) à type de rhabdomyolyse, ou de néphrotoxicité, par diminution du métabolisme de la rosuvastatine.",,,inhibiteurs de l'HMG-CoA réductase (statines) - médicaments à l'origine d'atteintes
INT_02673,Association DECONSEILLEE,"Augmentation considérable (d’un facteur 5) des concentrations de rosuvastatine avec risque de rhabdomyolyse et/ou de néphrotoxicité, par augmentation de sa biodisponibilité.",,,inhibiteurs de l'HMG-CoA réductase (statines) - médicaments à l'origine d'atteintes
INT_02674,Association DECONSEILLEE,"Risque d’augmentation des concentrations plasmatiques de la rosuvastatine, par augmentation de son absorption avec le tédizolide administré par voie orale, ou par diminution de son élimination avec le tédizolide administré par voie IV.",,,inhibiteurs de l'HMG-CoA réductase (statines) - médicaments à l'origine d'atteintes
INT_02675,Précaution d'emploi,Doublement moyen des concentrations plasmatiques de la rosuvastatine.,"Surveillance clinique et biologique, avec adaptation de la posologie de rosuvastatine si nécessaire.",,inhibiteurs de l'HMG-CoA réductase (statines) - médicaments à l'origine d'atteintes
INT_02676,Précaution d'emploi,Augmentation modérée des concentrations de rosuvastatine.,Débuter par la dose minimale de rosuvastatine. Surveillance clinique régulière.,,inhibiteurs de l'HMG-CoA réductase (statines) - médicaments à l'origine d'atteintes
INT_02677,Précaution d'emploi,Augmentation des concentrations plasmatiques de la rosuvastatine par augmentation de son absorption.,Surveillance clinique et biologique.,,inhibiteurs de l'HMG-CoA réductase (statines) - médicaments à l'origine d'atteintes
INT_02678,Précaution d'emploi,Risque d’augmentation des concentrations plasmatiques de la rosuvastatine par augmentation de son absorption intestinale par le ponatinib.,Surveillance clinique et biologique étroite pendant l’association.,,inhibiteurs de l'HMG-CoA réductase (statines) - médicaments à l'origine d'atteintes
INT_02679,Précaution d'emploi,Risque d’augmentation des concentrations de rosuvastatine.,Utiliser la rosuvastatine à dose minimale.,,inhibiteurs de l'HMG-CoA réductase (statines) - médicaments à l'origine d'atteintes
INT_02680,Précaution d'emploi,Augmentation des concentrations plasmatiques de rosuvastatine par augmentation de son absorption intestinale par le velpatasvir.,"En cas d’association, ne pas dépasser 10 mg par jour de rosuvastatine.",,inhibiteurs de l'HMG-CoA réductase (statines) - médicaments à l'origine d'atteintes
INT_02681,Précaution d'emploi,"La prise de cation divalent peut diminuer l’absorption intestinale et, potentiellement, l’efficacité du roxadustat pris simultanément.","Prendre le roxadustat à distance des sels de calcium (plus de 1 heure, si possible).",,"substances à absorption réduite par les topiques gastro-intestinaux, antiacides"
INT_02682,Précaution d'emploi,"La prise de cation divalent peut diminuer l’absorption intestinale et, potentiellement, l’efficacité du roxadustat pris simultanément.","Prendre le roxadustat à distance des sels de fer (plus de 1 heure, si possible).",,"substances à absorption réduite par les topiques gastro-intestinaux, antiacides"
INT_02683,Précaution d'emploi,"Augmentation de l’exposition du roxadustat, par diminution de son métabolisme par le gemfibrozil.",Surveillance clinique et biologique (hémoglobine).,,"substances à absorption réduite par les topiques gastro-intestinaux, antiacides"
INT_02684,Précaution d'emploi,"Augmentation d’un facteur 2 à 3 de l’exposition de la statine, par diminution de son métabolisme par le roxadustat.",Surveillance clinique et adaptation de la posologie de la statine pendant le traitement par roxadustat.,,"substances à absorption réduite par les topiques gastro-intestinaux, antiacides"
INT_02685,Précaution d'emploi,"La prise de cation divalent peut diminuer l’absorption intestinale et, potentiellement, l’efficacité du roxadustat pris simultanément.","Prendre le roxadustat à distance des sels de magnésium (plus de 1 heure, si possible).",,"substances à absorption réduite par les topiques gastro-intestinaux, antiacides"
INT_02686,Précaution d'emploi,"La prise de résine chélatrice peut diminuer l’absorption intestinale et, potentiellement, l’efficacité du roxadustat pris simultanément.","Prendre le roxadustat à distance de la résine (plus de 1 heure, si possible).",,"substances à absorption réduite par les topiques gastro-intestinaux, antiacides"
INT_02687,Précaution d'emploi,Risque majoré d'effets indésirables (concentration-dépendants) à type de rhabdomyolyse.,Utiliser des doses plus faibles d’hypocholestérolémiant.,,macrolides (sauf spiramycine)
INT_02688,Précaution d'emploi,Risque d'augmentation des concentrations sanguines de ciclosporine et de la créatininémie.,"Dosage des concentrations sanguines de la ciclosporine, contrôle de la fonction rénale et adaptation de la posologie pendant l'association et après l'arrêt du macrolide.",,macrolides (sauf spiramycine)
INT_02689,Précaution d'emploi,Risque majoré d'effets indésirables (concentration-dépendants) à type de rhabdomyolyse.,Utiliser des doses plus faibles d’hypocholestérolémiant.,,macrolides (sauf spiramycine)
INT_02690,Précaution d'emploi,"Risque majoré de troubles du rythme ventriculaire, notamment de torsades de pointes.",Surveillance clinique et électrocardiographique pendant l'association.,,macrolides (sauf spiramycine)
INT_02691,A prendre en compte,Majoration légère de la sédation.,,,macrolides (sauf spiramycine)
INT_02692,A prendre en compte,"Risque d'augmentation de la théophyllinémie, particulièrement chez l'enfant.",,,macrolides (sauf spiramycine)
INT_02693,Précaution d'emploi,Diminution de l’efficacité contraceptive par augmentation du métabolisme hépatique du contraceptif hormonal par le rufinamide.,"Utiliser une méthode additionnelle de type mécanique (préservatif) pendant la durée de l’association, et un cycle suivant l’arrêt du rufinamide.",,
INT_02694,Précaution d'emploi,"Possible augmentation des concentrations de rufinamide, notamment chez l’enfant de moins de 30 kg.",Chez l’enfant de moins de 30 kg : ne pas dépasser la dose totale de 600 mg/j après la période de titration.,,
INT_02695,Association DECONSEILLEE,Diminution des concentrations plasmatiques de régorafenib par augmentation de son métabolisme par l’inducteur.,,,
INT_02696,Association DECONSEILLEE,Augmentation des concentrations plasmatiques de régorafenib par diminution de son métabolisme hépatique par l’inhibiteur.,,,
INT_02697,Association DECONSEILLEE,Diminution des concentrations plasmatiques de régorafenib par augmentation de son métabolisme par le millepertuis,,,
INT_02698,Association DECONSEILLEE,Augmentation des concentrations plasmatiques de régorafenib par diminution de son métabolisme hépatique par le pamplemousse.,,,
INT_02699,Précaution d'emploi,Diminution de l'absorption digestive des hormones thyroïdiennes.,"Prendre les hormones thyroïdiennes à distance de la résine (plus de 2 heures, si possible).",,
INT_02700,Précaution d'emploi,"La prise de résine chélatrice peut diminuer l’absorption intestinale et, potentiellement, l’efficacité d’autres médicaments pris simultanément.","D’une façon générale, la prise de la résine doit se faire à distance de celle des autres médicaments, en respectant un intervalle de plus de 2 heures, si possible.",,
INT_02701,Précaution d'emploi,"La prise de résine chélatrice peut diminuer l’absorption intestinale et, potentiellement, l’efficacité du roxadustat pris simultanément.","Prendre le roxadustat à distance de la résine (plus de 1 heure, si possible).",,
INT_02702,Contre-indication,Risque de symptômes évocateurs d’une hypervitaminose A.,,,
INT_02703,Contre-indication,Risque d'hypertension intracrânienne.,,,
INT_02704,Contre-indication,Risque de symptômes évocateurs d’une hypervitaminose A.,,,
INT_02705,A prendre en compte,"Pour le SN38 lié au sacizutumab (govitécan) : risque de diminution de son exposition, par augmentation de son métabolisme.",,,
INT_02706,A prendre en compte,"Pour le SN38 lié au sacizutumab (govitécan) : risque de diminution de son exposition, par augmentation de son métabolisme.",,,
INT_02707,Contre-indication,Augmentation du risque d'angioedème.,,,"médicaments, bradykinine et angio-œdème"
INT_02708,Contre-indication,Risque d’augmentation des concentrations de salmétérol.,,,
INT_02709,A prendre en compte,Augmentation importante des concentrations de salmétérol par diminution de son métabolisme hépatique par l'itraconazole.,,,
INT_02710,A prendre en compte,Augmentation importante des concentrations de salmétérol par diminution de son métabolisme hépatique par le kétoconazole.,,,
INT_02711,Contre-indication,Risque d’augmentation des effets indésirables du sélexipag par diminution de son métabolisme.,,,
INT_02712,Précaution d'emploi,Risque d’augmentation des effets indésirables du sélexipag par diminution de son métabolisme.,Surveillance clinique étroite pendant l’association. Réduire de moitié la posologie (une seule prise par jour).,,
INT_02713,Précaution d'emploi,Risque d’augmentation des effets indésirables du sélexipag par diminution de son métabolisme.,Surveillance clinique étroite pendant l’association. Réduire de moitié la posologie (une seule prise par jour).,,
INT_02714,Précaution d'emploi,Risque d’augmentation des effets indésirables du sélexipag par diminution de son métabolisme.,Surveillance clinique étroite pendant l’association. Réduire de moitié la posologie (une seule prise par jour).,,
INT_02715,Précaution d'emploi,Risque d’augmentation des effets indésirables du sélexipag par diminution de son métabolisme.,Surveillance clinique étroite pendant l’association. Réduire de moitié la posologie (une seule prise par jour).,,
INT_02716,Association DECONSEILLEE,"Augmentation importante des concentrations plasmatiques de répaglinide, avec risque d'hypoglycémie, par diminution du métabolisme du répaglinide par le selpercatinib.",,,inhibiteurs de tyrosine kinases métabolisés
INT_02717,Précaution d'emploi,Risque de moindre efficacité de la supplémentation en lévothyroxine par baisse de la conversion de T4 en T3 en cas de traitement par selpercatinib.,"Surveillance clinique et biologique, et adjonction éventuelle de liothyronine au traitement par la lévothyroxine.",,inhibiteurs de tyrosine kinases métabolisés
INT_02718,Contre-indication,"Risque majoré de troubles du rythme ventriculaire, notamment de torsades de pointes.",,,hyponatrémiants - inhibiteurs sélectifs de la recapture de la sérotonine - médicaments
INT_02719,Association DECONSEILLEE,Risque d’inefficacité du traitement antidépresseur.,,,hyponatrémiants - inhibiteurs sélectifs de la recapture de la sérotonine - médicaments
INT_02720,Association DECONSEILLEE,Augmentation parfois importante des concentrations de l’antidépresseur chez certains patients par diminution de son métabolisme intestinal.,,,hyponatrémiants - inhibiteurs sélectifs de la recapture de la sérotonine - médicaments
INT_02721,Contre-indication,Augmentation des concentrations plasmatiques du sildénafil par diminution de son métabolisme hépatique par la bithérapie.,,,inhibiteurs de la phosphodiesterase de type 5 - médicaments à l'origine d'une
INT_02722,Précaution d'emploi,"Augmentation des concentrations plasmatiques de sildénafil, avec risque d'hypotension.",Débuter le traitement par sildénafil à la dose minimale en cas d'association avec la josamycine.,,inhibiteurs de la phosphodiesterase de type 5 - médicaments à l'origine d'une
INT_02723,Association DECONSEILLEE,"Risque d’augmentation des effets indésirables de la silodosine par l’inhibiteur, notamment à type d’hypotension orthostatique.",,,alphabloquants à visée urologique - médicaments à l'origine d'une hypotension
INT_02724,Contre-indication,Risque majoré d'effets indésirables (concentration-dépendants) à type de rhabdomyolyse par diminution du métabolisme de la simvastatine.,,,inhibiteurs de l'HMG-CoA réductase (statines) - médicaments à l'origine d'atteintes
INT_02725,Contre-indication,Risque majoré d'effets indésirables (concentration-dépendants) à type de rhabdomyolyse par diminution du métabolisme de la simvastatine.,,,inhibiteurs de l'HMG-CoA réductase (statines) - médicaments à l'origine d'atteintes
INT_02726,Contre-indication,"Augmentation importante des concentrations plasmatiques de simvastatine par la bithérapie, avec risque majoré d’effets indésirables (concentration-dépendants) à type de rhabdomyolyses",.,,inhibiteurs de l'HMG-CoA réductase (statines) - médicaments à l'origine d'atteintes
INT_02727,Contre-indication,Risque majoré d'effets indésirables (concentration-dépendants) à type de rhabdomyolyse par diminution du métabolisme de la simvastatine.,,,inhibiteurs de l'HMG-CoA réductase (statines) - médicaments à l'origine d'atteintes
INT_02728,Contre-indication,Augmentation des concentrations plasmatiques de la simvastatine par diminution de son métabolisme hépatique par la bithérapie.,,,inhibiteurs de l'HMG-CoA réductase (statines) - médicaments à l'origine d'atteintes
INT_02729,Contre-indication,Risque majoré d’effets indésirables (dose-dépendants) à type de rhabdomyolyse (diminution du métabolisme hépatique de l’hypocholestérolémiant).,,,inhibiteurs de l'HMG-CoA réductase (statines) - médicaments à l'origine d'atteintes
INT_02730,Association DECONSEILLEE,"Risque de diminution très importante des concentrations de la simvastatine, et perte d‘efficacité, par augmentation de son métabolisme hépatique par l’apalutamide.",,,inhibiteurs de l'HMG-CoA réductase (statines) - médicaments à l'origine d'atteintes
INT_02731,Association DECONSEILLEE,"Diminution importante des concentrations plasmatiques de simvastatine, par augmentation de son métabolisme hépatique.",,,inhibiteurs de l'HMG-CoA réductase (statines) - médicaments à l'origine d'atteintes
INT_02732,Association DECONSEILLEE,Risque majoré d'effets indésirables (concentration-dépendants) à type de rhabdomyolyse (diminution du métabolisme hépatique de la simvastatine).,,,inhibiteurs de l'HMG-CoA réductase (statines) - médicaments à l'origine d'atteintes
INT_02733,Association DECONSEILLEE,Diminution de l’efficacité de l’hypocholestérolémiant par augmentation de son métabolisme hépatique par le millepertuis.,,,inhibiteurs de l'HMG-CoA réductase (statines) - médicaments à l'origine d'atteintes
INT_02734,Association DECONSEILLEE,"Augmentation considérable des concentrations plasmatiques de l'hypolipémiant, avec risque de survenue d'effets indésirables, notamment musculaires.",,,inhibiteurs de l'HMG-CoA réductase (statines) - médicaments à l'origine d'atteintes
INT_02735,Association DECONSEILLEE,"Diminution très importante des concentrations plasmatiques de simvastatine, par augmentation de son métabolisme hépatique par la rifampicine.",,,inhibiteurs de l'HMG-CoA réductase (statines) - médicaments à l'origine d'atteintes
INT_02736,Précaution d'emploi,Risque majoré d'effets indésirables (concentration-dépendants) à type de rhabdomyolyse (diminution du métabolisme hépatique de la simvastatine).,Ne pas dépasser la posologie de 20 mg/j de simvastatine ou utiliser une autre statine non concernée par ce type d’interaction.,,inhibiteurs de l'HMG-CoA réductase (statines) - médicaments à l'origine d'atteintes
INT_02737,Précaution d'emploi,Risque majoré d’effets indésirables (dose-dépendants) à type de rhabdomyolyse (diminution du métabolisme hépatique de l’hypocholestérolémiant).,Ne pas dépasser la posologie de 20 mg/j de simvastatine ou utiliser une autre statine non concernée par ce type d’interaction.,,inhibiteurs de l'HMG-CoA réductase (statines) - médicaments à l'origine d'atteintes
INT_02738,Précaution d'emploi,"Risque majoré d'effets indésirables (concentration-dépendants) à type de rhabdomyolyse, par diminution du métabolisme hépatique de l'hypocholestérolémiant.",Utiliser des doses plus faibles d’hypocholestérolémiant ou une autre statine non concernée par ce type d’interaction.,,inhibiteurs de l'HMG-CoA réductase (statines) - médicaments à l'origine d'atteintes
INT_02739,Précaution d'emploi,"Risque majoré d'effets indésirables (concentration-dépendants) à type de rhabdomyolyse, par diminution du métabolisme hépatique de l'hypocholestérolémiant.","Ne pas dépasser la posologie de 20 mg/jour de simvastatine. Si l'objectif thérapeutique n'est pas atteint à cette posologie, utiliser une autre statine non concernée par ce type d'interaction.",,inhibiteurs de l'HMG-CoA réductase (statines) - médicaments à l'origine d'atteintes
INT_02740,Précaution d'emploi,Risque majoré d'effets indésirables concentration-dépendants à type de rhabdomyolyse (diminution du métabolisme hépatique de la simvastatine).,"Ne pas dépasser la posologie de 20 mg/j de simvastatine. Si l'objectif thérapeutique n'est pas atteint, utiliser une autre statine non concernée par ce type d’interaction.",,inhibiteurs de l'HMG-CoA réductase (statines) - médicaments à l'origine d'atteintes
INT_02741,Précaution d'emploi,Risque d’augmentation des concentrations plasmatiques de la simvastatine par augmentation de son absorption intestinale par le ponatinib.,Surveillance clinique et biologique étroite pendant l’association.,,inhibiteurs de l'HMG-CoA réductase (statines) - médicaments à l'origine d'atteintes
INT_02742,Précaution d'emploi,Risque majoré d'effets indésirables (concentration-dépendants) à type de rhabdomyolyse par inhibition du métabolisme de la simvastatine par la ranolazine.,Ne pas dépasser la posologie de 20 mg/j de simvastatine ou utiliser une autre statine non concernée par ce type d’interaction.,,inhibiteurs de l'HMG-CoA réductase (statines) - médicaments à l'origine d'atteintes
INT_02743,Précaution d'emploi,Risque majoré d'effets indésirables (concentration-dépendants) à type de rhabdomyolyse.,Utiliser des doses plus faibles d’hypocholestérolémiant.,,inhibiteurs de l'HMG-CoA réductase (statines) - médicaments à l'origine d'atteintes
INT_02744,Précaution d'emploi,Risque majoré d’effets indésirables (dose-dépendants) à type de rhabdomyolyse (diminution du métabolisme hépatique de l’hypocholestérolémiant).,Ne pas dépasser la posologie de 20 mg/j de simvastatine ou utiliser une autre statine non concernée par ce type d’interaction.,,inhibiteurs de l'HMG-CoA réductase (statines) - médicaments à l'origine d'atteintes
INT_02745,Association DECONSEILLEE,En association avec le ritonavir : augmentation significative des concentrations de l’immunosuppresseur avec risque de majoration de sa toxicité par la bithérapie.,"Si l’association s’avère nécessaire, contrôle strict de la fonction rénale, dosage des concentrations sanguines de l'immunosuppresseur et adaptation éventuelle de la posologie.",,"immunosuppresseurs - médicaments, bradykinine et angio-œdème - substrats"
INT_02746,Précaution d'emploi,Augmentation des concentrations sanguines de sirolimus par la ciclosporine. La néphrotoxicité de la ciclosporine est également augmentée lors de l’association.,"Il est recommandé d’administrer le sirolimus 4 heures après la ciclosporine. Contrôle de la fonction rénale, pendant l’association et après son arrêt.",,"immunosuppresseurs - médicaments, bradykinine et angio-œdème - substrats"
INT_02747,Précaution d'emploi,Augmentation des concentrations sanguines du sirolimus (diminution de son métabolisme hépatique par le vérapamil).,"Dosage des concentrations sanguines de l’immunosuppresseur, contrôle de la fonction rénale et adaptation de la posologie pendant l’association et après son arrêt.",,"immunosuppresseurs - médicaments, bradykinine et angio-œdème - substrats"
INT_02748,A prendre en compte,Majoration du risque d’angio-oedème.,,,"immunosuppresseurs - médicaments, bradykinine et angio-œdème - substrats"
INT_02749,Précaution d'emploi,Risque de baisse de l’efficacité du lithium par augmentation de son élimination rénale par les sels de sodium.,Eviter les surcharges sodées et tenir compte de la présence de sodium dans certains médicaments comme les antiacides.,,alcalinisants urinaires
INT_02750,Précaution d'emploi,Risque de baisse de l’efficacité du lithium par augmentation de son élimination rénale par les sels de sodium.,Eviter les surcharges sodées et tenir compte de la présence de sodium dans certains médicaments comme les antiacides.,,
INT_02751,Contre-indication,Risque de diminution des concentrations plasmatiques de sofosbuvir par diminution de son absorption intestinale par l’inducteur.,Contre-indication : - avec la rifampicine - avec les anticonvulsivants inducteurs enzymatiques Association déconseillée: - avec les autres inducteurs.,Yes,
INT_02752,Contre-indication,Risque de diminution des concentrations plasmatiques de sofosbuvir par diminution de son absorption intestinale par le millepertuis.,,,
INT_02753,Association DECONSEILLEE,"Survenue de bradycardie éventuellement brutale, pouvant avoir des conséquences fatales.","Si l'association ne peut être évitée, surveillance clinique et ECG étroite, en particulier pendant les premières semaines de traitement. Une surveillance continue en milieu hospitalier est requise pendant les 48 heures qui suivent la co-adminsitration. Prendre en compte la longue demi-vie de l'amiodarone chez les patients l'ayant arrêtée au cours des derniers mois et qui doivent débuter un traitement contenant du sofosbuvir.",,
INT_02754,Contre-indication,"Par voie orale ou rectale du sorbitol ou de la résine, et pour une dose de sorbitol par prise >= 2,5 g chez l'enfant et 5 g chez l'adulte Risque de nécrose colique, éventuellement fatale.",:,,
INT_02755,Contre-indication,"Par voie orale ou rectale du sorbitol ou de la résine, et pour une dose de sorbitol par prise >= 2,5 g chez l'enfant et 5 g chez l'adulte Risque de nécrose colique, éventuellement fatale.",:,,
INT_02756,Association DECONSEILLEE,Diminution des concentrations plasmatiques de lamivudine par le sorbitol.,"Si l’association ne peut être évitée, surveillance plus fréquente de la charge virale.",,
INT_02757,Association DECONSEILLEE,"Diminution notable des concentrations plasmatiques du sotorasib, avec risque de moindre efficacité.",,,inducteurs enzymatiques
INT_02758,Association DECONSEILLEE,"Diminution notable des concentrations plasmatiques du sotorasib, avec risque de moindre efficacité.",,,inducteurs enzymatiques
INT_02759,A prendre en compte,"Risque de diminution de l’effet du sotorasib, par diminution de son absorption.",,,inducteurs enzymatiques
INT_02760,A prendre en compte,"Risque de diminution de l’effet du sotorasib, par diminution de son absorption.",,,inducteurs enzymatiques
INT_02761,Association DECONSEILLEE,Tout traitement local vaginal est susceptible d'inactiver une contraception locale spermicide.,,,
INT_02762,Précaution d'emploi,En cas d'association avec la carbidopa : inhibition de l'absorption de la carbidopa avec diminution des concentrations plasmatiques de la lévodopa.,Surveillance clinique et adaptation éventuelle de la posologie de la lévodopa.,,substances susceptibles de donner des torsades de pointes - torsadogènes
INT_02763,Contre-indication,"Possible réduction voire abolition de l'effet pharmacodynamique du mitotane par la spironolactone, associé à une baisse des concentrations du mitotane.",,,antihypertenseurs sauf alpha-bloquants - diurétiques - diurétiques épargneurs
INT_02764,Précaution d'emploi,"Avec la spironolactone à la posologie de 12,5 à 50 mg par jour, et avec des doses faibles d’IEC. Dans le traitement de l’insuffisance cardiaque de classe III ou IV (NYHA) avec fraction d’éjection <35 % et préalablement traitée par l’association inhibiteur de conversion + diurétique de l’anse : risque d’hyperkaliémie, potentiellement létale, en cas de non-respect des conditions de prescription de cette association.","Vérifier au préalable l’absence d’hyperkaliémie et d’insuffisance rénale. Surveillance biologique étroite de la kaliémie et de la créatininémie (1 fois par semaine pendant le premier mois, puis une fois par mois ensuite).",,antihypertenseurs sauf alpha-bloquants - diurétiques - diurétiques épargneurs
INT_02765,Association DECONSEILLEE,Risque de diminution de l'efficacité de chaque antiviral par antagoniste compétitif de la réaction de phosphorylation à l'origine des métabolites actifs.,,,
INT_02766,Précaution d'emploi,Risque majoré de survenue de neuropathies périphériques par addition d'effets indésirables.,"Surveillance clinique et biologique régulière, notamment en début d'association.",,
INT_02767,Précaution d'emploi,Risque majoré de survenue de neuropathies périphériques par addition d'effets indésirables.,"Surveillance clinique et biologique régulière, notamment en début d'association.",,
INT_02768,Précaution d'emploi,"Risque de diminution de l'efficacité de chaque antiviral, par antagonisme compétitif de la réaction de phosphorylation à l'origine des métabolites actifs.","Surveillance clinique et biologique régulière, notamment en début d'association.",,
INT_02769,Précaution d'emploi,Risque majoré de survenue de neuropathies périphériques par addition d'effets indésirables.,"Surveillance clinique et biologique régulière, notamment en début d'association.",,
INT_02770,Contre-indication,Risque majoré d’effets indésirables (dose-dépendants) à type de rhabdomyolyse (diminution du métabolisme hépatique de l’hypocholestérolémiant).,,,
INT_02771,Contre-indication,Ergotisme avec possibilité de nécrose des extrémités (inhibition de l’élimination hépatique de l'alcaloïde de l’ergot de seigle).,,,
INT_02772,Contre-indication,Ergotisme avec possibilité de nécrose des extrémités (inhibition de l’élimination hépatique de l'alcaloïde de l’ergot de seigle).,,,
INT_02773,Contre-indication,Augmentation des concentrations sanguines de l’immunosuppresseur (diminution de son métabolisme hépatique).,,,
INT_02774,Contre-indication,"Risque majoré de troubles du rythme ventriculaire, notamment de torsades de pointes.",,,
INT_02775,Contre-indication,Risque majoré d’effets indésirables (dose-dépendants) à type de rhabdomyolyse (diminution du métabolisme hépatique de l’hypocholestérolémiant).,,,
INT_02776,Association DECONSEILLEE,"Risque majoré de troubles du rythme ventriculaire, notamment de torsades de pointes.",,,
INT_02777,Précaution d'emploi,"Augmentation possible des concentrations plasmatiques de la caféine, avec risque de surdosage, par inhibition de son métabolisme hépatique.",Surveillance clinique et adaptation éventuelle de la posologie de caféine.,,
INT_02778,Précaution d'emploi,"Augmentation des concentrations plasmatiques de ces anticonvulsivants, avec risque de surdosage, par inhibition de leur métabolisme hépatique.","Surveillance clinique, dosage plasmatique, lorsque cela est possible, de l'anticonvulsivant associé au stiripentol et éventuelle adaptation posologique de l'anticonvulsivant associé.",,
INT_02779,Précaution d'emploi,"Augmentation des concentrations plasmatiques du diazépam, avec risque de surdosage, par inhibition de son métabolisme hépatique.","Surveillance clinique et dosage plasmatique, lorsque cela est possible, de l'anticonvulsivant associé au stiripentol et éventuelle adaptation posologique de l'anticonvulsivant associé.",,
INT_02780,Précaution d'emploi,"Augmentation des concentrations plasmatiques de l'inducteur, avec risque de surdosage, par inhibition de son métabolisme hépatique par le stiripentol.","Surveillance clinique et dosage plasmatique, lorsque cela est possible, de l'inducteur associé au stiripentol et adaptation éventuelle de sa posologie.",,
INT_02781,Précaution d'emploi,Augmentation des concentrations plasmatiques du midazolam par diminution de son métabolisme hépatique avec majoration de la sédation.,Surveillance clinique et réduction de la posologie pendant le traitement par le stiripentol.,,
INT_02782,Précaution d'emploi,"Risque majoré de troubles du rythme ventriculaire, notamment de torsades de pointes.",Surveillance clinique.,,
INT_02783,Précaution d'emploi,"Augmentation possible de la théophyllinémie, avec risque de surdosage, par inhibition de son métabolisme hépatique.","Surveillance clinique, dosage plasmatique et adaptation éventuelle de la posologie de théophylline.",,
INT_02784,Précaution d'emploi,Avec les sels de calcium administrés par voie orale : diminution de l'absorption digestive du strontium.,"Prendre le strontium à distance des sels de calcium (plus de deux heures, si possible).",,
INT_02785,Précaution d'emploi,Diminution de l'absorption digestive du strontium.,"Prendre le strontium à distance des cyclines (plus de deux heures, si possible).",,
INT_02786,Précaution d'emploi,Diminution de l'absorption digestive du strontium.,"Prendre le strontium à distance des sels de fer (plus de deux heures, si possible).",,
INT_02787,Précaution d'emploi,Diminution de l'absorption digestive du strontium.,"Prendre le strontium à distance des fluoroquinolones (plus de deux heures, si possible).",,
INT_02788,Précaution d'emploi,Diminution de l'absorption digestive du strontium. SUBSTANCES À ABSORPTION RÉDUITE PAR LES TOPIQUES,"Prendre le strontium à distance des sels de zinc (plus de deux heures, si possible). GASTRO-INTESTINAUX, ANTIACIDES ET",,
INT_02789,Association DECONSEILLEE,Risque de majoration de la toxicité de ces molécules par diminution de leur métabolisme et/ou augmentation de leur biodisponibilité par le crizotinib.,,,
INT_02790,Association DECONSEILLEE,Augmentation des concentrations plasmatiques du substrat par diminution de son métabolisme hépatique par l’idelalisib.,,,
INT_02791,A prendre en compte,"Majoration des effets indésirables propres à chaque substrat, avec conséquences souvent sévères.",,,
INT_02792,Précaution d'emploi,Diminution de l'absorption digestive de la digoxine.,"Prendre le sucralfate à distance de la digoxine (plus de 2 heures, si possible).",,
INT_02793,Précaution d'emploi,Diminution de l'absorption digestive des fluoroquinolones.,"Prendre le sucralfate à distance des fluoroquinolones (plus de 2 heures, si possible).",,
INT_02794,Précaution d'emploi,Diminution de l'absorption digestive des hormones thyroïdiennes.,"Prendre les hormones thyroïdiennes à distance du sucralfate (plus de 2 heures, si possible).",,
INT_02795,Précaution d'emploi,Diminution de l'absorption digestive de la phénytoïne.,"Prendre le sucralfate à distance de la phénytoïne (plus de 2 heures, si possible).",,
INT_02796,Précaution d'emploi,Diminution de l'absorption digestive du sulpiride.,"Prendre le sucralfate à distance du sulpiride (plus de 2 heures, si possible).",,
INT_02797,Précaution d'emploi,Augmentation de l’effet dépresseur respiratoire de l’analgésique opiacé par diminution de son métabolisme hépatique.,Surveillance clinique et adaptation de la posologie de l’analgésique opiacé en cas de traitement par un inhibiteur puissant du CYP3A4.,,analgésiques morphiniques agonistes - analgésiques morphiniques de palier
INT_02798,Association DECONSEILLEE,Augmentation des concentrations plasmatiques de phénytoïne jusqu'à des valeurs toxiques (inhibition de son métabolisme).,"Utiliser de préférence une autre classe d'anti-infectieux, sinon surveillance clinique étroite, dosage des concentrations de phénytoïne et adaptation éventuelle de sa posologie pendant le traitement par le sulfamide anti-infectieux et après son arrêt.",,médicaments méthémoglobinisants
INT_02799,Association DECONSEILLEE,Précipitation cristalline dans les voies urinaires (favorisée par l'acidification des urines).,,,médicaments méthémoglobinisants - sulfamides antibactériens
INT_02800,Association DECONSEILLEE,Augmentation des concentrations plasmatiques de phénytoïne jusqu'à des valeurs toxiques (inhibition de son métabolisme).,"Utiliser de préférence une autre classe d'anti-infectieux, sinon surveillance clinique étroite, dosage des concentrations de phénytoïne et adaptation éventuelle de sa posologie pendant le traitement par le sulfamide anti-infectieux et après son arrêt.",,médicaments méthémoglobinisants - sulfamides antibactériens
INT_02801,Association DECONSEILLEE,Augmentation importante de l’effet de l’antivitamine K et du risque hémorragique.,"Si l’association ne peut être évitée, contrôle plus fréquent de l’INR et adaptation de la posologie de l’antivitamine K pendant le traitement par cotrimoxazole et après son arrêt.",,médicaments méthémoglobinisants - sulfamides antibactériens - sulfaméthoxazole
INT_02802,Association DECONSEILLEE,Augmentation des concentrations plasmatiques de phénytoïne jusqu'à des valeurs toxiques (inhibition de son métabolisme).,"Utiliser de préférence une autre classe d'anti-infectieux, sinon surveillance clinique étroite, dosage des concentrations de phénytoïne et adaptation éventuelle de sa posologie pendant le traitement par le sulfamide anti-infectieux et après son arrêt.",,médicaments méthémoglobinisants - sulfamides antibactériens - sulfaméthoxazole
INT_02803,Précaution d'emploi,Augmentation de la toxicité hématologique du méthotrexate.,Dosage des concentrations de méthotrexate. Adapatation posologique si nécessaire pendant l'association et après son arrêt.,,
INT_02804,Contre-indication,"Augmentation de l'effet hypoglycémiant avec survenue possible de manifestations hypoglycémiques, voire de coma.",,,
INT_02805,Association DECONSEILLEE,"Effet antabuse, notamment pour glibenclamide, glipizide, tolbutamide. Augmentation de la réaction hypoglycémique (inhibition des réactions de compensation) pouvant faciliter la survenue de coma hypoglycémique.",Eviter la prise de boissons alcoolisées et de médicaments contenant de l'alcool.,,
INT_02806,Association DECONSEILLEE,Effet diabétogène du danazol.,"Si l'association ne peut être évitée, prévenir le patient et renforcer l'autosurveillance glycémique. Adapter éventuellement la posologie de l'antidiabétique pendant le traitement par le danazol et après son arrêt.",,
INT_02807,Précaution d'emploi,"Risque d'hypoglycémie ou d'hyperglycémie : diminution ou augmentation des besoins en sulfamide hypoglycemiant, par diminution ou augmentation de la sécrétion de glucagon endogène.",Renforcer l'autosurveillance glycémique et adapter si besoin la posologie du sulfamide hypoglycemiant pendant le traitement par l'analogue de la somatostatine.,,
INT_02808,Précaution d'emploi,Elévation de la glycémie par le bêta-2 mimétique.,"Renforcer la surveillance sanguine et urinaire. Passer éventuellement à l'insuline, le cas échéant.",,
INT_02809,Précaution d'emploi,Tous les bêta-bloquants peuvent masquer certains symptômes de l'hypoglycémie : palpitations et tachycardie.,"Prévenir le patient et renforcer, surtout en début de traitement, l'autosurveillance glycémique.",,
INT_02810,Précaution d'emploi,Tous les bêta-bloquants peuvent masquer certains symptômes de l'hypoglycémie : palpitations et tachycardie.,"Prévenir le malade et renforcer, surtout au début du traitement, l'autosurveillance sanguine.",,
INT_02811,Précaution d'emploi,A fortes posologies (100 mg par jour de chlorpromazine) : élévation de la glycémie (diminution de la libération de l'insuline).,Prévenir le patient et renforcer l'autosurveillance glycémique. Adapter éventuellement la posologie du neuroleptique pendant le traitement et après son arrêt.,,
INT_02812,Précaution d'emploi,Risque d'hypoglycémie par augmentation des concentrations plasmatiques de l’antidiabétique.,"Prévenir le patient, renforcer l'autosurveillance glycémique et adapter éventuellement la posologie du sulfamide hypoglycémiant pendant le traitement par la clarithromycine.",,
INT_02813,Précaution d'emploi,Augmentation du temps de demi-vie du sulfamide avec survenue possible de manifestations d'hypoglycémie.,"Prévenir le patient, renforcer l'autosurveillance glycémique et adapter éventuellement la posologie du sulfamide pendant le traitement par le fluconazole.",,
INT_02814,Précaution d'emploi,L'utilisation des IEC peut entraîner une majoration de l'effet hypoglycémiant chez le diabétique traité par sulfamides hypoglycémiants. La survenue de malaises hypoglycémiques semble exceptionnelle (amélioration de la tolérance au glucose qui aurait pour conséquence une réduction des besoins en sulfamides hypoglycémiants).,Renforcer l'autosurveillance glycémique.,,
INT_02815,A prendre en compte,"Rares survenues d’hypoglycémies, notamment chez le sujet âgé, dénutri ou insuffisant rénal.",,,
INT_02816,Association DECONSEILLEE,"Risque de troubles ventriculaires, notamment de torsades de pointes.","Contre-indication : - avec le citalopram, la dompéridone, l'escitalopram, l'hydroxyzine et la pipéraquine. Association déconseillée: - avec les autres médicaments susceptibles de donner des torsades de pointes. Si l’association ne peut être évitée, contrôle clinique et électrocardiographique régulier.",,
INT_02817,A prendre en compte,"Rares survenues d’hypoglycémies, notamment chez le sujet âgé, dénutri ou insuffisant rénal.",,,
INT_02818,Association DECONSEILLEE,"Risque d’augmentation des concentrations plasmatiques de la sulfasalazine, par augmentation de son absorption avec le tédizolide administré par voie orale.",,,dérivés de l'acide aminosalicylique (ASA)
INT_02819,Précaution d'emploi,Diminution de la digoxinémie pouvant atteindre 50 %.,"Surveillance clinique, ECG et, éventuellement, de la digoxinémie. S'il y a lieu, adaptation de la posologie de la digoxine pendant le traitement par la sulfasalazine et après son arrêt.",,dérivés de l'acide aminosalicylique (ASA)
INT_02820,Précaution d'emploi,Risque d’augmentation des concentrations plasmatiques de la sulfasalazine par augmentation de son absorption intestinale par le ponatinib.,Surveillance clinique et biologique étroite pendant l’association.,,dérivés de l'acide aminosalicylique (ASA)
INT_02821,Précaution d'emploi,Diminution des concentrations sanguines de ciclosporine par augmentation de son métabolisme par la sulfinpyrazone.,Contrôle des concentrations sanguines de ciclosporine et adaptation éventuelle de sa posologie pendant le traitement par sulfinpyrazone et après son arrêt.,,
INT_02822,Précaution d'emploi,Diminution de l'absorption digestive du sulpiride.,"Prendre le sucralfate à distance du sulpiride (plus de 2 heures, si possible).",,médicaments sédatifs - médicaments à l'origine d'une hypotension orthostatique
INT_02823,Contre-indication,Risque de vasoconstriction coronaire pouvant être fatale.,Ne pas utiliser ces deux médicaments simultanément ou successivement.,,
INT_02824,Association DECONSEILLEE,Risque d’augmentation des effets indésirables du sunitinib par le grazoprévir/elbasvir.,"Si l’association ne peut être évitée, surveillance clinique étroite.",,inhibiteurs de tyrosine kinases métabolisés - substrats à risque du CYP3A4
INT_02825,A prendre en compte,"Risque d'allongement du bloc moteur, majoré en cas de déficit partiel en pseudocholinestérase.",,,curares
INT_02826,Contre-indication,Risque de vasoconstriction et/ou de poussées hypertensives.,,,
INT_02827,Association DECONSEILLEE,Risque de vasoconstriction et/ou de poussées hypertensives.,,,
INT_02828,Association DECONSEILLEE,Risque de vasoconstriction et/ou de poussées hypertensives.,,,
INT_02829,Association DECONSEILLEE,"Crises hypertensives (inhibition du métabolisme des amines pressives). Du fait de la durée d'action de l'IMAO, cette interaction est encore possible 15 jours après l'arrêt de l'IMAO.",,,
INT_02830,Association DECONSEILLEE,Hypertension paroxystique avec possibilité de troubles du rythme (inhibition de l'entrée du sympathomimétique dans la fibre sympathique).,,,
INT_02831,Association DECONSEILLEE,Hypertension paroxystique avec possibilité de troubles du rythme (inhibition de l'entrée du sympathomimétique dans la fibre sympathique).,,,
INT_02832,Précaution d'emploi,"Augmentation de l'action pressive du sympathomimétique, le plus souvent modérée.",A n'utiliser que sous contrôle médical strict.,,
INT_02833,Précaution d'emploi,Par extrapolation à partir des IMAO non sélectifs : risque d'augmentation de l'action pressive.,A n'utiliser que sous contrôle médical strict.,,
INT_02834,A prendre en compte,Décrit avec l'halothane et le cyclopropane. Troubles du rythme ventriculaire graves par augmentation de l'excitabilité cardiaque.,,,
INT_02835,Contre-indication,Risque de vasoconstriction et/ou de crises hypertensives.,,,
INT_02836,Contre-indication,"Hypertension paroxystique, hyperthermie pouvant être fatale. Du fait de la durée d'action de l'IMAO, cette interaction est encore possible 15 jours après l'arrêt de l'IMAO.",,,
INT_02837,Contre-indication,Risque de vasoconstriction et/ou de poussées hypertensives.,Contre-indication : avec le bupropion Association déconseillée : avec les autres sympathomimétiques indirects,Yes,
INT_02838,Contre-indication,Risque de vasoconstriction et/ou de poussées hypertensives.,,,
INT_02839,Association DECONSEILLEE,Risque de vasoconstriction et/ou de poussées hypertensives.,,,
INT_02840,Association DECONSEILLEE,Risque de vasoconstriction et/ou de poussées hypertensives.,,,
INT_02841,Précaution d'emploi,Poussée hypertensive peropératoire.,"En cas d'intervention programmée, il est préférable d'interrompre le traitement quelques jours avant l'intervention.",,
INT_02842,Contre-indication,Des hypotensions sévères et des pertes de connaissance ont été rapportées lors de l’association d’un sétron avec l’apomorphine.,,,
INT_02843,Contre-indication,Risque d'atteinte des macrophages spléniques et des cellules phagocytaires mononuclées.,,,hyperkaliémiants - immunosuppresseurs - médicaments néphrotoxiques -
INT_02844,Association DECONSEILLEE,Risque d'augmentation des concentrations plasmatiques de dabigatran.,,,hyperkaliémiants - immunosuppresseurs - médicaments néphrotoxiques -
INT_02845,Association DECONSEILLEE,"Hyperkaliémie potentiellement létale, surtout lors d'une insuffisance rénale (addition des effets hyperkaliémiants).",,,hyperkaliémiants - immunosuppresseurs - médicaments néphrotoxiques -
INT_02846,Association DECONSEILLEE,"Augmentation des concentrations sanguines de tacrolimus et de la créatininémie, par inhibition du métabolisme hépatique du tacrolimus par la josamycine.",,,hyperkaliémiants - immunosuppresseurs - médicaments néphrotoxiques -
INT_02847,Association DECONSEILLEE,En association avec le ritonavir : augmentation significative des concentrations de l’immunosuppresseur avec risque de majoration de sa toxicité par la bithérapie.,"Si l’association s’avère nécessaire, contrôle strict de la fonction rénale, dosage des concentrations sanguines de l'immunosuppresseur et adaptation éventuelle de la posologie.",,hyperkaliémiants - immunosuppresseurs - médicaments néphrotoxiques -
INT_02848,Association DECONSEILLEE,"Pour une quantité de potassium > à 1 mmol/prise, hyperkaliémie potentiellement létale, notamment chez l'insuffisant rénale (addition des effets hyperkaliémiants).",Sauf en cas d'hypokaliémie.,,hyperkaliémiants - immunosuppresseurs - médicaments néphrotoxiques -
INT_02849,Précaution d'emploi,Augmentation des concentrations sanguines de tacrolimus par inhibition de son métabolisme par l’amiodarone.,"Dosage des concentrations sanguines de tacrolimus, contrôle de la fonction rénale et adaptation de la posologie de tacrolimus pendant l’association et à l’arrêt de l’amiodarone.",,hyperkaliémiants - immunosuppresseurs - médicaments néphrotoxiques -
INT_02850,Précaution d'emploi,"Risque d’addition des effets néphrotoxiques, notamment chez le sujet âgé.",Surveiller la fonction rénale en début de traitement par l’AINS.,,hyperkaliémiants - immunosuppresseurs - médicaments néphrotoxiques -
INT_02851,Précaution d'emploi,"Diminution des concentrations sanguines de l'immunosuppresseur, avec risque de perte de l'activité immunosuppressive.",Contrôle renforcé des dosages sanguins de tacrolimus et augmentation éventuelle de sa posologie.,,hyperkaliémiants - immunosuppresseurs - médicaments néphrotoxiques -
INT_02852,Précaution d'emploi,Augmentation des concentrations sanguines du tacrolimus par inhibition de son métabolisme hépatique.,"Dosage des concentrations sanguines du tacrolimus et adaptation de sa posologie pendant l'association et après son arrêt, avec contrôle de la fonction rénale.",,hyperkaliémiants - immunosuppresseurs - médicaments néphrotoxiques -
INT_02853,Précaution d'emploi,Augmentation des concentrations plasmatiques de tacrolimus par inhibition de son métabolisme hépatique.,Surveillance clinique et biologique étroite.,,hyperkaliémiants - immunosuppresseurs - médicaments néphrotoxiques -
INT_02854,Précaution d'emploi,Augmentation des concentrations sanguines du tacrolimus.,"Dosage des concentrations sanguines du tacrolimus, contrôle de la fonction rénale et adaptation de la posologie pendant l'association et après son arrêt.",,hyperkaliémiants - immunosuppresseurs - médicaments néphrotoxiques -
INT_02855,Précaution d'emploi,Augmentation des concentrations sanguines du tacrolimus.,"Dosage des concentrations sanguines du tacrolimus, contrôle de la fonction rénale et adaptation de la posologie pendant l'association et après son arrêt.",,hyperkaliémiants - immunosuppresseurs - médicaments néphrotoxiques -
INT_02856,Précaution d'emploi,"Augmentation des concentrations sanguines de l’immunosuppresseur, avec risque d'effets néphrotoxiques.","Dosage des concentrations sanguines de l’immunosuppresseur, contrôle de la fonction rénale et adaptation de la posologie pendant le traitement par la tigécycline.",,hyperkaliémiants - immunosuppresseurs - médicaments néphrotoxiques -
INT_02857,Précaution d'emploi,Augmentation des concentrations sanguines du tacrolimus (diminution de son métabolisme hépatique par le verapamil).,"Dosage des concentrations sanguines de l’immunosuppresseur, contrôle de la fonction rénale et adaptation de la posologie pendant l’association et après son arrêt.",,hyperkaliémiants - immunosuppresseurs - médicaments néphrotoxiques -
INT_02858,A prendre en compte,Augmentation de la créatininémie plus importante que sous tacrolimus seul (synergie des effets néphrotoxiques des deux substances).,,,hyperkaliémiants - immunosuppresseurs - médicaments néphrotoxiques -
INT_02859,A prendre en compte,Avec l'amphotéricine B administrée par voie IV : augmentation de la créatininémie plus importante que sous tacrolimus seul (synergie des effets néphrotoxiques des deux substances).,,,hyperkaliémiants - immunosuppresseurs - médicaments néphrotoxiques -
INT_02860,Précaution d'emploi,Augmentation des concentrations de talazoparib avec risque de majoration de la toxicité.,Réduire la dose de talazoparib.,,
INT_02861,Précaution d'emploi,Augmentation des concentrations de talazoparib avec risque de majoration de la toxicité.,Réduire la dose de talazoparib.,,
INT_02862,Précaution d'emploi,Augmentation des concentrations de talazoparib avec risque de majoration de la toxicité.,Réduire la dose de talazoparib.,,
INT_02863,Précaution d'emploi,Augmentation des concentrations de talazoparib avec risque de majoration de la toxicité.,Réduire la dose de talazoparib.,,
INT_02864,Précaution d'emploi,Augmentation des concentrations de talazoparib avec risque de majoration de la toxicité.,Réduire la dose de talazoparib.,,
INT_02865,Précaution d'emploi,Augmentation des concentrations de talazoparib avec risque de majoration de la toxicité.,Réduire la dose de talazoparib.,,
INT_02866,Précaution d'emploi,Augmentation des concentrations de talazoparib avec risque de majoration de la toxicité.,Réduire la dose de talazoparib.,,
INT_02867,Précaution d'emploi,Augmentation des concentrations de talazoparib avec risque de majoration de la toxicité.,Réduire la dose de talazoparib.,,
INT_02868,Précaution d'emploi,Augmentation des concentrations de talazoparib avec risque de majoration de la toxicité.,Réduire la dose de talazoparib.,,
INT_02869,Contre-indication,Risque d’inefficacité du tamoxifène par augmentation de son métabolisme par le millepertuis.,,,
INT_02870,Association DECONSEILLEE,"Risque de baisse de l'efficacité du tamoxifène, par inhibition de la formation de son métabolite actif par le bupropion.",,,
INT_02871,Association DECONSEILLEE,"Risque de baisse de l'efficacité du tamoxifène, par inhibition de la formation de son métabolite actif par la duloxétine.",,,
INT_02872,Association DECONSEILLEE,"Baisse de l’efficacité du tamoxifène, par inhibition de la formation de son métabolite actif par la fluoxétine.",,,
INT_02873,Association DECONSEILLEE,"Baisse de l’efficacité du tamoxifène, par inhibition de la formation de son métabolite actif par la paroxétine.",,,
INT_02874,Association DECONSEILLEE,"Risque de baisse de l'efficacité du tamoxifène, par inhibition de la formation de son métabolite actif par la quinidine.",,,
INT_02875,Association DECONSEILLEE,Risque de baisse de l’efficacité du tamoxifène par inhibition de la formation de son métabollite actif par le rolapitant.,,,
INT_02876,Association DECONSEILLEE,"Risque de baisse de l'efficacité du tamoxifène, par inhibition de la formation de son métabolite actif par la terbinafine.",,,
INT_02877,Précaution d'emploi,Risque d'augmentation de l'effet de l'antivitamine K et du risque hémorragique.,Contrôle plus fréquent de l'INR. Adaptation éventuelle de la posologie de l'antivitamine K.,,
INT_02878,A prendre en compte,Risque d’inefficacité du tamoxifène par augmentation de son métabolisme par l’inducteur.,,,
INT_02879,Association DECONSEILLEE,"Risque de majoration des effets indésirables de la tamsulosine, par inhibition de son métabolisme hépatique.",,,alphabloquants à visée urologique - médicaments abaissant la pression artérielle
INT_02880,Précaution d'emploi,"Risque de majoration des effets indésirables de la tamsulosine, par inhibition de son métabolisme hépatique.","Surveillance clinique et adaptation de la posologie de la tamsulosine pendant le traitement par l’inhibiteur enzymatique et après son arrêt, le cas échéant.",,alphabloquants à visée urologique - médicaments abaissant la pression artérielle
INT_02881,Précaution d'emploi,"Risque de majoration des effets indésirables de la tamsulosine, par inhibition de son métabolisme hépatique.","Surveillance clinique et adaptation de la posologie de la tamsulosine pensant le traitement par l’inhibiteur enzymatique et après son arrêt, le cas échéant.",,alphabloquants à visée urologique - médicaments abaissant la pression artérielle
INT_02882,Précaution d'emploi,"Risque de majoration des effets indésirables de la tamsulosine, par inhibition de son métabolisme hépatique.","Surveillance clinique et adaptation de la posologie de la tamsulosine pensant le traitement par l’inhibiteur enzymatique et après son arrêt, le cas échéant.",,alphabloquants à visée urologique - médicaments abaissant la pression artérielle
INT_02883,Contre-indication,Risque majoré de neuropathies périphériques.,,,
INT_02884,Contre-indication,Risque majoré d’effets indésirables (dose-dépendants) à type de rhabdomyolyse (diminution du métabolisme hépatique de l’hypocholestérolémiant).,,,inhibiteurs puissants du CYP3A4 - macrolides (sauf spiramycine)
INT_02885,Contre-indication,"Risque de majoration des effets indésirables, notamment à type de troubles du rythme cardiaque.",chez le patient insuffisant rénal ou hépatique sévère.,,inhibiteurs puissants du CYP3A4 - macrolides (sauf spiramycine)
INT_02886,Association DECONSEILLEE,Augmentation très importante des concentrations sanguines de l'immunosuppresseur par inhibition de son métabolisme hépatique.,"En cas d’association, contrôle strict de la fonction rénale, dosage des concentrations sanguines de l'immunosuppresseur et adaptation éventuelle de la posologie.",,inhibiteurs puissants du CYP3A4 - macrolides (sauf spiramycine)
INT_02887,Association DECONSEILLEE,"Diminution des concentrations plasmatiques de la télithromycine, avec risque d'échec du traitement anti-infectieux, par augmentation de son métabolisme hépatique par l'inducteur.",,,inhibiteurs puissants du CYP3A4 - macrolides (sauf spiramycine)
INT_02888,Association DECONSEILLEE,"Diminution des concentrations plasmatiques de la télithromycine, avec risque d'échec du traitement anti-infectieux, par augmentation du métabolisme hépatique de la télithromycine par le millepertuis.",,,inhibiteurs puissants du CYP3A4 - macrolides (sauf spiramycine)
INT_02889,Association DECONSEILLEE,"Diminution très importante des concentrations plasmatiques de la télithromycine, avec risque d'échec du traitement anti-infectieux, par augmentation du métabolisme hépatique de la télithromycine par la rifampicine.",,,inhibiteurs puissants du CYP3A4 - macrolides (sauf spiramycine)
INT_02890,Précaution d'emploi,Augmentation de la digoxinémie par augmentation de son absorption.,Surveillance clinique et éventuellement de la digoxinémie pendant le traitement par la télithromycine et après son arrêt.,,inhibiteurs puissants du CYP3A4 - macrolides (sauf spiramycine)
INT_02891,A prendre en compte,Augmentation des concentrations de venlafaxine avec risque de surdosage.,,,inhibiteurs puissants du CYP3A4 - macrolides (sauf spiramycine)
INT_02892,A prendre en compte,Majoration du risque d’angio-oedème.,,,"immunosuppresseurs - médicaments, bradykinine et angio-œdème - substrats"
INT_02893,A prendre en compte,Diminution des deux tiers de l’exposition du ténofovir avec une formulation de PAS calcique.,,,
INT_02894,Association DECONSEILLEE,"Risque d'échec du traitement antirétroviral, voire émergence de résistances. De plus, majoration du risque de la toxicité mitochondriale de la didanosine.",,,médicaments néphrotoxiques
INT_02895,Précaution d'emploi,"Risque de majoration de la néphrotoxicité du ténofovir, notamment avec des doses élevées de l'anti-inflammatoire ou en présence de facteurs de risque d'insuffisance rénale.","En cas d’association, surveiller la fonction rénale.",,médicaments néphrotoxiques
INT_02896,Précaution d'emploi,"Lors de sa co-administration avec un inhibiteur de protéase, augmentation des concentrations plasmatiques du ténofovir par le lédipasvir.","Surveillance clinique et biologique, notamment de la fonction rénale.",,médicaments néphrotoxiques
INT_02897,A prendre en compte,"Diminution d’environ un tiers de l’exposition à l’atazanavir chez le patient en cas d’association au ténofovir, comparativement au sujet sain recevant la même association.",Ne pas administrer l’atazanavir avec le ténofovir sans ritonavir.,,médicaments néphrotoxiques
INT_02898,A prendre en compte,Diminution des deux tiers de l’exposition du ténofovir avec une formulation de PAS calcique.,,,médicaments néphrotoxiques
INT_02899,Contre-indication,"Augmentation, possiblement très importante, de l’exposition des métabolites actifs de la tétrabénazine.",,,
INT_02900,Association DECONSEILLEE,Risque d’inefficacité de l’opiacé par inhibition de son métabolisme par l’inhibiteur.,,,
INT_02901,Association DECONSEILLEE,"Risque de majoration des effets indésirables de la méquitazine, par inhibition de son métabolisme par l’inhibiteur enzymatique.",,,
INT_02902,Association DECONSEILLEE,"Risque de baisse de l'efficacité du tamoxifène, par inhibition de la formation de son métabolite actif par la terbinafine.",,,
INT_02903,Association DECONSEILLEE,Risque d’inefficacité de l’opiacé par inhibition de son métabolisme par l’inhibiteur.,,,
INT_02904,Précaution d'emploi,Diminution des concentrations sanguines de ciclosporine.,Contrôle des concentrations sanguines de ciclosporine et adaptation éventuelle de sa posologie pendant le traitement par terbinafine et après son arrêt.,,
INT_02905,Précaution d'emploi,"Chez l'insuffisant cardiaque, risque d'augmentation des effets indésirables du métoprolol, par diminution de son métabolisme hépatique par la terbinafine.","Surveillance clinique. Si besoin, adaptation de la posologie du métoprolol pendant le traitement par la terbinafine.",,
INT_02906,Précaution d'emploi,"Risque d'augmentation des effets indésirables de la propafénone, par diminution de son métabolisme hépatique par la terbinafine.","Surveillance clinique. Si besoin, adaptation de la posologie de la propafénone pendant le traitement par la terbinafine.",,
INT_02907,Précaution d'emploi,"Diminution des concentrations plasmatiques et de l'efficacité de la terbinafine, par augmentation de son métabolisme hépatique par la rifampicine.","Surveillance clinique. Si besoin, adaptation de la posologie de la terbinafine pendant le traitement par la rifampicine.",,
INT_02908,Contre-indication,Augmentation possiblement très importante de l’exposition des métabolites actifs de la tétrabénazine.,,,médicaments sédatifs
INT_02909,Contre-indication,Augmentation possiblement très importante de l’exposition des métabolites actifs de la tétrabénazine.,,,médicaments sédatifs
INT_02910,Contre-indication,Augmentation possiblement très importante de l’exposition des métabolites actifs de la tétrabénazine.,,,médicaments sédatifs
INT_02911,Contre-indication,Augmentation possiblement très importante de l’exposition des métabolites actifs de la tétrabénazine.,,,médicaments sédatifs
INT_02912,Contre-indication,"Risque de crises hypertensives. Du fait de la durée d'action de l'IMAO, cette interaction est encore théoriquement possible 15 jours après son arrêt.",,,médicaments sédatifs
INT_02913,Contre-indication,Augmentation possiblement très importante de l’exposition des métabolites actifs de la tétrabénazine.,,,médicaments sédatifs
INT_02914,Contre-indication,Augmentation possiblement très importante de l’exposition des métabolites actifs de la tétrabénazine.,,,médicaments sédatifs
INT_02915,Contre-indication,"Augmentation, possiblement très importante, de l’exposition des métabolites actifs de la tétrabénazine.",,,médicaments sédatifs
INT_02916,Association DECONSEILLEE,Antagonisme réciproque entre le dopaminergique et la tétrabénazine.,,,médicaments sédatifs
INT_02917,Association DECONSEILLEE,Antagonisme réciproque entre la lévodopa et la tétrabénazine.,,,médicaments sédatifs
INT_02918,Précaution d'emploi,Risque majoré de survenue de neuropathies périphériques par addition d'effets indésirables.,"Surveillance clinique et biologique régulière, notamment en début d'association.",,bradycardisants - médicaments sédatifs
INT_02919,Précaution d'emploi,Risque majoré de survenue de neuropathies périphériques par addition d'effets indésirables.,"Surveillance clinique et biologique régulière, notamment en début d'association.",,bradycardisants - médicaments sédatifs
INT_02920,Précaution d'emploi,Risque d’augmentation de la théophyllinémie avec signes de surdosage par diminution de son métabolisme hépatique.,Surveillance clinique et éventuellement de la théophyllinémie.,,"médicaments à risque lors du sevrage tabagique - théophylline (et, par extrapolation,"
INT_02921,Précaution d'emploi,Diminution de la lithémie avec risque de baisse de l’efficacité thérapeutique.,Surveillance stricte de la lithémie et adaptation éventuelle de la posologie du lithium.,,"médicaments à risque lors du sevrage tabagique - théophylline (et, par extrapolation,"
INT_02922,Précaution d'emploi,Risque d’augmentation de la théophyllinémie par diminution de son métabolisme hépatique par la propafénone.,Surveillance clinique et éventuellement de la théophyllinémie.,,"médicaments à risque lors du sevrage tabagique - théophylline (et, par extrapolation,"
INT_02923,Précaution d'emploi,"Augmentation importante des concentrations de théophylline, avec risques de majoration de ses effets indésirables.",Surveillance clinique et adaptation de la posologie de la théophylline pendant le traitement par vémurafénib et après son arrêt.,,"médicaments à risque lors du sevrage tabagique - théophylline (et, par extrapolation,"
INT_02924,Contre-indication,Risque hémorragique accru.,,,
INT_02925,A prendre en compte,Augmentation du risque hémorragique.,,,
INT_02926,A prendre en compte,Augmentation du risque hémorragique.,,,
INT_02927,A prendre en compte,Augmentation du risque hémorragique.,,,
INT_02928,Contre-indication,Surdosage en théophylline par diminution importante de son métabolisme.,,,
INT_02929,Contre-indication,"Diminution des concentrations plasmatiques de la théophylline, en raison de l'effet inducteur enzymatique du millepertuis, avec risque de baisse d'efficacité voire d'annulation de l'effet dont les conséquences peuvent être éventuellement graves (survenue d'un trouble ventilatoire obstructif).","En cas d'association fortuite, ne pas interrompre brutalement la prise de millepertuis mais contrôler les concentrations plasmatiques (ou l'efficacité) du médicament associé avant puis après l'arrêt du millepertuis.",,
INT_02930,Association DECONSEILLEE,"Surdosage en théophylline par diminution de son élimination hépatique, plus particulièrement à risque chez l'enfant.",,,
INT_02931,Association DECONSEILLEE,Troubles du rythme ventriculaire graves par augmentation de l'excitabilité cardiaque.,,,
INT_02932,Précaution d'emploi,Avec la cimétidine utilisée à des doses supérieures ou égales à 800 mg/j : augmentation de la théophyllinémie avec risque de surdosage (diminution du métabolisme de la théophylline).,"Surveillance clinique et éventuellement de la théophyllinémie. S'il y a lieu, adaptation de la théophylline pendant le traitement par la cimétidine et après son arrêt.",,
INT_02933,Précaution d'emploi,"Augmentation de la théophyllinémie avec risque de surdosage, par diminution de son métabolisme hépatique par la ciprofloxacine.",Surveillance clinique et éventuellement de la théophyllinémie.,,
INT_02934,Précaution d'emploi,Avec le dipyridamole par voie injectable : réduction de l’effet vasodilatateur du dipyridamole par la théophylline.,Interrompre un traitement par théophylline au moins 5 jours avant une imagerie myocardique avec le dipyridamole.,,
INT_02935,Précaution d'emploi,Augmentation de la théophyllinémie avec risque de surdosage (diminution de la clairance de la théophylline).,"Surveillance clinique et éventuellement de la théophyllinémie ; s'il y a lieu, adaptation de la posologie de la théophylline pendant le traitement par le fluconazole et après son arrêt.",,
INT_02936,Précaution d'emploi,Augmentation de la théophyllinémie avec signes de surdosage (diminution du métabolisme hépatique de la théophylline).,"Surveillance clinique et éventuellement de la théophyllinémie ; si besoin, adaptation de la posologie de la théophylline pendant le traitement par la fluvoxamine et après son arrêt.",,
INT_02937,Précaution d'emploi,Diminution des concentrations plasmatiques et de l'efficacité de la théophylline par augmentation de son métabolisme hépatique par l'inducteur.,"Surveillance clinique et, si besoin, de la théophyllinémie. Adaptation éventuelle de la posologie de la théophylline pendant le traitement par l'inducteur et après son arrêt.",,
INT_02938,Précaution d'emploi,"En cas de posologies élevées de l'inhibiteur, augmentation des concentrations plasmatiques de théophylline par inhibition de son métabolisme.","Surveillance clinique et contrôle de la théophyllinémie jusqu'à deux à trois semaines après la mise en route du traitement par l'inhibiteur ; s'il y a lieu, adaptation de la posologie pendant le traitement par l'association.",,
INT_02939,Précaution d'emploi,"Diminution des concentrations plasmatiques de la théophylline, par augmentation de son métabolisme hépatique.","Surveillance clinique et éventuellement de la théophyllinémie ; s'il y a lieu, adaptation de la posologie de la théophylline pendant le traitement par l'inhibiteur de protéases et après son arrêt.",,
INT_02940,Précaution d'emploi,Augmentation de la théophyllinémie avec risque de surdosage (diminution du métabolisme hépatique de la théophylline).,"Surveillance clinique et éventuellement de la théophyllinémie ; s'il y a lieu, adaptation de la posologie de la théophylline pendant le traitement par la mexilétine et après son arrêt.",,
INT_02941,Précaution d'emploi,Augmentation de la théophyllinémie avec risque de surdosage (diminution du métabolisme de la théophylline).,Surveillance clinique et éventuellement de la théophyllinémie.,,
INT_02942,Précaution d'emploi,Augmentation de la théophyllinémie avec risque de surdosage (diminution du métabolisme de la théophylline).,Surveillance clinique et éventuellement de la théophyllinémie.,,
INT_02943,Précaution d'emploi,Augmentation de la théophyllinémie avec risque de surdosage (compétition au niveau du métabolisme hépatique de la théophylline).,"Surveillance clinique et éventuellement de la théophyllinémie ; s'il y a lieu, adaptation de la posologie de la théophylline pendant le traitement par la pentoxifylline et après son arrêt.",,
INT_02944,Précaution d'emploi,Diminution des concentrations plasmatiques et de l'efficacité de la théophylline (augmentation de son métabolisme par induction enzymatique).,"Surveillance clinique et, si besoin, de la théophyllinémie. Adapter, s'il y a lieu, la posologie de la théophylline pendant le traitement par la rifampicine et après son arrêt.",,
INT_02945,Précaution d'emploi,"Augmentation possible de la théophyllinémie, avec risque de surdosage, par inhibition de son métabolisme hépatique.","Surveillance clinique, dosage plasmatique et adaptation éventuelle de la posologie de théophylline.",,
INT_02946,Précaution d'emploi,"Augmentation de la théophyllinémie avec risque de surdosage, par diminution du métabolisme hépatique de la théophylline.","Surveillance clinique et éventuellement de la théophyllinémie ; s'il y a lieu, adaptation de la posologie de la théophylline pendant le traitement (et après son arrêt, dans le cas où l'anthelminthique est prescrit pour une durée excédant 48 heures).",,
INT_02947,Précaution d'emploi,Augmentation de la théophyllinémie avec risque de surdosage (diminution de la clairance plasmatique de la théophylline).,"Surveillance clinique et éventuellement de la théophyllinémie ; s'il y a lieu, adaptation de la posologie de la théophylline pendant le traitement par la ticlopidine et après son arrêt.",,
INT_02948,A prendre en compte,"Risque d'augmentation de la théophyllinémie, particulièrement chez l'enfant.",,,
INT_02949,A prendre en compte,"Risque d'augmentation de la théophyllinémie, particulièrement chez l'enfant.",,,
INT_02950,A prendre en compte,"Risque d'augmentation de la théophyllinémie, particulièrement chez l'enfant.",,,
INT_02951,Précaution d'emploi,"Augmentation de la théophyllinémie avec risque de surdosage, par diminution du métabolisme hépatique de la théophylline.","Surveillance clinique et éventuellement de la théophyllinémie ; s'il y a lieu, adaptation de la posologie de la théophylline pendant le traitement (et après son arrêt, dans le cas où l'anthelminthique est prescrit pour une durée excédant 48 heures).",,
INT_02952,Précaution d'emploi,Diminution des concentrations plasmatiques de la tiagabine par augmentation de son métabolisme hépatique par l'inducteur.,Une augmentation de la posologie de tiagabine peut s'avérer nécessaire en cas d'association à un anticonvulsivant inducteur enzymatique.,,anticonvulsivants métabolisés
INT_02953,Précaution d'emploi,Diminution des concentrations plasmatiques de la tiagabine par augmentation de son métabolisme hépatique.,Une augmentation de la posologie de la tiagabine peut s’avérer nécessaire en cas d’association à la rifampicine.,,anticonvulsivants métabolisés
INT_02954,Association DECONSEILLEE,"Risque de collapsus, hypertension paroxystique, hyperthermie, convulsions, décès.",,,
INT_02955,Précaution d'emploi,Augmentation de l'effet de l'antivitamine K et du risque hémorragique.,Contrôle plus fréquent de l'INR. Adaptation éventuelle de la posologie de l'antivitamine K pendant le traitement par la tibolone et après son arrêt.,,
INT_02956,Contre-indication,Augmentation des concentrations plasmatiques de ticagrelor par diminution de son métabolisme hépatique par l’inhibiteur.,,,antiagrégants plaquettaires - substrats à risque du CYP3A4
INT_02957,Contre-indication,"Risque de diminution importante des concentrations plasmatiques de ticagrelor par augmentation de son métabolisme hépatique par le millepertuis, avec diminution de son effet thérapeutique.",,,antiagrégants plaquettaires - substrats à risque du CYP3A4
INT_02958,Contre-indication,Augmentation des concentrations plasmatiques du ticagrélor par diminution de son métabolisme hépatique par la bithérapie.,,,antiagrégants plaquettaires - substrats à risque du CYP3A4
INT_02959,Association DECONSEILLEE,Majoration du risque hémorragique par addition des activités antiagrégantes plaquettaires.,Association déconseillée : - en dehors des indications validées pour cette association dans les syndromes coronariens aigus. Précaution d'emploi : - dans les indications validées pour cette association dans les syndromes coronariens aigus. Surveillance clinique.,Yes,antiagrégants plaquettaires - substrats à risque du CYP3A4
INT_02960,Association DECONSEILLEE,"Diminution importante des concentrations plasmatiques de ticagrelor par augmentation de son métabolisme hépatique par l'inducteur enzymatique, avec risque de diminution de l’effet thérapeutique.",,,antiagrégants plaquettaires - substrats à risque du CYP3A4
INT_02961,Association DECONSEILLEE,"Doublement des concentrations plasmatiques de l'antiagrégant, avec risque de majoration des effets indésirables, notamment hémorragiques.",,,antiagrégants plaquettaires - substrats à risque du CYP3A4
INT_02962,Association DECONSEILLEE,"Diminution importante des concentrations plasmatiques de ticagrelor par augmentation de son métabolisme hépatique par la rifampicine, avec risque de diminution de l’effet thérapeutique.",,,antiagrégants plaquettaires - substrats à risque du CYP3A4
INT_02963,A prendre en compte,"Augmentation des concentrations plasmatiques de dabigatran, avec majoration du risque de saignement.",,,antiagrégants plaquettaires - substrats à risque du CYP3A4
INT_02964,A prendre en compte,Risque d’augmentation des concentrations plasmatiques de ticagrelor par diminution de son métabolisme hépatique.,,,antiagrégants plaquettaires - substrats à risque du CYP3A4
INT_02965,A prendre en compte,Risque d’augmentation des concentrations plasmatiques de ticagrelor par diminution de son métabolisme hépatique.,,,antiagrégants plaquettaires - substrats à risque du CYP3A4
INT_02966,Association DECONSEILLEE,Majoration du risque hémorragique par addition des activités antiagrégantes plaquettaires.,"Si l’association ne peut être évitée, surveillance clinique étroite.",,antiagrégants plaquettaires
INT_02967,Précaution d'emploi,Diminution des concentrations sanguines de ciclosporine.,Augmentation de la posologie de la ciclosporine sous contrôle des concentrations sanguines. Réduction de la posologie en cas d'arrêt de la ticlopidine.,,antiagrégants plaquettaires
INT_02968,Précaution d'emploi,Augmentation des concentrations plasmatiques de phénytoïne avec signes de surdosage (inhibition du métabolisme de la,Surveillance clinique et contrôle des concentrations plasmatiques de phénytoïne.,,antiagrégants plaquettaires
INT_02969,Précaution d'emploi,Augmentation de la théophyllinémie avec risque de surdosage (diminution de la clairance plasmatique de la théophylline).,"Surveillance clinique et éventuellement de la théophyllinémie ; s'il y a lieu, adaptation de la posologie de la théophylline pendant le traitement par la ticlopidine et après son arrêt.",,antiagrégants plaquettaires
INT_02970,A prendre en compte,Augmentation des concentrations plasmatiques de kétamine par diminution de son métabolisme par la ticlopidine.,,,antiagrégants plaquettaires
INT_02971,Précaution d'emploi,"Augmentation des concentrations sanguines de l’immunosuppresseur, avec risque d'effets néphrotoxiques.","Dosage des concentrations sanguines de l’immunosuppresseur, contrôle de la fonction rénale et adaptation de la posologie pendant le traitement par la tigécycline.",,"cyclines - substances à absorption réduite par les topiques gastro-intestinaux,"
INT_02972,Précaution d'emploi,"Augmentation des concentrations sanguines de l’immunosuppresseur, avec risque d'effets néphrotoxiques.","Dosage des concentrations sanguines de l’immunosuppresseur, contrôle de la fonction rénale et adaptation de la posologie pendant le traitement par la tigécycline.",,"cyclines - substances à absorption réduite par les topiques gastro-intestinaux,"
INT_02973,Association DECONSEILLEE,"Augmentation importante (entre 2 à 5 fois en moyenne) des concentrations de tolvaptan, avec risque de majoration importante des effets indésirables, notamment diurèse importante, déshydratation, insuffisance rénale aiguë.",,,
INT_02974,Précaution d'emploi,"Augmentation des concentrations de tolvaptan, avec risque de majoration importante des effets indésirables, notamment diurèse importante, déshydratation, insuffisance rénale aiguë.",Réduire la posologie de tolvaptan de moitié.,,
INT_02975,Précaution d'emploi,"Augmentation des concentrations de tolvaptan, avec risque de majoration importante des effets indésirables, notamment diurèse importante, déshydratation, insuffisance rénale aiguë.",Réduire la posologie de tolvaptan de moitié.,,
INT_02976,Précaution d'emploi,"Augmentation des concentrations de tolvaptan, avec risque de majoration importante des effets indésirables, notamment diurèse importante, déshydratation, insuffisance rénale aiguë.",Réduire la posologie de tolvaptan de moitié.,,
INT_02977,Précaution d'emploi,"Augmentation importante (entre 2 à 5 fois en moyenne) des concentrations de tolvaptan, avec risque de majoration importante des effets indésirables, notamment diurèse importante, déshydratation, insuffisance rénale aiguë.","Réduire la posologie des deux tiers aux trois quarts, selon la dose prescrite.",,
INT_02978,Précaution d'emploi,"Augmentation des concentrations de tolvaptan, avec risque de majoration importante des effets indésirables, notamment diurèse importante, déshydratation, insuffisance rénale aiguë.",Réduire la posologie de tolvaptan de moitié.,,
INT_02979,Association DECONSEILLEE,Diminution de l'absorption de certains autres médicaments ingérés simultanément.,"Prendre les topiques ou antiacides, adsorbants à distance de ces substances (plus de 2 heures, si possible).",Yes,
INT_02980,Association DECONSEILLEE,ADSORBANTS Diminution de l'absorption de ces substances.,"Association déconseillée: - avec les inhibiteurs d'intégrase (raltégravir, bictégravir, dolutégravir, cabotégravir) Précaution d'emploi: - avec les autres substances. Par mesure de précaution, il convient de prendre ces topiques ou antiacides à distance de tout autre médicament (plus de 2 heures, si possible).",Yes,
INT_02981,Précaution d'emploi,Risque d'alcalose métabolique chez l'insuffisant rénal,"Comme avec tout médicament oral pris avec l’un ou l’autre de ces médicaments, respecter un intervalle entre les prises (plus de 2 heures, si possible).",,
INT_02982,Précaution d'emploi,Risque d'alcalose métabolique chez l'insuffisant rénal.,"Comme avec tout médicament oral pris avec l’un ou l’autre de ces médicaments, respecter un intervalle entre les prises (plus de 2 heures, si possible).",,
INT_02983,Association DECONSEILLEE,Pour des doses de topiramate >= 200 mg/jour : Risque de diminution de l’efficacité contraceptive par diminution des concentrations en estrogène.,"Si l’association s’avère nécessaire, utiliser une méthode additionnel de type mécanique pendant la durée de l’association et un cycle suivant l’arrêt du topiramate.",,anticonvulsivants métabolisés
INT_02984,Précaution d'emploi,"Diminution des concentrations du topiramate avec risque de moindre efficacité, par augmentation de son métabolisme hépatique par la carbamazépine.","Surveillance clinique, et si besoin, adaptation posologique du topiramate pendant le traitement par la carbamazépine et après son arrêt.",,anticonvulsivants métabolisés
INT_02985,Précaution d'emploi,"Pour des doses de topiramate >= 200 mg par jour : augmentation de la lithémie pouvant atteindre des valeurs toxiques, avec signes de surdosage en lithium.",Surveillance clinique et biologique. Adaptation de la posologie du lithium.,,anticonvulsivants métabolisés
INT_02986,Précaution d'emploi,"Risque de diminution des concentrations du topiramate avec risque de moindre efficacité, par augmentation de son métabolisme hépatique par l'oxcarbazépine.","Surveillance clinique, et si besoin, adaptation posologique du topiramate pendant le traitement par l'oxcarbazépine et après son arrêt.",,anticonvulsivants métabolisés
INT_02987,Précaution d'emploi,"Augmentation de l'hyperammoniémie, avec risque accru d'encéphalopathie.",Surveillance clinique et biologique régulière.,,anticonvulsivants métabolisés
INT_02988,Contre-indication,"Risque majoré de troubles du rythme ventriculaire, notamment de torsades de pointes.","Contre-indication: - Pour l'érythromycine et la vincamine, seules les formes administrées par voie intraveineuse sont concernées par cette interaction. - Pour la spiramycine, la voie IV et la voie orale sont concernées. - Le citalopram, l'escitalopram, l'hydroxyzine, la dompéridone, la pipéraquinei sont contre-indiqués quel que soit le torsadogène. Association déconseillée: - avec les antiparasitaires (chloroquine, halofantrine, luméfantrine, pentamidine), les neuroleptiques, la méthadone, l'arsénieux et l'hydroxychloroquine. Si l’association ne peut être évitée, contrôle clinique et électrocardiographique régulier.",Yes,cytotoxiques
INT_02989,Association DECONSEILLEE,"Risque d’augmentation des concentrations plasmatiques du topotécan, par augmentation de son absorption avec le tédizolide administré par voie orale, ou par diminution de son élimination avec le tédizolide administré par voie IV. TORSADOGÈNES (SAUF ARSÉNIEUX, ANTIPARASITAIRES, (amiodarone, citalopram, cocaine, disopyramide, domperidone, dronedarone, erythromycine, pipéraquine, quinidine, sotalol, spiramycine, toremifene, vandétanib, vincamine)","NEUROLEPTIQUES, MÉTHADONE...) escitalopram, hydroquinidine, hydroxyzine, mequitazine, moxifloxacine,",,cytotoxiques
INT_02990,Association DECONSEILLEE,Risque d’augmentation des concentrations plasmatiques de la trabectedine par l’itraconazole.,"Si l’association est nécessaire, surveillance clinique et adaptation éventuelle de la posologie de la trabectedine pendant la durée du traitement par l’itraconazole.",,
INT_02991,A prendre en compte,Risque de surdosage lors du remplacement du tabac par le traitement substitutif.,,,
INT_02992,Contre-indication,"Risque d'apparition d'un syndrome sérotoninergique : diarrhée, sueurs, tremblements, confusion, voire coma.",,,analgésiques morphiniques agonistes - analgésiques morphiniques de palier
INT_02993,Association DECONSEILLEE,Risque d’inefficacité de l’opiacé par inhibition de son métabolisme par l’inhibiteur.,,,analgésiques morphiniques agonistes - analgésiques morphiniques de palier
INT_02994,Association DECONSEILLEE,Risque d’inefficacité de l’opiacé par inhibition de son métabolisme par l’inhibiteur.,,,analgésiques morphiniques agonistes - analgésiques morphiniques de palier
INT_02995,Association DECONSEILLEE,Risque d’inefficacité de l’opiacé par inhibition de son métabolisme par l’inhibiteur.,,,analgésiques morphiniques agonistes - analgésiques morphiniques de palier
INT_02996,Association DECONSEILLEE,Diminution de l’efficacité de l’opiacé par inhibition de son métabolisme par l’inhibiteur.,,,analgésiques morphiniques agonistes - analgésiques morphiniques de palier
INT_02997,Association DECONSEILLEE,"Risque d'apparition d'un syndrome sérotoninergique : diarrhée, tachycardie, sueurs, tremblements, confusion voire coma.",,,analgésiques morphiniques agonistes - analgésiques morphiniques de palier
INT_02998,Association DECONSEILLEE,Diminution de l’efficacité de l’opiacé par inhibition de son métabolisme par l’inhibiteur.,,,analgésiques morphiniques agonistes - analgésiques morphiniques de palier
INT_02999,Association DECONSEILLEE,Diminution de l’efficacité de l’opiacé par inhibition de son métabolisme par l’inhibiteur.,,,analgésiques morphiniques agonistes - analgésiques morphiniques de palier
INT_03000,Association DECONSEILLEE,Risque d’inefficacité de l’opiacé par inhibition de son métabolisme par l’inhibiteur.,,,analgésiques morphiniques agonistes - analgésiques morphiniques de palier
INT_03001,A prendre en compte,Augmentation du risque hémorragique,Surveillance particulièrement chez le sujet âgé.,,analgésiques morphiniques agonistes - analgésiques morphiniques de palier
INT_03002,A prendre en compte,Risque d’apparition d’un syndrome sérotoninergique.,,,analgésiques morphiniques agonistes - analgésiques morphiniques de palier
INT_03003,A prendre en compte,Risque d'apparition de convulsions et/ou d'un syndrome sérotoninergique.,,,analgésiques morphiniques agonistes - analgésiques morphiniques de palier
INT_03004,A prendre en compte,Diminution de l’intensité et de la durée de l’effet analgésique du tramadol et risque de diminution de l’effet antiémétique de l’ondansétron.,,,analgésiques morphiniques agonistes - analgésiques morphiniques de palier
INT_03005,A prendre en compte,Risque d'apparition de convulsions et/ou d'un syndrome sérotoninergique.,,,analgésiques morphiniques agonistes - analgésiques morphiniques de palier
INT_03006,Association DECONSEILLEE,"Augmentation des concentrations plasmatiques du DM1, un composant du trastuzumab emtansine, par inhibition de son métabolisme par l’inhibiteur.",,,
INT_03007,Contre-indication,Ergotisme avec possibilité de nécrose des extrémités (inhibition du métabolisme hépatique de l’alcaloïde de l’ergot de seigle).,"Respecter un délai de 24 heures entre l’arrêt du triclabendazole et la prise du médicament dérivé de l’ergot, et inversement.",,
INT_03008,Contre-indication,Ergotisme avec possibilité de nécrose des extrémités (inhibition du métabolisme hépatique de l’alcaloïde de l’ergot de seigle).,"Respecter un délai de 24 heures entre l’arrêt du triclabendazole et l’ergotamine, et inversement.",,
INT_03009,Contre-indication,"Risque majoré de troubles du rythme ventriculaire, notamment de torsades de pointes (inhibition du métabolisme hépatique du médicament torsadogène).","Respecter un délai de 24 heures entre l’arrêt du triclabendazole et la prise du médicament torsadogène, et inversement.",,
INT_03010,Précaution d'emploi,"Risque majoré de troubles du rythme ventriculaire, notamment de torsades de pointes (inhibition du métabolisme hépatique du médicament torsadogène).",Surveillance clinique.,,
INT_03011,Précaution d'emploi,Diminution des concentrations de fer sérique.,Prendre la trientine à distance des sels de fer.,,
INT_03012,Contre-indication,Augmentation de la toxicité hématologique du méthotrexate (diminution de son excrétion rénale ainsi qu'inhibition de la dihydrofolate réductase).,Contre-indication - avec le méthotrexate utilisé à doses > 20 mg/semaine Association déconseillée - Avec le méthotrexate utilisé à des doses =< 20 mg/semaine,Yes,hyperkaliémiants - sulfaméthoxazole + triméthoprime
INT_03013,Association DECONSEILLEE,Risque d’augmentation des concentrations plasmatiques de répaglinide par inhibition de son métabolisme hépatique par le triméthoprime.,"Si l’association ne peut être évitée, surveillance clinique et biologique étroite.",,hyperkaliémiants - sulfaméthoxazole + triméthoprime
INT_03014,Précaution d'emploi,Risque d’augmentation des concentrations plasmatiques du paclitaxel par inhibition de son métabolisme hépatique par le triméthoprime.,Surveillance clinique et biologique étroite et adaptation de la posologie du paclitaxel pendant l’association.,,hyperkaliémiants - sulfaméthoxazole + triméthoprime
INT_03015,Précaution d'emploi,"Anémie mégaloblastique, plus particulièrement à fortes doses des deux produits (déficit en acide folique par l'association de deux 2-4 diaminopyrimidines).",Contrôle régulier de l'hémogramme et association d'un traitement par l'acide folique (injections IM régulières).,,hyperkaliémiants - sulfaméthoxazole + triméthoprime
INT_03016,Précaution d'emploi,Risque d’augmentation des effets indésirables du sélexipag par diminution de son métabolisme.,Surveillance clinique étroite pendant l’association. Réduire de moitié la posologie (une seule prise par jour).,,hyperkaliémiants - sulfaméthoxazole + triméthoprime
INT_03017,A prendre en compte,Avec le triméthoprime (seul ou associé) par voie orale : augmentation de la créatininémie avec diminution possible des concentrations sanguines de ciclosporine. Avec le trimethoprime (seul ou associé) par voie IV : la diminution des concentrations sanguines de ciclosporine peut être très importante avec disparition possible du pouvoir immunosuppresseur.,,,hyperkaliémiants - sulfaméthoxazole + triméthoprime
INT_03018,Contre-indication,"Risque d'hypertension artérielle, de vasoconstriction artérielle coronaire.","Respecter un délai de 6 à 24 heures, selon le triptan, entre la prise de celui-ci et celle de l'alcaloïde ergoté",,
INT_03019,A prendre en compte,Risque d'apparition d'un syndrome sérotoninergique.,,,
INT_03020,Contre-indication,"Risque d'hypertension artérielle, de vasoconstriction artérielle coronaire.",,,
INT_03021,Contre-indication,"Risque d'hypertension artérielle, de vasoconstriction artérielle coronaire.",,,
INT_03022,Contre-indication,"Risque d'hypertension artérielle, de vasoconstriction artérielle coronaire.",,,
INT_03023,Association DECONSEILLEE,"Risque d'hypertension artérielle, de vasoconstriction artérielle coronaire.",,,
INT_03024,Association DECONSEILLEE,"Risque d'hypertension artérielle, de vasoconstriction artérielle coronaire.",,,
INT_03025,Association DECONSEILLEE,"Risque d'hypertension artérielle, de vasoconstriction artérielle coronaire.",,,
INT_03026,Précaution d'emploi,"Décrit pour les antifongiques azolés Augmentation des concentrations de trétinoïne par diminution de son métabolisme, avec risque de majoration de sa toxicité (pseudo- tumor cerebrii, hypercalcémie…)",Adaptation de la posologie de la trétinoïne pendant le traitement par l’inhibiteur et après son arrêt.,,rétinoïdes
INT_03027,Association DECONSEILLEE,Augmentation importante des concentrations de tucatinib par diminution de son métabolisme par le gemfibrozil.,,,inhibiteurs de tyrosine kinases métabolisés - inhibiteurs puissants du CYP3A4
INT_03028,Association DECONSEILLEE,"Risque d’augmentation des concentrations plasmatiques de l'imatinib, par augmentation de son absorption avec le tédizolide administré par voie orale.",,,"IMAO-A réversibles, y compris oxazolidinones et bleu de méthylène"
INT_03029,Association DECONSEILLEE,"Risque d’augmentation des concentrations plasmatiques du lapatinib, par augmentation de son absorption avec le tédizolide administré par voie orale, ou par diminution de son élimination avec le tédizolide administré par voie IV.",,,"IMAO-A réversibles, y compris oxazolidinones et bleu de méthylène"
INT_03030,Association DECONSEILLEE,"Risque d’augmentation des concentrations plasmatiques du méthotrexate, par augmentation de son absorption avec le tédizolide administré par voie orale, ou par diminution de son élimination avec le tédizolide administré par voie IV.",,,"IMAO-A réversibles, y compris oxazolidinones et bleu de méthylène"
INT_03031,Association DECONSEILLEE,"Risque d’augmentation des concentrations plasmatiques de la rosuvastatine, par augmentation de son absorption avec le tédizolide administré par voie orale, ou par diminution de son élimination avec le tédizolide administré par voie IV.",,,"IMAO-A réversibles, y compris oxazolidinones et bleu de méthylène"
INT_03032,Association DECONSEILLEE,"Risque d’augmentation des concentrations plasmatiques de la sulfasalazine, par augmentation de son absorption avec le tédizolide administré par voie orale.",,,"IMAO-A réversibles, y compris oxazolidinones et bleu de méthylène"
INT_03033,Association DECONSEILLEE,"Risque d’augmentation des concentrations plasmatiques du topotécan, par augmentation de son absorption avec le tédizolide administré par voie orale, ou par diminution de son élimination avec le tédizolide administré par voie IV.",,,"IMAO-A réversibles, y compris oxazolidinones et bleu de méthylène"
INT_03034,Association DECONSEILLEE,Diminution des concentrations plasmatiques du ténofovir alafénamide par diminution de son absorption par l’inducteur.,"Si l'association ne peut être évitée, surveillance clinique pendant l’association et 1 à 2 semaines après l’arrêt de l’inducteur.",,
INT_03035,Association DECONSEILLEE,Diminution des concentrations plasmatiques du ténofovir alafénamide par diminution de son absorption par la rifampicine.,Surveillance clinique pendant l’association et 1 à 2 semaines après l’arrêt de la rifampicine.,,
INT_03036,Précaution d'emploi,Augmentation des concentrations plasmatiques du ténofovir alafénamide par augmentation de son absorption.,"En cas de co-administration avec la ciclosporine, la dose de ténofovir alafénamide doit être limitée à 10 mg par jour.",,
INT_03037,Précaution d'emploi,"Avec l'atazanavir, le darunavir ou le lopinavir boostés par cobicistat, augmentation des concentrations plasmatiques du ténofovir alafénamide par augmentation de son absorption.","En cas de co-administration, la dose de ténofovir alafénamide doit être limitée à 10 mg par jour. L’association avec les autres inhibiteurs de protéases du VIH n’a pas été étudiée.",,
INT_03038,Précaution d'emploi,"Avec l'atazanavir, le darunavir ou le lopinavir, augmentation des concentrations plasmatiques du ténofovir alafénamide par augmentation de son absorption.","En cas de co-administration, la dose de ténofovir alafénamide doit être limitée à 10 mg par jour. L’association avec les autres inhibiteurs de protéases du VIH n’a pas été étudiée.",,
INT_03039,Précaution d'emploi,Augmentation des concentrations plasmatiques du ténofovir alafénamide par augmentation de son absorption.,"En cas de co-administration avec l’itraconazole, la dose de ténofovir alafénamide doit être limitée à 10 mg par jour.",,
INT_03040,Précaution d'emploi,Augmentation des concentrations plasmatiques du ténofovir alafénamide par augmentation de son absorption.,"En cas de co-administration avec le kétoconazole, la dose de ténofovir alafénamide doit être limitée à 10 mg par jour.",,
INT_03041,Précaution d'emploi,Augmentation des concentrations plasmatiques du ténofovir alafénamide par augmentation de son absorption.,"En cas de co-administration avec le vérapamil, la dose de ténofovir alafénamide doit être limitée à 10 mg par jour.",,
INT_03042,Association DECONSEILLEE,"Risque de maladie vaccinale généralisée, éventuellement mortelle.",,,"substances à absorption réduite par les topiques gastro-intestinaux, antiacides"
INT_03043,Précaution d'emploi,Risque d’augmentation des effets indésirables du sélexipag par diminution de son métabolisme.,Surveillance clinique étroite pendant l’association. Réduire de moitié la posologie (une seule prise par jour).,,"substances à absorption réduite par les topiques gastro-intestinaux, antiacides"
INT_03044,Association DECONSEILLEE,"Dans l'indication contraception d'urgence de l'ulipristal : Antagonisme des effets de l’ulipristal en cas de reprise d’un contraceptif hormonal moins de 5 jours après la prise de la contraception d’urgence. Dans l’indication fibrome de l'ulipristal : Antagonisme réciproque des effets de l’ulipristal et du progestatif, avec risque d’inefficacité.","Association déconseillée Dans l'utilisation à visée contraceptive de la cyprotérone - Dans l'indication contraception d'urgence de l'ulipristal Dans le cas où la (re)prise d’une contraception hormonale est envisagée, utiliser une contraception additionnelle de type mécanique pendant les 12 jours qui suivent la (dernière) prise de l’ulipristal (au cas où il y en aurait eu plus d’une). - Dans l’indication fibrome de l'ulipristal : Dans le cas où la (re)prise d’une contraception hormonale est envisagée, utiliser une contraception de type mécanique pendant les 7 premiers jours de la contraception hormonale. Association à prendre en compte Lorsque la cyprotérone n'est pas à visée contraceptive.",Yes,"substances à absorption réduite par les topiques gastro-intestinaux, antiacides"
INT_03045,Association DECONSEILLEE,"Risque de diminution de l’effet de l’ulipristal, par augmentation de son métabolisme hépatique par l’inducteur.",Préférer une alternative thérapeutique peu ou pas métabolisée.,,"substances à absorption réduite par les topiques gastro-intestinaux, antiacides"
INT_03046,Association DECONSEILLEE,"Risque de diminution de l’effet de l’ulipristal, par augmentation de son métabolisme hépatique par le ritonavir.",Préférer une alternative thérapeutique peu ou pas métabolisée.,,"substances à absorption réduite par les topiques gastro-intestinaux, antiacides"
INT_03047,Association DECONSEILLEE,"Risque de diminution de l’effet de l’ulipristal, par augmentation de son métabolisme hépatique par l’inducteur.",Préférer une alternative thérapeutique peu ou pas métabolisée.,,"substances à absorption réduite par les topiques gastro-intestinaux, antiacides"
INT_03048,Association DECONSEILLEE,"Dans l'indication contraception d'urgence : Antagonisme des effets de l’ulipristal en cas de reprise d’un contraceptif hormonal moins de 5 jours après la prise de la contraception d’urgence. Dans l’indication fibrome : Antagonisme réciproque des effets de l’ulipristal et du progestatif, avec risque d’inefficacité.","- Dans l'indication contraception d'urgence: Dans le cas où la (re)prise d’une contraception hormonale est envisagée, utiliser une contraception additionnelle de type mécanique pendant les 12 jours qui suivent la (dernière) prise de l’ulipristal (au cas où il y en aurait eu plus d’une). - Dans l’indication fibrome : Dans le cas où la (re)prise d’une contraception hormonale est envisagée, utiliser une contraception de type mécanique pendant les 7 premiers jours de la contraception hormonale.",,"substances à absorption réduite par les topiques gastro-intestinaux, antiacides"
INT_03049,Association DECONSEILLEE,"Risque de diminution de l’effet de l’ulipristal, par augmentation de son métabolisme hépatique par l’inducteur.",Préférer une alternative thérapeutique peu ou pas métabolisée.,,"substances à absorption réduite par les topiques gastro-intestinaux, antiacides"
INT_03050,A prendre en compte,"Risque de diminution de l’effet de l’ulipristal, par diminution de son absorption.",,,"substances à absorption réduite par les topiques gastro-intestinaux, antiacides"
INT_03051,A prendre en compte,"Risque de diminution de l’effet de l’ulipristal, par diminution de son absorption.",,,"substances à absorption réduite par les topiques gastro-intestinaux, antiacides"
INT_03052,A prendre en compte,"Dans l’indication fibrome : Antagonisme réciproque des effets de l’ulipristal et du progestatif, avec risque d’inefficacité.",,,"substances à absorption réduite par les topiques gastro-intestinaux, antiacides"
INT_03053,Contre-indication,Risque de maladie vaccinale généralisée éventuellement mortelle.,Et pendant les 3 mois suivant l'arrêt du traitement.,,
INT_03054,Contre-indication,Risque de maladie vaccinale généralisée éventuellement mortelle.,"- Et pendant les 6 mois suivant l'arrêt de la chimiothérapie. - Et, à l'exception de l'hydroxycarbamide dans son indication chez le patient drépanocytaire.",,
INT_03055,Contre-indication,"A l'exception des voies inhalées et locales, et pour des posologies supérieures à 10 mg/j d’équivalent-prednisone (ou > 2 mg/kg/j chez l’enfant ou > 20 mg/j chez l’enfant de plus de 10 kg) pendant plus de deux semaines et pour les « bolus » de corticoïdes: risque de maladie vaccinale généralisée éventuellement mortelle.",Et pendant les 3 mois suivant l'arrêt de la corticothérapie.,,
INT_03056,Contre-indication,Risque de maladie vaccinale généralisée éventuellement mortelle.,Et pendant les 3 mois suivant l'arrêt du traitement.,,
INT_03057,Contre-indication,Risque de maladie vaccinale généralisée éventuellement mortelle.,Et pendant les 3 mois suivant l'arrêt du traitement.,,
INT_03058,Contre-indication,Risque de maladie vaccinale généralisée éventuellement mortelle.,Et pendant les 3 mois suivant l'arrêt du traitement.,,
INT_03059,Association DECONSEILLEE,"Risque de maladie vaccinale généralisée, éventuellement mortelle.",ainsi que pendant les 3 mois suivant l'arrêt du traitement.,,
INT_03060,Association DECONSEILLEE,"Risque de maladie vaccinale généralisée, éventuellement mortelle.","Association déconseillée avec : - anifrolumab, atézolizumab, bélimumab, bimékizumab, blinatumomab, canakinumab, durvalumab, guselkumab, inébilizumab, inotuzumab, ixékizumab, obinutuzumab, ocrélizumab, ofatumumab, rituximab, sacituzumab, spésolimab, tafasitamab, tézépelumab, tocilizumab, ustékinumab A prendre en compte avec : - alemtuzumab, amivantamab, brentuximab, cetuximab, daratumumab, dénosumab, ibritumomab, ipilimumab, natalizumab, nivolumab, panitumumab, pembrolizumab, ramucirumab, satralizumab, sécukinumab, siltuximab, tralokinumab, védolizumab",Yes,
INT_03061,Association DECONSEILLEE,"Risque de maladie vaccinale généralisée, éventuellement mortelle.",,,
INT_03062,Association DECONSEILLEE,"Dans son indication chez le patient drépanocytaire, risque théorique de maladie vaccinale généralisée.","L'association ne devra être envisagée que si les bénéfices sont estimés comme étant supérieurs à ce risque. S'il est décidé d’interrompre le traitement par hydroxycarbamide pour effectuer la vaccination, un délai de 3 mois après l’arrêt est recommandé.",,
INT_03063,Association DECONSEILLEE,"Risque de maladie vaccinale généralisée, éventuellement mortelle.",,,
INT_03064,A prendre en compte,Possible augmentation du risque infectieux.,,,
INT_03065,A prendre en compte,Risque de maladie généralisée éventuellement mortelle. Ce risque est majoré chez les sujets âgés déjà immunodéprimés par la maladie sous-jacente.,"En particulier, utiliser un vaccin inactivé lorsqu'il existe (poliomyélite).",,
INT_03066,Contre-indication,Antagonisme de la phosporylation et donc de l'effet pharmacologique du valganciclovir par le maribavir.,,,médicaments néphrotoxiques
INT_03067,A prendre en compte,Risque de majoration de la toxicité hématologique.,,,médicaments néphrotoxiques
INT_03068,Association DECONSEILLEE,"Risque majoré de réactions cutanées graves (syndrome de Lyell). Par ailleurs, augmentation des concentrations plasmatiques de lamotrigine (diminution de son métabolisme hépatique par le valproate de sodium).","Si l'association s'avère nécessaire, surveillance clinique étroite.",,
INT_03069,Association DECONSEILLEE,"Risque de survenue de crises convulsives, par diminution rapide des concentrations plasmatiques de l’acide valproïque, pouvant devenir indétectables.",,,
INT_03070,Précaution d'emploi,"Augmentation de l'hyperammoniémie, avec risque accru d'encéphalopathie.",Surveillance clinique et biologique régulière.,,
INT_03071,Précaution d'emploi,"Risque de survenue de crises convulsives, par diminution des concentrations plasmatiques de l'acide valproïque.","Surveillance clinique, dosages plasmatiques et adaptation éventuelle de la posologie de l'anticonvulsivant pendant le traitement par l'anti- infectieux et après son arrêt.",,
INT_03072,Précaution d'emploi,"Augmentation des concentrations plasmatiques du métabolite actif de la carbamazépine avec signes de surdosage. De plus, diminution des concentrations plasmatiques d'acide valproïque par augmentation de son métabolisme hépatique par la carbamazépine.","Surveillance clinique, dosages plasmatiques et adaptation de la posologie des deux anticonvulsivants.",,
INT_03073,Précaution d'emploi,"Augmentation des concentrations plasmatiques de l'acide valproïque, avec risque de surdosage.","Surveillance clinique, contrôle biologique et adaptation éventuelle de la posologie du valproate ou du valpromide pendant le traitement par le felbamate et après son arrêt.",,
INT_03074,Précaution d'emploi,"Augmentation de l'hyperammoniémie, avec risque accru d'encéphalopathie.",Surveillance clinique et biologique régulière.,,
INT_03075,Précaution d'emploi,"Augmentation de l'hyperammoniémie, avec risque accru d'encéphalopathie.",Surveillance clinique et biologique régulière.,,
INT_03076,Précaution d'emploi,"Risque de survenue de crises convulsives, par augmentation du métabolisme hépatique du valproate par la rifampicine.","Surveillance clinique et biologique, et adaptation éventuelle de la posologie de l'anticonvulsivant pendant le traitement par la rifampicine et après son arrêt.",,
INT_03077,Précaution d'emploi,"Possible augmentation des concentrations de rufinamide, notamment chez l’enfant de moins de 30 kg.",Chez l’enfant de moins de 30 kg : ne pas dépasser la dose totale de 600 mg/j après la période de titration.,,
INT_03078,Précaution d'emploi,"Augmentation de l'hyperammoniémie, avec risque accru d'encéphalopathie.",Surveillance clinique et biologique régulière.,,
INT_03079,Précaution d'emploi,"Risque d’augmentation des effets indésirables, notamment hématologiques, de la zidovudine par diminution de son métabolisme par l’acide valproïque.",Surveillance clinique et biologique régulière. Un hémogramme à la recherche d’une anémie devrait être réalisé au cours des deux premiers mois de l’association.,,
INT_03080,Précaution d'emploi,"Augmentation de l'hyperammoniémie, avec risque accru d'encéphalopathie.",Surveillance clinique et biologique régulière.,,
INT_03081,A prendre en compte,"Avec la nimodipine par voie orale, et par extrapolation, par voie injectable : risque de majoration de l'effet hypotenseur de la nimodipine par augmentation de ses concentrations plasmatiques (diminution de son métabolisme par l'acide valproïque).",,,
INT_03082,Association DECONSEILLEE,Majoration de la néphrotoxicité par comparaison à la vancomycine seule.,,,médicaments néphrotoxiques - médicaments ototoxiques
INT_03083,Association DECONSEILLEE,"Augmentation des concentrations plasmatiques du vardénafil, avec risque d’hypotension.",,,inhibiteurs de la phosphodiesterase de type 5 - médicaments à l'origine d'une
INT_03084,Contre-indication,"Diminution des concentrations plasmatiques de velpatasvir par l’inducteur, avec possible retentissement sur l’efficacité.",,,
INT_03085,Contre-indication,"Diminution des concentrations plasmatiques de velpatasvir par le millepertuis, avec possible retentissement sur l’efficacité.",,,
INT_03086,Contre-indication,"Diminution des concentrations plasmatiques de velpatasvir par la rifabutine, avec possible retentissement sur l’efficacité.",,,
INT_03087,Contre-indication,"Diminution des concentrations plasmatiques de velpatasvir par la rifampicine, avec possible retentissement sur l’efficacité.",,,
INT_03088,Association DECONSEILLEE,Diminution des concentrations de velpatasvir et de sofosbuvir.,"Si l’association s’avère nécessaire, la bithérapie velpatasvir/sofosbuvir doit être prise au moment du repas, ou 4 heures avant la prise d’un IPP donné à dose minimale.",,
INT_03089,Association DECONSEILLEE,"Risque de diminution des concentrations de velpatasvir/sofosbuvir, avec possible retentissement sur l’efficacité.",,,
INT_03090,Association DECONSEILLEE,"Risque de diminution des concentrations de velpatasvir/sofosbuvir, avec possible retentissement sur l’efficacité.",,,
INT_03091,Précaution d'emploi,Augmentation des concentrations plasmatiques de rosuvastatine par augmentation de son absorption intestinale par le velpatasvir.,"En cas d’association, ne pas dépasser 10 mg par jour de rosuvastatine.",,
INT_03092,A prendre en compte,Augmentation des concentrations de venlafaxine avec risque de surdosage.,,,médicaments mixtes adrénergiques-sérotoninergiques - médicaments à l'origine
INT_03093,A prendre en compte,Augmentation des concentrations de venlafaxine avec risque de surdosage.,,,médicaments mixtes adrénergiques-sérotoninergiques - médicaments à l'origine
INT_03094,A prendre en compte,Augmentation des concentrations de venlafaxine avec risque de surdosage.,,,médicaments mixtes adrénergiques-sérotoninergiques - médicaments à l'origine
INT_03095,A prendre en compte,Augmentation des concentrations de venlafaxine avec risque de surdosage.,,,médicaments mixtes adrénergiques-sérotoninergiques - médicaments à l'origine
INT_03096,A prendre en compte,Augmentation des concentrations de venlafaxine avec risque de surdosage.,,,médicaments mixtes adrénergiques-sérotoninergiques - médicaments à l'origine
INT_03097,A prendre en compte,Augmentation des concentrations de venlafaxine avec risque de surdosage.,,,médicaments mixtes adrénergiques-sérotoninergiques - médicaments à l'origine
INT_03098,A prendre en compte,Risque d'apparition de convulsions et/ou d'un syndrome sérotoninergique.,,,médicaments mixtes adrénergiques-sérotoninergiques - médicaments à l'origine
INT_03099,A prendre en compte,Augmentation des concentrations de venlafaxine avec risque de surdosage.,,,médicaments mixtes adrénergiques-sérotoninergiques - médicaments à l'origine
INT_03100,Contre-indication,"Avec le dantrolène administré par perfusion : chez l'animal, des cas de fibrillations ventriculaires mortelles sont constamment observés lors de l'administration de vérapamil et de dantrolène par voie IV. L'association d'un antagoniste du calcium et de dantrolène est donc potentiellement dangereuse. Cependant, quelques patients ont reçu l'association nifédipine et dantrolène sans inconvénient.",,,antagonistes des canaux calciques - antiarythmiques - antihypertenseurs sauf
INT_03101,Contre-indication,"Augmentation des concentrations plasmatiques de l’ivabradine et de ses effets indésirables, notamment cardiaques (augmentation de son absorption et inhibition de son métabolisme hépatique par le vérapamil), qui s’ajoutent aux effets bradycardisants de ces deux médicaments.",,,antagonistes des canaux calciques - antiarythmiques - antihypertenseurs sauf
INT_03102,Contre-indication,"Réduction importante des concentrations de vérapamil, avec risque de perte de son effet thérapeutique.",,,antagonistes des canaux calciques - antiarythmiques - antihypertenseurs sauf
INT_03103,Contre-indication,"Risque majoré de troubles du rythme ventriculaires, notamment, de torsades de pointes.",,,antagonistes des canaux calciques - antiarythmiques - antihypertenseurs sauf
INT_03104,Association DECONSEILLEE,"Pour vérapamil voie injectable : -risque de bradycardie ou de bloc auriculo-ventriculaire. Pour vérapamil per os : -risque de bradycardie ou de bloc auriculo-ventriculaire, notamment chez les personnes âgées.","Association déconseillée avec : - le vérapamil IV Si l'association ne peut être évitée, surveillance clinique et ECG continu. Précaution d'emploi avec : - le vérapamil per os Surveillance clinique et ECG.",Yes,antagonistes des canaux calciques - antiarythmiques - antihypertenseurs sauf
INT_03105,Association DECONSEILLEE,"Troubles de l'automatisme (bradycardie excessive, arrêt sinusal), trouble de la conduction sino-auriculaire et auriculo-ventriculaire et défaillance cardiaque.","Une telle association ne doit se faire que sous surveillance clinique et ECG étroite, en particulier chez le sujet âgé ou en début de traitement.",,antagonistes des canaux calciques - antiarythmiques - antihypertenseurs sauf
INT_03106,Association DECONSEILLEE,"Effet inotrope négatif avec risque de décompensation de l’insuffisance cardiaque, troubles de l'automatisme (bradycardie, arrêt sinusal) et troubles de la conduction sino-auriculaire et auriculo-ventriculaire.",,,antagonistes des canaux calciques - antiarythmiques - antihypertenseurs sauf
INT_03107,Association DECONSEILLEE,"Risque de majoration des effets indésirables de la colchicine, par augmentation de ses concentrations plasmatiques par le vérapamil.",,,antagonistes des canaux calciques - antiarythmiques - antihypertenseurs sauf
INT_03108,Association DECONSEILLEE,"Troubles de l'automatisme (bradycardie excessive, arrêt sinusal), troubles de la conduction sino-auriculaire et auriculo-ventriculaire et défaillance cardiaque.",Association déconseillée : - en cas d'altération de la fonction ventriculaire gauche. Précaution d'emploi : - si la fonction ventriculaire gauche est normale. Surveillance clinique et ECG.,Yes,antagonistes des canaux calciques - antiarythmiques - antihypertenseurs sauf
INT_03109,Association DECONSEILLEE,Augmentation des concentrations plasmatiques de la fidaxomicine.,,,antagonistes des canaux calciques - antiarythmiques - antihypertenseurs sauf
INT_03110,Association DECONSEILLEE,Risque d’augmentation des concentrations plasmatiques d’ibrutinib par diminution de son métabolisme hépatique par le vérapamil.,"Si l’association ne peut être évitée, surveillance clinique étroite et réduction de la dose d’ibrutinib à 280 mg par jour pendant la durée de l’association.",,antagonistes des canaux calciques - antiarythmiques - antihypertenseurs sauf
INT_03111,Association DECONSEILLEE,Augmentation des concentrations plasmatiques d’olaparib par le vérapamil.,"Si l’association ne peut être évitée, limiter la dose d’olaparib à 200 mg deux fois par jour.",,antagonistes des canaux calciques - antiarythmiques - antihypertenseurs sauf
INT_03112,Association DECONSEILLEE,"Risque de majoration importante des effets hémodynamiques du vérapamil, avec hypotension et bradycardie sévères.",,,antagonistes des canaux calciques - antiarythmiques - antihypertenseurs sauf
INT_03113,Précaution d'emploi,Augmentation des concentrations plasmatique d’afatinib par augmentation de son absorption par le vérapamil.,"Il est recommandé d’administrer le vérapamil le plus à distance possible de l’afatinib, en respectant de préférence un intervalle de 6 heures ou de 12 heures par rapport à la prise d’afatinib.",,antagonistes des canaux calciques - antiarythmiques - antihypertenseurs sauf
INT_03114,Précaution d'emploi,"Risque majoré d'effets indésirables (concentration-dépendants) à type de rhabdomyolyse, par diminution du métabolisme hépatique de l'hypocholestérolémiant.","Utiliser des doses plus faibles d'hypocholestérolémiant. Si l'objectif thérapeutique n'est pas atteint, utiliser une autre statine non concernée par ce type d'interaction.",,antagonistes des canaux calciques - antiarythmiques - antihypertenseurs sauf
INT_03115,Précaution d'emploi,"Augmentation des concentrations plasmatiques de la buspirone par diminution de son métabolisme hépatique par le vérapamil, avec augmentation de ses effets indésirables.",Surveillance clinique et adaptation de la posologie de la buspirone si nécessaire.,,antagonistes des canaux calciques - antiarythmiques - antihypertenseurs sauf
INT_03116,Précaution d'emploi,"Augmentation des concentrations de carbamazépine et de sa neurotoxicité par inhibition de son métabolisme par le vérapamil. De plus, diminution des concentrations du vérapamil par augmentation de son métabolisme par la carbamazépine.",Surveillance clinique et adaptation éventuelle des posologies des deux médicaments.,,antagonistes des canaux calciques - antiarythmiques - antihypertenseurs sauf
INT_03117,Précaution d'emploi,"Augmentation des concentrations sanguines de la ciclosporine (diminution de son métabolisme hépatique), et majoration du risque de gingivopathies.","Dosage des concentrations sanguines de la ciclosporine, contrôle de la fonction rénale et adaptation de la posologie pendant l’association et après son arrêt.",,antagonistes des canaux calciques - antiarythmiques - antihypertenseurs sauf
INT_03118,Précaution d'emploi,"Augmentation des concentrations plasmatiques de dabigatran, avec majoration du risque de saignement.","Dans l'indication post-chirurgicale : surveillance clinique et adaptation de la posologie du dabigatran à 150 mg/j en une prise, voire 75 mg/j en cas d'insuffisance rénale modérée. Dans l'indication fibrillation auriculaire : surveillance clinique et adaptation de la posologie du dabigatran à 220 mg/j en deux prises.",,antagonistes des canaux calciques - antiarythmiques - antihypertenseurs sauf
INT_03119,Précaution d'emploi,Bradycardie excessive et bloc auriculo-ventriculaire par majoration des effets de la digoxine sur l'automatisme et la conduction et par diminution de l'élimination rénale et extrarénale de la digoxine.,"Surveillance clinique, ECG et, éventuellement, contrôle de la digoxinémie. S'il y a lieu, adaptation de la posologie de la digoxine pendant le traitement par le vérapamil et après son arrêt.",,antagonistes des canaux calciques - antiarythmiques - antihypertenseurs sauf
INT_03120,Précaution d'emploi,"Risque de bradycardie ou de bloc auriculo-ventriculaire, notamment chez le sujet âgé. Par ailleurs, légère augmentation des concentrations de dronédarone par diminution de son métabolisme par l’antagoniste des canaux calciques.","Débuter le traitement par l’antagoniste calcique aux posologies minimales recommandées, et ajuster les doses en fonction de l’ECG.",,antagonistes des canaux calciques - antiarythmiques - antihypertenseurs sauf
INT_03121,Précaution d'emploi,"Bradycardie et/ou troubles de la conduction auriculo-ventriculaire, par diminution du métabolisme hépatique du vérapamil par l'érythromycine.","Surveillance clinique et ECG ; s'il y a lieu, adaptation de la posologie du vérapamil pendant le traitement par l'érythromycine et après son arrêt.",,antagonistes des canaux calciques - antiarythmiques - antihypertenseurs sauf
INT_03122,Précaution d'emploi,Augmentation des concentrations sanguines de l'évérolimus par diminution de son métabolisme hépatique par le vérapamil.,"Dosage des concentrations sanguines de l’immunosuppresseur, contrôle de la fonction rénale et adaptation de la posologie pendant l’association et après son arrêt.",,antagonistes des canaux calciques - antiarythmiques - antihypertenseurs sauf
INT_03123,Précaution d'emploi,"Bradycardie et/ou troubles de la conduction auriculo-ventriculaire, par diminution du métabolisme hépatique du vérapamil par l’inhibiteur.","Surveillance clinique et ECG. S’il y a lieu, adaptation de la posologie du vérapamil pendant le traitement par l’inhibiteur, et après son arrêt, le cas échéant.",,antagonistes des canaux calciques - antiarythmiques - antihypertenseurs sauf
INT_03124,Précaution d'emploi,Augmentation des concentrations plasmatiques de midazolam (diminution de son métabolisme hépatique avec majoration de la sédation).,Surveillance clinique et réduction de la posologie de midazolam pendant le traitement par le vérapamil.,,antagonistes des canaux calciques - antiarythmiques - antihypertenseurs sauf
INT_03125,Précaution d'emploi,Augmentation des concentrations plasmatiques de naloxegol par le vérapamil.,Adaptation posologique pendant l’association.,,antagonistes des canaux calciques - antiarythmiques - antihypertenseurs sauf
INT_03126,Précaution d'emploi,Augmentation des concentrations plasmatiques du nintédanib par augmentation de son absorption par le vérapamil.,Surveillance clinique pendant l’association.,,antagonistes des canaux calciques - antiarythmiques - antihypertenseurs sauf
INT_03127,Précaution d'emploi,Risque majoré d’effets indésirables (dose-dépendants) à type de rhabdomyolyse (diminution du métabolisme hépatique de l’hypocholestérolémiant).,Ne pas dépasser la posologie de 20 mg/j de simvastatine ou utiliser une autre statine non concernée par ce type d’interaction.,,antagonistes des canaux calciques - antiarythmiques - antihypertenseurs sauf
INT_03128,Précaution d'emploi,Augmentation des concentrations sanguines du sirolimus (diminution de son métabolisme hépatique par le vérapamil).,"Dosage des concentrations sanguines de l’immunosuppresseur, contrôle de la fonction rénale et adaptation de la posologie pendant l’association et après son arrêt.",,antagonistes des canaux calciques - antiarythmiques - antihypertenseurs sauf
INT_03129,Précaution d'emploi,Augmentation des concentrations sanguines du tacrolimus (diminution de son métabolisme hépatique par le verapamil).,"Dosage des concentrations sanguines de l’immunosuppresseur, contrôle de la fonction rénale et adaptation de la posologie pendant l’association et après son arrêt.",,antagonistes des canaux calciques - antiarythmiques - antihypertenseurs sauf
INT_03130,Précaution d'emploi,Augmentation des concentrations de talazoparib avec risque de majoration de la toxicité.,Réduire la dose de talazoparib.,,antagonistes des canaux calciques - antiarythmiques - antihypertenseurs sauf
INT_03131,Précaution d'emploi,"Risque de majoration des effets indésirables de la tamsulosine, par inhibition de son métabolisme hépatique.","Surveillance clinique et adaptation de la posologie de la tamsulosine pensant le traitement par l’inhibiteur enzymatique et après son arrêt, le cas échéant.",,antagonistes des canaux calciques - antiarythmiques - antihypertenseurs sauf
INT_03132,Précaution d'emploi,"Augmentation des concentrations de tolvaptan, avec risque de majoration importante des effets indésirables, notamment diurèse importante, déshydratation, insuffisance rénale aiguë.",Réduire la posologie de tolvaptan de moitié.,,antagonistes des canaux calciques - antiarythmiques - antihypertenseurs sauf
INT_03133,Précaution d'emploi,Augmentation des concentrations plasmatiques du ténofovir alafénamide par augmentation de son absorption.,"En cas de co-administration avec le vérapamil, la dose de ténofovir alafénamide doit être limitée à 10 mg par jour.",,antagonistes des canaux calciques - antiarythmiques - antihypertenseurs sauf
INT_03134,Précaution d'emploi,Risque d’augmentation des effets indésirables du vénétoclax par diminution de son métabolisme hépatique.,"Surveillance clinique et biologique régulière, notamment hématologique, et adaptation de la posologie du vénétoclax.",,antagonistes des canaux calciques - antiarythmiques - antihypertenseurs sauf
INT_03135,A prendre en compte,Troubles de l'automatisme (troubles de la conduction auriculo- ventriculaire par addition des effets négatifs sur la conduction).,,,antagonistes des canaux calciques - antiarythmiques - antihypertenseurs sauf
INT_03136,A prendre en compte,Risque de majoration de la toxicité de la doxorubicine par augmentation de ses concentrations plasmatiques.,,,antagonistes des canaux calciques - antiarythmiques - antihypertenseurs sauf
INT_03137,A prendre en compte,"Augmentation des concentrations plasmatiques de vérapamil, avec risque de survenue d’effets indésirables.",,,antagonistes des canaux calciques - antiarythmiques - antihypertenseurs sauf
INT_03138,A prendre en compte,Risque d’augmentation des concentrations plasmatiques de ticagrelor par diminution de son métabolisme hépatique.,,,antagonistes des canaux calciques - antiarythmiques - antihypertenseurs sauf
INT_03139,Association DECONSEILLEE,"Risque accru de troubles neurologiques (tremblements, confusion) par inhibition partielle du métabolisme de l'antiviral.",,,
INT_03140,Contre-indication,Risque de moindre efficacité du cytotoxique par augmentation de son métabolisme par le millepertuis.,,,
INT_03141,Association DECONSEILLEE,"Diminution des concentrations plasmatiques du vinca-alcaloïde par l’inducteur, avec possible retentissement sur l’efficacité..",,,
INT_03142,Association DECONSEILLEE,Risque de majoration de la toxicité de l'antimitotique par diminution de son métabolisme hépatique par l’inhibiteur.,"Si l’association ne peut être évitée, surveillance clinique et biologique étroite.",,
INT_03143,Précaution d'emploi,Risque de majoration de la toxicité de l’antimitotique par diminution de son métabolisme hépatique par le fluconazole.,Surveillance clinique et biologique étroite pendant l’association.,,
INT_03144,A prendre en compte,Risque de majoration de la toxicité pulmonaire de la mitomycine et des vinca-alcaloïdes.,,,
INT_03145,Contre-indication,Risque de diminution des concentrations plasmatiques de vismodégib.,,,
INT_03146,Association DECONSEILLEE,Risque de diminution des concentrations plasmatiques de vismodegib par augmentation de son métabolisme hépatique par l’inducteur.,,,
INT_03147,Contre-indication,"En cas d'apport de 10,000 UI/j et plus : risque d’hypertension intracrânienne.",,,
INT_03148,Contre-indication,Risque de symptômes évocateurs d’une hypervitaminose A.,,,
INT_03149,Précaution d'emploi,Diminution des concentrations de vitamine D plus marquée qu’en l’absence d'inducteur.,Dosage des concentrations de vitamine D et supplémentation si nécessaire.,,
INT_03150,Précaution d'emploi,Diminution des concentrations de vitamine D plus marquée qu’en l’absence de traitement par la rifampicine,Dosage des concentrations de vitamine D et supplémentation si nécessaire.,,
INT_03151,A prendre en compte,Diminution de l'absorption de la vitamine D.,,,
INT_03152,Contre-indication,"- pour carbamazépine, phénobarbital, primidone : Risque de baisse de l'efficacité du voriconazole par augmentation de son métabolisme hépatique par l'inducteur. - pour phénytoïne, fosphénytoïne : Diminution importante des concentrations plasmatiques du voriconazole avec risque de perte d'efficacité, par augmentation de son métabolisme hépatique par la phénytoïne, d'une part, et augmentation des concentrations plasmatiques de la phénytoïne par diminution de son métabolisme hépatique par le voriconazole, d'autre part.","Contre-indication : - pour carbamazépine, phénobarbital, primidone Association déconseillée : - pour apalutamide, enzalutamide - pour phénytoïne, fosphénytoïne Si l'association ne peut être évitée, surveillance clinique étroite, dosage des concentrations plasmatiques de phénytoïne et adaptation éventuelle des posologies pendant l'association et après l'arrêt du voriconazole.",Yes,inhibiteurs puissants du CYP3A4
INT_03153,Contre-indication,"Réduction importante des concentrations de voriconazole, avec risque de perte de son effet thérapeutique.",,,inhibiteurs puissants du CYP3A4
INT_03154,Contre-indication,"Risque majoré de troubles du rythme ventriculaire, notamment de torsades de pointes.",,,inhibiteurs puissants du CYP3A4
INT_03155,Contre-indication,"Diminution importante des concentrations plasmatiques du voriconazole avec risque de perte d'efficacité, par augmentation de son métabolisme hépatique par la rifampicine.",,,inhibiteurs puissants du CYP3A4
INT_03156,Association DECONSEILLEE,Risque de baisse de l'efficacité du voriconazole par augmentation de son métabolisme hépatique par l'efavirenz.,"Si l'association ne peut être évitée, surveillance clinique étroite et adaptation de la posologie du voriconazole et de l'éfavirenz pendant l'association.",,inhibiteurs puissants du CYP3A4
INT_03157,Association DECONSEILLEE,"Diminution des concentrations de voriconazole, avec risque d'inefficacité de l'antifongique azolé.",,,inhibiteurs puissants du CYP3A4
INT_03158,Association DECONSEILLEE,Augmentation des concentrations sanguines de l'immunosuppresseur par inhibition de son métabolisme hépatique par le voriconazole.,"Association déconseillée - avec l'évérolimus, le sirolimus, et le temsirolimus. Précaution d'emploi - avec la ciclosporine et le tacrolimus : dosage des concentrations sanguines de l'immunosuppresseur, contrôle de la fonction rénale et adaptation de la posologie pendant l'association et après son arrêt.",Yes,inhibiteurs puissants du CYP3A4
INT_03159,Association DECONSEILLEE,"Baisse très importante des concentrations de l’antifongique par augmentation de son métabolisme par le ritonavir, avec risque d’échec du traitement.",,,inhibiteurs puissants du CYP3A4
INT_03160,Association DECONSEILLEE,Diminution de plus de la moitié de l’exposition du voriconazole.,"Si l’association s’avère nécessaire, surveillance clinique étroite, notamment les deux premières semaines après l’instauration ou l’arrêt du traitement par létermovir.",,inhibiteurs puissants du CYP3A4
INT_03161,Association DECONSEILLEE,Risque de baisse de l'efficacité du voriconazole par augmentation de son métabolisme hépatique par la névirapine.,"Si l'association ne peut être évitée, surveillance clinique étroite et adaptation éventuelle de la posologie du voriconazole pendant l'association.",,inhibiteurs puissants du CYP3A4
INT_03162,Association DECONSEILLEE,"Diminution des concentrations plasmatiques du voriconazole avec risque de perte d'efficacité, par augmentation de son métabolisme hépatique par la rifabutine d'une part, et risque d'augmentation des effets indésirables (uvéites) de la rifabutine d'autre part.","Si l'association est jugée néccessaire, surveillance clinique et adaptation de la posologie du voriconazole (en général doublée) pendant le traitement par la rifabutine.",,inhibiteurs puissants du CYP3A4
INT_03163,Précaution d'emploi,"Risque majoré de troubles du rythme ventriculaire, notamment de torsades de pointes, par possible diminution du métabolisme de l’amiodarone.","Surveillance clinique et ECG, et adaptation éventuelle de la posologie de l’amiodarone.",,inhibiteurs puissants du CYP3A4
INT_03164,Précaution d'emploi,Augmentation de l'effet de l'antivitamine K et du risque hémorragique par diminution de son métabolisme hépatique.,Contrôle plus fréquent de l'INR. Adaptation éventuelle de la posologie de l'antivitamine K pendant le traitement par voriconazole et 8 jours après son arrêt.,,inhibiteurs puissants du CYP3A4
INT_03165,Précaution d'emploi,Risque d’augmentation des concentrations plasmatiques du glipizide à l’origine d’hypoglycémies potentiellement sévères.,"Prévenir le patient, renforcer l'autosurveillance glycémique et adapter éventuellement la posologie du sulfamide pendant et après le traitement par voriconazole.",,inhibiteurs puissants du CYP3A4
INT_03166,Précaution d'emploi,"Augmentation des concentrations plasmatiques de méthadone avec surdosage et risque majoré d’allongement de l’intervalle QT et de troubles du rythme ventriculaire, notamment de torsades de pointes.","Surveillance clinique et électrocardiographique renforcée ; si besoin, adaptation de la posologie de la méthadone pendant le traitement par le voriconazole et après son arrêt.",,inhibiteurs puissants du CYP3A4
INT_03167,A prendre en compte,Augmentation des concentrations de venlafaxine avec risque de surdosage.,,,inhibiteurs puissants du CYP3A4
INT_03168,Association DECONSEILLEE,"Diminution notable des concentrations plasmatiques du voxelotor, avec risque de moindre efficacité.",,,
INT_03169,Association DECONSEILLEE,"Diminution notable des concentrations plasmatiques du voxelotor, avec risque de moindre efficacité.",,,
INT_03170,Association DECONSEILLEE,"Risque de diminution des concentrations des estroprogestatifs, avec pour conséquence un risque d’inefficacité.",,,
INT_03171,Association DECONSEILLEE,"Risque de diminution des concentrations des immunosuppresseurs, avec pour conséquence un risque d’inefficacité.",,,
INT_03172,Association DECONSEILLEE,"Risque de diminution des concentrations du vémurafénib, avec moindre efficacité.",,,
INT_03173,Précaution d'emploi,"Augmentation importante des concentrations de théophylline, avec risques de majoration de ses effets indésirables.",Surveillance clinique et adaptation de la posologie de la théophylline pendant le traitement par vémurafénib et après son arrêt.,,
INT_03174,A prendre en compte,"Risque de diminution des concentrations du bupropion, avec augmentation de son métabolite actif et toxicité majorée.",,,
INT_03175,A prendre en compte,"Risque de diminution des concentrations de l'ifosfamide, avec augmentation de son métabolite actif et toxicité majorée.",,,
INT_03176,Contre-indication,"Augmentation très importante des concentrations de vénétoclax par diminution de son métabolisme hépatique, avec risque de majoration de la toxicité, notamment hématologique.",Contre-indication : - pendant la phase de titration. Précaution d'emploi: - réduction de posologie de 75% en phase de stabilisation.,Yes,
INT_03177,Contre-indication,"Diminution importante des concentrations de vénétoclax, avec risque de perte d’efficacité.",,,
INT_03178,Association DECONSEILLEE,"Diminution importante des concentrations de vénétoclax, avec risque de perte d’efficacité.",,,
INT_03179,Association DECONSEILLEE,"Augmentation des concentrations de vénétoclax, avec risque de majoration des effets indésirables.",,,
INT_03180,Précaution d'emploi,Risque d’augmentation des effets indésirables du vénétoclax par diminution de son métabolisme hépatique.,"Surveillance clinique et biologique régulière, notamment hématologique, et adaptation de la posologie du vénétoclax.",,
INT_03181,Précaution d'emploi,Risque d’augmentation des effets indésirables du vénétoclax par diminution de son métabolisme hépatique.,"Surveillance clinique et biologique régulière, notamment hématologique, et adaptation de la posologie du vénétoclax.",,
INT_03182,Précaution d'emploi,Risque d’augmentation des effets indésirables du vénétoclax par diminution de son métabolisme hépatique.,"Surveillance clinique et biologique régulière, notamment hématologique, et adaptation de la posologie du vénétoclax.",,
INT_03183,Association DECONSEILLEE,Inhibition possible de l'activité antihypertensive par antagonisme au niveau des récepteurs.,,,
INT_03184,Association DECONSEILLEE,Diminution de moitié des concentrations de la zidovudine par augmentation de son métabolisme par la rifampicine.,"Si l'association s'avère nécessaire, surveillance clinique et biologique renforcée.",,
INT_03185,Association DECONSEILLEE,Risque de diminution de l'efficacité de chaque antiviral par antagoniste compétitif de la réaction de phosphorylation à l'origine des métabolites actifs.,,,
INT_03186,Précaution d'emploi,Avec l'amphotéricine B administrée par voie IV : augmentation de la toxicité hématologique (addition d'effets de toxicité médullaire).,Contrôle plus fréquent de l'hémogramme.,,
INT_03187,Précaution d'emploi,Augmentation de la toxicité hématologique (addition d'effets de toxicité médullaire).,Contrôle plus fréquent de l'hémogramme.,,
INT_03188,Précaution d'emploi,Augmentation de la toxicité hématologique (addition d'effets de toxicité médullaire).,Contrôle plus fréquent de l'hémogramme.,,
INT_03189,Précaution d'emploi,Augmentation de la toxicité hématologique (addition d'effets de toxicité médullaire).,"Arrêter de façon transitoire la zidovudine ; contrôler la NFS et réintroduire, si possible, la zidovudine à doses faibles.",,
INT_03190,Précaution d'emploi,"Risque de diminution de l'efficacité de chaque antiviral, par antagonisme compétitif de la réaction de phosphorylation à l'origine des métabolites actifs.","Surveillance clinique et biologique régulière, notamment en début d'association.",,
INT_03191,Précaution d'emploi,"Risque d’augmentation des effets indésirables, notamment hématologiques, de la zidovudine par diminution de son métabolisme par l’acide valproïque.",Surveillance clinique et biologique régulière. Un hémogramme à la recherche d’une anémie devrait être réalisé au cours des deux premiers mois de l’association.,,
INT_03192,Précaution d'emploi,Diminution de l’absorption digestive du zinc par le calcium.,Prendre les sels de calcium à distance du zinc (plus de 2 heures si possible).,,
INT_03193,Précaution d'emploi,Diminution de l'absorption digestive des cyclines.,Prendre les sels de zinc à distance des cyclines (plus de 2 heures si possible).,,
INT_03194,Précaution d'emploi,Diminution de l’absorption digestive du zinc par le fer.,Prendre les sels de fer à distance du zinc (plus de 2 heures si possible).,,
INT_03195,Précaution d'emploi,Diminution de l'absorption digestive des fluoroquinolones.,"Prendre les sels de zinc à distance des fluoroquinolones (plus de 2 heures, si possible).",,
INT_03196,Précaution d'emploi,"Risque de diminution de l'absorption digestive des inhibiteurs d’intégrase, par chélation par le cation divalent.","Prendre les sels de zinc à distance de l’antirétroviral (plus de 2 heures, si possible).",,
INT_03197,Précaution d'emploi,Diminution de l'absorption digestive du strontium.,"Prendre le strontium à distance des sels de zinc (plus de deux heures, si possible).",,
INT_03198,Précaution d'emploi,Diminution des concentrations plasmatiques et de l'efficacité du zolpidem par augmentation de son métabolisme hépatique par la rifampicine.,Surveillance clinique. Utiliser éventuellement un autre hypnotique.,,benzodiazépines et apparentés - hypnotiques - médicaments sédatifs
INT_03199,A prendre en compte,Légère augmentation de l'effet sédatif du zolpidem.,,,benzodiazépines et apparentés - hypnotiques - médicaments sédatifs
INT_03200,Précaution d'emploi,"Augmentation de l'hyperammoniémie, avec risque accru d'encéphalopathie.",Surveillance clinique et biologique régulière.,,anticonvulsivants métabolisés
INT_03201,Précaution d'emploi,Diminution des concentrations plasmatiques et de l'efficacité de la zopiclone par augmentation de son métabolisme hépatique par la rifampicine.,Surveillance clinique. Utiliser éventuellement un autre hypnotique.,,benzodiazépines et apparentés - hypnotiques - médicaments sédatifs
INT_03202,A prendre en compte,Légère augmentation de l'effet sédatif de la zopiclone.,,,benzodiazépines et apparentés - hypnotiques - médicaments sédatifs
INT_03203,Précaution d'emploi,"Augmentation des concentrations plasmatiques de l’édoxaban, avec majoration du risque de saignement.",Réduire la dose d’édoxaban de moitié.,,anticoagulants oraux
INT_03204,Précaution d'emploi,"Augmentation des concentrations plasmatiques de l’édoxaban, avec majoration du risque de saignement.",Réduire la dose d’édoxaban de moitié.,,anticoagulants oraux
INT_03205,Précaution d'emploi,"Augmentation des concentrations plasmatiques de l’édoxaban, avec majoration du risque de saignement.",Réduire la dose d’édoxaban de moitié.,,anticoagulants oraux
INT_03206,Précaution d'emploi,"Augmentation des concentrations plasmatiques de l’édoxaban, avec majoration du risque de saignement.",Réduire la dose d’édoxaban de moitié.,,anticoagulants oraux
INT_03207,Contre-indication,"Chez les patients ayant un génotype de métaboliseurs lents du CYP2D6, risque de majoration des effets indésirables de l’éliglustat.",,,
INT_03208,Association DECONSEILLEE,Risque d’hypocalcémie sévère.,,,
