interaction_id,drug_name
INT_00000,ABATACEPT
INT_00001,ABATACEPT
INT_00002,ABIRATERONE
INT_00003,ABIRATERONE
INT_00004,ABIRATERONE
INT_00005,ABIRATERONE
INT_00006,ABROCITINIB
INT_00007,ABROCITINIB
INT_00008,ACETAZOLAMIDE
INT_00009,ACETAZOLAMIDE
INT_00010,ACETAZOLAMIDE
INT_00011,ACETAZOLAMIDE
INT_00012,ACIDE ACETOHYDROXAMIQUE
INT_00013,ACIDE ACETYLSALICYLIQUE
INT_00014,ACIDE ACETYLSALICYLIQUE
INT_00015,ACIDE ACETYLSALICYLIQUE
INT_00016,ACIDE ACETYLSALICYLIQUE
INT_00017,ACIDE ACETYLSALICYLIQUE
INT_00018,ACIDE ACETYLSALICYLIQUE
INT_00019,ACIDE ACETYLSALICYLIQUE
INT_00020,ACIDE ACETYLSALICYLIQUE
INT_00021,ACIDE ACETYLSALICYLIQUE
INT_00022,ACIDE ACETYLSALICYLIQUE
INT_00023,ACIDE ACETYLSALICYLIQUE
INT_00024,ACIDE ACETYLSALICYLIQUE
INT_00025,ACIDE ACETYLSALICYLIQUE
INT_00026,ACIDE ACETYLSALICYLIQUE
INT_00027,ACIDE ACETYLSALICYLIQUE
INT_00028,ACIDE ACETYLSALICYLIQUE
INT_00029,ACIDE ACETYLSALICYLIQUE
INT_00030,ACIDE ASCORBIQUE
INT_00031,ACIDE ASCORBIQUE
INT_00032,ACIDE ASCORBIQUE
INT_00033,ACIDE CHOLIQUE
INT_00034,ACIDE CLODRONIQUE
INT_00035,ACIDE FOLINIQUE
INT_00036,ACIDE FUSIDIQUE
INT_00037,ACIDE FUSIDIQUE
INT_00038,ACIDE NICOTINIQUE
INT_00039,ACIDE URSODESOXYCHOLIQUE
INT_00040,ACITRETINE
INT_00041,ACITRETINE
INT_00042,ADRÉNALINE (VOIE BUCCO-DENTAIRE OU SOUS-CUTANÉE)
INT_00043,ADRÉNALINE (VOIE BUCCO-DENTAIRE OU SOUS-CUTANÉE)
INT_00044,ADRÉNALINE (VOIE BUCCO-DENTAIRE OU SOUS-CUTANÉE)
INT_00045,ADRÉNALINE (VOIE BUCCO-DENTAIRE OU SOUS-CUTANÉE)
INT_00046,ADSORBANTS
INT_00047,ADSORBANTS
INT_00048,ADSORBANTS
INT_00049,ADSORBANTS
INT_00050,ADSORBANTS
INT_00051,ADSORBANTS
INT_00052,ADSORBANTS
INT_00053,ADSORBANTS
INT_00054,ADSORBANTS
INT_00055,ADSORBANTS
INT_00056,ADSORBANTS
INT_00057,ADSORBANTS
INT_00058,ADSORBANTS
INT_00059,ADSORBANTS
INT_00060,ADSORBANTS
INT_00061,ADSORBANTS
INT_00062,ADSORBANTS
INT_00063,ADSORBANTS
INT_00064,ADSORBANTS
INT_00065,ADSORBANTS
INT_00066,ADSORBANTS
INT_00067,ADSORBANTS
INT_00068,ADSORBANTS
INT_00069,AFATINIB
INT_00070,AFATINIB
INT_00071,AFATINIB
INT_00072,AFATINIB
INT_00073,AFATINIB
INT_00074,AFATINIB
INT_00075,AFATINIB
INT_00076,AFATINIB
INT_00077,AFATINIB
INT_00078,AFATINIB
INT_00079,AGOMELATINE
INT_00080,AGOMELATINE
INT_00081,ALBENDAZOLE
INT_00082,ALBENDAZOLE
INT_00083,ALBENDAZOLE
INT_00084,ALCALINISANTS URINAIRES
INT_00085,ALCALINISANTS URINAIRES
INT_00086,ALCALOÏDES DE L'ERGOT DE SEIGLE DOPAMINERGIQUES
INT_00087,ALCALOÏDES DE L'ERGOT DE SEIGLE DOPAMINERGIQUES
INT_00088,ALCALOÏDES DE L'ERGOT DE SEIGLE DOPAMINERGIQUES
INT_00089,ALCALOÏDES DE L'ERGOT DE SEIGLE DOPAMINERGIQUES
INT_00090,ALCALOÏDES DE L'ERGOT DE SEIGLE DOPAMINERGIQUES
INT_00091,ALCALOÏDES DE L'ERGOT DE SEIGLE VASOCONSTRICTEURS
INT_00092,ALCALOÏDES DE L'ERGOT DE SEIGLE VASOCONSTRICTEURS
INT_00093,ALCALOÏDES DE L'ERGOT DE SEIGLE VASOCONSTRICTEURS
INT_00094,ALCALOÏDES DE L'ERGOT DE SEIGLE VASOCONSTRICTEURS
INT_00095,ALCALOÏDES DE L'ERGOT DE SEIGLE VASOCONSTRICTEURS
INT_00096,ALCALOÏDES DE L'ERGOT DE SEIGLE VASOCONSTRICTEURS
INT_00097,ALCALOÏDES DE L'ERGOT DE SEIGLE VASOCONSTRICTEURS
INT_00098,ALCOOL (BOISSON OU EXCIPIENT)
INT_00099,ALCOOL (BOISSON OU EXCIPIENT)
INT_00100,ALCOOL (BOISSON OU EXCIPIENT)
INT_00101,ALCOOL (BOISSON OU EXCIPIENT)
INT_00102,ALCOOL (BOISSON OU EXCIPIENT)
INT_00103,ALCOOL (BOISSON OU EXCIPIENT)
INT_00104,ALCOOL (BOISSON OU EXCIPIENT)
INT_00105,ALCOOL (BOISSON OU EXCIPIENT)
INT_00106,ALDESLEUKINE
INT_00107,ALFENTANIL
INT_00108,ALFENTANIL
INT_00109,ALFENTANIL
INT_00110,ALFENTANIL
INT_00111,ALFENTANIL
INT_00112,ALFUZOSINE
INT_00113,ALFUZOSINE
INT_00114,ALLOPURINOL
INT_00115,ALLOPURINOL
INT_00116,ALLOPURINOL
INT_00117,ALLOPURINOL
INT_00118,ALPHABLOQUANTS À VISÉE UROLOGIQUE
INT_00119,ALPHABLOQUANTS À VISÉE UROLOGIQUE
INT_00120,ALPHABLOQUANTS À VISÉE UROLOGIQUE
INT_00121,ALPRAZOLAM
INT_00122,ALUMINIUM (SELS)
INT_00123,AMBRISENTAN
INT_00124,AMINOSIDES
INT_00125,AMINOSIDES
INT_00126,AMINOSIDES
INT_00127,AMINOSIDES
INT_00128,AMINOSIDES
INT_00129,AMINOSIDES
INT_00130,AMINOSIDES
INT_00131,AMINOSIDES
INT_00132,AMINOSIDES
INT_00133,AMINOSIDES
INT_00134,AMINOSIDES
INT_00135,AMIODARONE
INT_00136,AMIODARONE
INT_00137,AMIODARONE
INT_00138,AMIODARONE
INT_00139,AMIODARONE
INT_00140,AMIODARONE
INT_00141,AMIODARONE
INT_00142,AMIODARONE
INT_00143,AMIODARONE
INT_00144,AMIODARONE
INT_00145,AMIODARONE
INT_00146,AMIODARONE
INT_00147,AMIODARONE
INT_00148,AMIODARONE
INT_00149,AMIODARONE
INT_00150,AMIODARONE
INT_00151,AMIODARONE
INT_00152,AMIODARONE
INT_00153,AMIODARONE
INT_00154,AMIODARONE
INT_00155,AMIODARONE
INT_00156,AMIODARONE
INT_00157,AMIODARONE
INT_00158,AMIODARONE
INT_00159,AMIODARONE
INT_00160,AMIODARONE
INT_00161,AMIODARONE
INT_00162,AMIODARONE
INT_00163,AMIODARONE
INT_00164,AMIODARONE
INT_00165,AMLODIPINE
INT_00166,AMPHOTERICINE B
INT_00167,AMPHOTERICINE B
INT_00168,AMPHOTERICINE B
INT_00169,AMPHOTERICINE B
INT_00170,ANAGRELIDE
INT_00171,ANAGRELIDE
INT_00172,ANAGRELIDE
INT_00173,ANAKINRA
INT_00174,ANAKINRA
INT_00175,ANALGÉSIQUES MORPHINIQUES AGONISTES
INT_00176,ANALGÉSIQUES MORPHINIQUES AGONISTES
INT_00177,ANALGÉSIQUES MORPHINIQUES AGONISTES
INT_00178,ANALGÉSIQUES MORPHINIQUES DE PALIER II
INT_00179,ANALGÉSIQUES MORPHINIQUES DE PALIER II
INT_00180,ANALGÉSIQUES MORPHINIQUES DE PALIER III
INT_00181,ANALGÉSIQUES MORPHINIQUES DE PALIER III
INT_00182,ANALOGUES DE LA SOMATOSTATINE
INT_00183,ANALOGUES DE LA SOMATOSTATINE
INT_00184,ANALOGUES DE LA SOMATOSTATINE
INT_00185,ANALOGUES DE LA SOMATOSTATINE
INT_00186,ANDROGÈNES
INT_00187,ANDROGÈNES
INT_00188,ANESTHÉSIQUES VOLATILS HALOGÉNÉS
INT_00189,ANESTHÉSIQUES VOLATILS HALOGÉNÉS
INT_00190,ANESTHÉSIQUES VOLATILS HALOGÉNÉS
INT_00191,ANESTHÉSIQUES VOLATILS HALOGÉNÉS
INT_00192,ANESTHÉSIQUES VOLATILS HALOGÉNÉS
INT_00193,ANESTHÉSIQUES VOLATILS HALOGÉNÉS
INT_00194,ANESTHÉSIQUES VOLATILS HALOGÉNÉS
INT_00195,ANTABUSE (RÉACTION)
INT_00196,ANTAGONISTES DES CANAUX CALCIQUES
INT_00197,ANTAGONISTES DES CANAUX CALCIQUES
INT_00198,ANTAGONISTES DES CANAUX CALCIQUES
INT_00199,ANTAGONISTES DES CANAUX CALCIQUES
INT_00200,ANTAGONISTES DES CANAUX CALCIQUES
INT_00201,ANTAGONISTES DES CANAUX CALCIQUES
INT_00202,ANTAGONISTES DES CANAUX CALCIQUES
INT_00203,ANTAGONISTES DES CANAUX CALCIQUES
INT_00204,ANTAGONISTES DES CANAUX CALCIQUES
INT_00205,ANTAGONISTES DES CANAUX CALCIQUES
INT_00206,ANTAGONISTES DES CANAUX CALCIQUES
INT_00207,ANTAGONISTES DES CANAUX CALCIQUES
INT_00208,ANTI-INFLAMMATOIRES NON STÉROÏDIENS
INT_00209,ANTI-INFLAMMATOIRES NON STÉROÏDIENS
INT_00210,ANTI-INFLAMMATOIRES NON STÉROÏDIENS
INT_00211,ANTI-INFLAMMATOIRES NON STÉROÏDIENS
INT_00212,ANTI-INFLAMMATOIRES NON STÉROÏDIENS
INT_00213,ANTI-INFLAMMATOIRES NON STÉROÏDIENS
INT_00214,ANTI-INFLAMMATOIRES NON STÉROÏDIENS
INT_00215,ANTI-INFLAMMATOIRES NON STÉROÏDIENS
INT_00216,ANTI-INFLAMMATOIRES NON STÉROÏDIENS
INT_00217,ANTI-INFLAMMATOIRES NON STÉROÏDIENS
INT_00218,ANTI-INFLAMMATOIRES NON STÉROÏDIENS
INT_00219,ANTI-INFLAMMATOIRES NON STÉROÏDIENS
INT_00220,ANTI-INFLAMMATOIRES NON STÉROÏDIENS
INT_00221,ANTI-INFLAMMATOIRES NON STÉROÏDIENS
INT_00222,ANTI-INFLAMMATOIRES NON STÉROÏDIENS
INT_00223,ANTI-INFLAMMATOIRES NON STÉROÏDIENS
INT_00224,ANTI-INFLAMMATOIRES NON STÉROÏDIENS
INT_00225,ANTI-INFLAMMATOIRES NON STÉROÏDIENS
INT_00226,ANTI-INFLAMMATOIRES NON STÉROÏDIENS
INT_00227,ANTI-INFLAMMATOIRES NON STÉROÏDIENS
INT_00228,ANTI-INFLAMMATOIRES NON STÉROÏDIENS
INT_00229,ANTI-INFLAMMATOIRES NON STÉROÏDIENS
INT_00230,ANTI-INFLAMMATOIRES NON STÉROÏDIENS
INT_00231,ANTI-INFLAMMATOIRES NON STÉROÏDIENS
INT_00232,ANTI-TNF ALPHA
INT_00233,ANTI-TNF ALPHA
INT_00234,ANTI-TNF ALPHA
INT_00235,ANTI-TNF ALPHA
INT_00236,ANTIAGRÉGANTS PLAQUETTAIRES
INT_00237,ANTIAGRÉGANTS PLAQUETTAIRES
INT_00238,ANTIAGRÉGANTS PLAQUETTAIRES
INT_00239,ANTIAGRÉGANTS PLAQUETTAIRES
INT_00240,ANTIAGRÉGANTS PLAQUETTAIRES
INT_00241,ANTIAGRÉGANTS PLAQUETTAIRES
INT_00242,ANTIAGRÉGANTS PLAQUETTAIRES
INT_00243,ANTIAGRÉGANTS PLAQUETTAIRES
INT_00244,ANTIAGRÉGANTS PLAQUETTAIRES
INT_00245,ANTIAGRÉGANTS PLAQUETTAIRES
INT_00246,ANTIARYTHMIQUES
INT_00247,ANTIARYTHMIQUES CLASSE IA
INT_00248,ANTIARYTHMIQUES CLASSE IA
INT_00249,ANTIARYTHMIQUES CLASSE IA
INT_00250,ANTICHOLINESTÉRASIQUES
INT_00251,ANTICHOLINESTÉRASIQUES
INT_00252,ANTICHOLINESTÉRASIQUES
INT_00253,ANTICHOLINESTÉRASIQUES
INT_00254,ANTICOAGULANTS ORAUX
INT_00255,ANTICOAGULANTS ORAUX
INT_00256,ANTICOAGULANTS ORAUX
INT_00257,ANTICOAGULANTS ORAUX
INT_00258,ANTICOAGULANTS ORAUX
INT_00259,ANTICOAGULANTS ORAUX
INT_00260,ANTICOAGULANTS ORAUX
INT_00261,ANTICOAGULANTS ORAUX
INT_00262,ANTICOAGULANTS ORAUX
INT_00263,ANTICOAGULANTS ORAUX
INT_00264,ANTICOAGULANTS ORAUX
INT_00265,ANTICOAGULANTS ORAUX
INT_00266,ANTICOAGULANTS ORAUX
INT_00267,ANTICOAGULANTS ORAUX
INT_00268,ANTICOAGULANTS ORAUX
INT_00269,ANTICONVULSIVANTS MÉTABOLISÉS
INT_00270,ANTICORPS MONOCLONAUX (HORS ANTI-TNF ALPHA)
INT_00271,ANTIDÉPRESSEURS IMIPRAMINIQUES
INT_00272,ANTIDÉPRESSEURS IMIPRAMINIQUES
INT_00273,ANTIDÉPRESSEURS IMIPRAMINIQUES
INT_00274,ANTIDÉPRESSEURS IMIPRAMINIQUES
INT_00275,ANTIDÉPRESSEURS IMIPRAMINIQUES
INT_00276,ANTIDÉPRESSEURS IMIPRAMINIQUES
INT_00277,ANTIHYPERTENSEURS ALPHA-BLOQUANTS
INT_00278,ANTIHYPERTENSEURS ALPHA-BLOQUANTS
INT_00279,ANTIHYPERTENSEURS ALPHA-BLOQUANTS
INT_00280,ANTIHYPERTENSEURS CENTRAUX
INT_00281,ANTIHYPERTENSEURS CENTRAUX
INT_00282,ANTIHYPERTENSEURS CENTRAUX
INT_00283,ANTIHYPERTENSEURS CENTRAUX
INT_00284,ANTIHYPERTENSEURS CENTRAUX
INT_00285,ANTIHYPERTENSEURS CENTRAUX
INT_00286,ANTIHYPERTENSEURS SAUF ALPHA-BLOQUANTS
INT_00287,ANTIHYPERTENSEURS SAUF ALPHA-BLOQUANTS
INT_00288,ANTIPARKINSONIENS ANTICHOLINERGIQUES
INT_00289,ANTIPARKINSONIENS DOPAMINERGIQUES
INT_00290,ANTIPURINES
INT_00291,ANTIPURINES
INT_00292,ANTIPURINES
INT_00293,ANTIPURINES
INT_00294,ANTISEPTIQUES MERCURIELS
INT_00295,ANTISPASMODIQUES URINAIRES
INT_00296,ANTISÉCRÉTOIRES ANTIHISTAMINIQUES H2
INT_00297,ANTISÉCRÉTOIRES ANTIHISTAMINIQUES H2
INT_00298,ANTISÉCRÉTOIRES ANTIHISTAMINIQUES H2
INT_00299,ANTISÉCRÉTOIRES ANTIHISTAMINIQUES H2
INT_00300,ANTISÉCRÉTOIRES ANTIHISTAMINIQUES H2
INT_00301,ANTISÉCRÉTOIRES ANTIHISTAMINIQUES H2
INT_00302,ANTISÉCRÉTOIRES ANTIHISTAMINIQUES H2
INT_00303,ANTISÉCRÉTOIRES ANTIHISTAMINIQUES H2
INT_00304,ANTISÉCRÉTOIRES ANTIHISTAMINIQUES H2
INT_00305,ANTISÉCRÉTOIRES INHIBITEURS DE LA POMPE À PROTONS
INT_00306,ANTISÉCRÉTOIRES INHIBITEURS DE LA POMPE À PROTONS
INT_00307,ANTISÉCRÉTOIRES INHIBITEURS DE LA POMPE À PROTONS
INT_00308,ANTISÉCRÉTOIRES INHIBITEURS DE LA POMPE À PROTONS
INT_00309,ANTISÉCRÉTOIRES INHIBITEURS DE LA POMPE À PROTONS
INT_00310,ANTISÉCRÉTOIRES INHIBITEURS DE LA POMPE À PROTONS
INT_00311,ANTISÉCRÉTOIRES INHIBITEURS DE LA POMPE À PROTONS
INT_00312,ANTISÉCRÉTOIRES INHIBITEURS DE LA POMPE À PROTONS
INT_00313,ANTISÉCRÉTOIRES INHIBITEURS DE LA POMPE À PROTONS
INT_00314,ANTISÉCRÉTOIRES INHIBITEURS DE LA POMPE À PROTONS
INT_00315,ANTISÉCRÉTOIRES INHIBITEURS DE LA POMPE À PROTONS
INT_00316,ANTISÉCRÉTOIRES INHIBITEURS DE LA POMPE À PROTONS
INT_00317,ANTISÉCRÉTOIRES INHIBITEURS DE LA POMPE À PROTONS
INT_00318,ANTISÉCRÉTOIRES INHIBITEURS DE LA POMPE À PROTONS
INT_00319,ANTISÉCRÉTOIRES INHIBITEURS DE LA POMPE À PROTONS
INT_00320,ANTITUSSIFS MORPHINE-LIKE
INT_00321,ANTITUSSIFS MORPHINE-LIKE
INT_00322,ANTITUSSIFS MORPHINIQUES VRAIS
INT_00323,ANTITUSSIFS MORPHINIQUES VRAIS
INT_00324,ANTITUSSIFS MORPHINIQUES VRAIS
INT_00325,ANTIVITAMINES K
INT_00326,ANTIVITAMINES K
INT_00327,ANTIVITAMINES K
INT_00328,ANTIVITAMINES K
INT_00329,ANTIVITAMINES K
INT_00330,ANTIVITAMINES K
INT_00331,ANTIVITAMINES K
INT_00332,ANTIVITAMINES K
INT_00333,ANTIVITAMINES K
INT_00334,ANTIVITAMINES K
INT_00335,ANTIVITAMINES K
INT_00336,ANTIVITAMINES K
INT_00337,ANTIVITAMINES K
INT_00338,ANTIVITAMINES K
INT_00339,ANTIVITAMINES K
INT_00340,ANTIVITAMINES K
INT_00341,ANTIVITAMINES K
INT_00342,ANTIVITAMINES K
INT_00343,ANTIVITAMINES K
INT_00344,ANTIVITAMINES K
INT_00345,ANTIVITAMINES K
INT_00346,ANTIVITAMINES K
INT_00347,ANTIVITAMINES K
INT_00348,ANTIVITAMINES K
INT_00349,ANTIVITAMINES K
INT_00350,ANTIVITAMINES K
INT_00351,ANTIVITAMINES K
INT_00352,ANTIVITAMINES K
INT_00353,ANTIVITAMINES K
INT_00354,ANTIVITAMINES K
INT_00355,ANTIVITAMINES K
INT_00356,ANTIVITAMINES K
INT_00357,ANTIVITAMINES K
INT_00358,ANTIVITAMINES K
INT_00359,ANTIVITAMINES K
INT_00360,ANTIVITAMINES K
INT_00361,ANTIVITAMINES K
INT_00362,ANTIVITAMINES K
INT_00363,ANTIVITAMINES K
INT_00364,ANTIVITAMINES K
INT_00365,ANTIVITAMINES K
INT_00366,ANTIVITAMINES K
INT_00367,ANTIVITAMINES K
INT_00368,ANTIVITAMINES K
INT_00369,ANTIVITAMINES K
INT_00370,APALUTAMIDE
INT_00371,APALUTAMIDE
INT_00372,APALUTAMIDE
INT_00373,APALUTAMIDE
INT_00374,APALUTAMIDE
INT_00375,APALUTAMIDE
INT_00376,APALUTAMIDE
INT_00377,APALUTAMIDE
INT_00378,APALUTAMIDE
INT_00379,APIXABAN
INT_00380,APIXABAN
INT_00381,APIXABAN
INT_00382,APIXABAN
INT_00383,APOMORPHINE
INT_00384,APREPITANT
INT_00385,APREPITANT
INT_00386,APREPITANT
INT_00387,APREPITANT
INT_00388,APREPITANT
INT_00389,APREPITANT
INT_00390,APREPITANT
INT_00391,APREPITANT
INT_00392,APREPITANT
INT_00393,APRÉMILAST
INT_00394,ARIPIPRAZOLE
INT_00395,ARIPIPRAZOLE
INT_00396,ARSENIEUX
INT_00397,ATALUREN
INT_00398,ATAZANAVIR
INT_00399,ATAZANAVIR
INT_00400,ATAZANAVIR
INT_00401,ATAZANAVIR
INT_00402,ATAZANAVIR
INT_00403,ATAZANAVIR
INT_00404,ATAZANAVIR
INT_00405,ATAZANAVIR
INT_00406,ATAZANAVIR
INT_00407,ATAZANAVIR
INT_00408,ATAZANAVIR
INT_00409,ATAZANAVIR
INT_00410,ATORVASTATINE
INT_00411,ATORVASTATINE
INT_00412,ATORVASTATINE
INT_00413,ATORVASTATINE
INT_00414,ATORVASTATINE
INT_00415,ATORVASTATINE
INT_00416,ATORVASTATINE
INT_00417,ATORVASTATINE
INT_00418,ATORVASTATINE
INT_00419,ATORVASTATINE
INT_00420,ATORVASTATINE
INT_00421,ATORVASTATINE
INT_00422,ATORVASTATINE
INT_00423,ATORVASTATINE
INT_00424,ATORVASTATINE
INT_00425,ATORVASTATINE
INT_00426,ATORVASTATINE
INT_00427,ATORVASTATINE
INT_00428,ATORVASTATINE
INT_00429,ATORVASTATINE
INT_00430,ATORVASTATINE
INT_00431,ATOVAQUONE
INT_00432,ATOVAQUONE
INT_00433,ATOVAQUONE
INT_00434,ATOVAQUONE
INT_00435,AVANAFIL
INT_00436,AZITHROMYCINE
INT_00437,AZITHROMYCINE
INT_00438,AZITHROMYCINE
INT_00439,AZITHROMYCINE
INT_00440,AZITHROMYCINE
INT_00441,AZTREONAM
INT_00442,BACLOFENE
INT_00443,BARBITURIQUES
INT_00444,BARBITURIQUES
INT_00445,BARBITURIQUES
INT_00446,BAZÉDOXIFÈNE
INT_00447,BENZODIAZÉPINES ET APPARENTÉS
INT_00448,BENZODIAZÉPINES ET APPARENTÉS
INT_00449,BENZODIAZÉPINES ET APPARENTÉS
INT_00450,BENZODIAZÉPINES ET APPARENTÉS
INT_00451,BICTÉGRAVIR
INT_00452,BICTÉGRAVIR
INT_00453,BICTÉGRAVIR
INT_00454,BICTÉGRAVIR
INT_00455,BICTÉGRAVIR
INT_00456,BISPHOSPHONATES
INT_00457,BISPHOSPHONATES
INT_00458,BLEOMYCINE
INT_00459,BORTEZOMIB
INT_00460,BORTEZOMIB
INT_00461,BOSENTAN
INT_00462,BOSENTAN
INT_00463,BOSENTAN
INT_00464,BOSENTAN
INT_00465,BOSENTAN
INT_00466,BOSENTAN
INT_00467,BOSENTAN
INT_00468,BOSENTAN
INT_00469,BOSENTAN
INT_00470,BOSENTAN
INT_00471,BOTULIQUE (TOXINE)
INT_00472,BRADYCARDISANTS
INT_00473,BRADYCARDISANTS
INT_00474,BRADYCARDISANTS
INT_00475,BRADYCARDISANTS
INT_00476,BRADYCARDISANTS
INT_00477,BRENTUXIMAB
INT_00478,BRENTUXIMAB
INT_00479,BUPRENORPHINE
INT_00480,BUPRENORPHINE
INT_00481,BUPRENORPHINE
INT_00482,BUPRENORPHINE
INT_00483,BUPRENORPHINE
INT_00484,BUPROPION
INT_00485,BUPROPION
INT_00486,BUPROPION
INT_00487,BUPROPION
INT_00488,BUPROPION
INT_00489,BUPROPION
INT_00490,BUPROPION
INT_00491,BUPROPION
INT_00492,BUPROPION
INT_00493,BUPROPION
INT_00494,BUPROPION
INT_00495,BUPROPION
INT_00496,BUSPIRONE
INT_00497,BUSPIRONE
INT_00498,BUSPIRONE
INT_00499,BUSPIRONE
INT_00500,BUSPIRONE
INT_00501,BUSPIRONE
INT_00502,BUSPIRONE
INT_00503,BUSPIRONE
INT_00504,BUSULFAN
INT_00505,BUSULFAN
INT_00506,BUSULFAN
INT_00507,BÉDAQUILINE
INT_00508,BÉDAQUILINE
INT_00509,BÉDAQUILINE
INT_00510,BÉLATACEPT
INT_00511,BÊTA-2 MIMÉTIQUES
INT_00512,BÊTA-2 MIMÉTIQUES
INT_00513,BÊTA-2 MIMÉTIQUES
INT_00514,BÊTA-2 MIMÉTIQUES
INT_00515,BÊTA-2 MIMÉTIQUES
INT_00516,BÊTA-BLOQUANTS (SAUF ESMOLOL) (Y COMPRIS COLLYRES)
INT_00517,BÊTA-BLOQUANTS (SAUF ESMOLOL) (Y COMPRIS COLLYRES)
INT_00518,BÊTA-BLOQUANTS (SAUF ESMOLOL) (Y COMPRIS COLLYRES)
INT_00519,BÊTA-BLOQUANTS (SAUF ESMOLOL) (Y COMPRIS COLLYRES)
INT_00520,BÊTA-BLOQUANTS (SAUF ESMOLOL) (Y COMPRIS COLLYRES)
INT_00521,BÊTA-BLOQUANTS (SAUF ESMOLOL) (Y COMPRIS COLLYRES)
INT_00522,BÊTA-BLOQUANTS (SAUF ESMOLOL) (Y COMPRIS COLLYRES)
INT_00523,BÊTA-BLOQUANTS (SAUF ESMOLOL) (Y COMPRIS COLLYRES)
INT_00524,BÊTA-BLOQUANTS (SAUF ESMOLOL) (Y COMPRIS COLLYRES)
INT_00525,BÊTA-BLOQUANTS (SAUF ESMOLOL) (Y COMPRIS COLLYRES)
INT_00526,BÊTA-BLOQUANTS (SAUF ESMOLOL) (Y COMPRIS COLLYRES)
INT_00527,BÊTA-BLOQUANTS (SAUF ESMOLOL) (Y COMPRIS COLLYRES)
INT_00528,BÊTA-BLOQUANTS (SAUF ESMOLOL) (Y COMPRIS COLLYRES)
INT_00529,BÊTA-BLOQUANTS DANS L'INSUFFISANCE CARDIAQUE
INT_00530,BÊTA-BLOQUANTS DANS L'INSUFFISANCE CARDIAQUE
INT_00531,BÊTA-BLOQUANTS DANS L'INSUFFISANCE CARDIAQUE
INT_00532,BÊTA-BLOQUANTS DANS L'INSUFFISANCE CARDIAQUE
INT_00533,BÊTA-BLOQUANTS DANS L'INSUFFISANCE CARDIAQUE
INT_00534,BÊTA-BLOQUANTS DANS L'INSUFFISANCE CARDIAQUE
INT_00535,BÊTA-BLOQUANTS DANS L'INSUFFISANCE CARDIAQUE
INT_00536,BÊTA-BLOQUANTS DANS L'INSUFFISANCE CARDIAQUE
INT_00537,BÊTA-BLOQUANTS DANS L'INSUFFISANCE CARDIAQUE
INT_00538,BÊTA-BLOQUANTS DANS L'INSUFFISANCE CARDIAQUE
INT_00539,BÊTA-BLOQUANTS DANS L'INSUFFISANCE CARDIAQUE
INT_00540,BÊTA-BLOQUANTS DANS L'INSUFFISANCE CARDIAQUE
INT_00541,BÊTA-BLOQUANTS DANS L'INSUFFISANCE CARDIAQUE
INT_00542,BÊTA-BLOQUANTS DANS L'INSUFFISANCE CARDIAQUE
INT_00543,BÊTA-BLOQUANTS DANS L'INSUFFISANCE CARDIAQUE
INT_00544,BÊTA-BLOQUANTS DANS L'INSUFFISANCE CARDIAQUE
INT_00545,BÊTA-BLOQUANTS DANS L'INSUFFISANCE CARDIAQUE
INT_00546,CABAZITAXEL
INT_00547,CABAZITAXEL
INT_00548,CABAZITAXEL
INT_00549,CABOTEGRAVIR
INT_00550,CAFEINE
INT_00551,CAFEINE
INT_00552,CAFEINE
INT_00553,CAFEINE
INT_00554,CAFEINE
INT_00555,CAFEINE
INT_00556,CAFEINE
INT_00557,CALCITONINE
INT_00558,CALCIUM
INT_00559,CALCIUM
INT_00560,CALCIUM
INT_00561,CALCIUM
INT_00562,CALCIUM
INT_00563,CALCIUM
INT_00564,CALCIUM
INT_00565,CALCIUM
INT_00566,CALCIUM
INT_00567,CALCIUM
INT_00568,CALCIUM
INT_00569,CALCIUM
INT_00570,CALCIUM
INT_00571,CANAKINUMAB
INT_00572,CANNABIDIOL
INT_00573,CANNABIDIOL
INT_00574,CANNABIDIOL
INT_00575,CARBAMAZEPINE
INT_00576,CARBAMAZEPINE
INT_00577,CARBAMAZEPINE
INT_00578,CARBAMAZEPINE
INT_00579,CARBAMAZEPINE
INT_00580,CARBAMAZEPINE
INT_00581,CARBAMAZEPINE
INT_00582,CARBAMAZEPINE
INT_00583,CARBAMAZEPINE
INT_00584,CARBAMAZEPINE
INT_00585,CARBAMAZEPINE
INT_00586,CARBAMAZEPINE
INT_00587,CARBAMAZEPINE
INT_00588,CARBAMAZEPINE
INT_00589,CARBAMAZEPINE
INT_00590,CARBAMAZEPINE
INT_00591,CARBAMAZEPINE
INT_00592,CARBAMAZEPINE
INT_00593,CARBAMAZEPINE
INT_00594,CARBAMAZEPINE
INT_00595,CARBAMAZEPINE
INT_00596,CARBAMAZEPINE
INT_00597,CARBAMAZEPINE
INT_00598,CARBAMAZEPINE
INT_00599,CARBAMAZEPINE
INT_00600,CARBAMAZEPINE
INT_00601,CARBAMAZEPINE
INT_00602,CARBAMAZEPINE
INT_00603,CARBAMAZEPINE
INT_00604,CARBAMAZEPINE
INT_00605,CARMUSTINE
INT_00606,CARVEDILOL
INT_00607,CARVEDILOL
INT_00608,CASPOFUNGINE
INT_00609,CEFALOTINE
INT_00610,CEFAMANDOLE
INT_00611,CEFAZOLINE
INT_00612,CEFTRIAXONE
INT_00613,CHLORDIAZEPOXIDE
INT_00614,CHLOROQUINE
INT_00615,CHLOROQUINE
INT_00616,CHLOROQUINE
INT_00617,CHLORPROMAZINE
INT_00618,CHLORPROMAZINE
INT_00619,CICLOSPORINE
INT_00620,CICLOSPORINE
INT_00621,CICLOSPORINE
INT_00622,CICLOSPORINE
INT_00623,CICLOSPORINE
INT_00624,CICLOSPORINE
INT_00625,CICLOSPORINE
INT_00626,CICLOSPORINE
INT_00627,CICLOSPORINE
INT_00628,CICLOSPORINE
INT_00629,CICLOSPORINE
INT_00630,CICLOSPORINE
INT_00631,CICLOSPORINE
INT_00632,CICLOSPORINE
INT_00633,CICLOSPORINE
INT_00634,CICLOSPORINE
INT_00635,CICLOSPORINE
INT_00636,CICLOSPORINE
INT_00637,CICLOSPORINE
INT_00638,CICLOSPORINE
INT_00639,CICLOSPORINE
INT_00640,CICLOSPORINE
INT_00641,CICLOSPORINE
INT_00642,CICLOSPORINE
INT_00643,CICLOSPORINE
INT_00644,CICLOSPORINE
INT_00645,CICLOSPORINE
INT_00646,CICLOSPORINE
INT_00647,CICLOSPORINE
INT_00648,CICLOSPORINE
INT_00649,CICLOSPORINE
INT_00650,CICLOSPORINE
INT_00651,CICLOSPORINE
INT_00652,CICLOSPORINE
INT_00653,CICLOSPORINE
INT_00654,CICLOSPORINE
INT_00655,CICLOSPORINE
INT_00656,CICLOSPORINE
INT_00657,CICLOSPORINE
INT_00658,CICLOSPORINE
INT_00659,CICLOSPORINE
INT_00660,CICLOSPORINE
INT_00661,CICLOSPORINE
INT_00662,CICLOSPORINE
INT_00663,CICLOSPORINE
INT_00664,CICLOSPORINE
INT_00665,CICLOSPORINE
INT_00666,CICLOSPORINE
INT_00667,CICLOSPORINE
INT_00668,CICLOSPORINE
INT_00669,CICLOSPORINE
INT_00670,CICLOSPORINE
INT_00671,CICLOSPORINE
INT_00672,CICLOSPORINE
INT_00673,CICLOSPORINE
INT_00674,CIMETIDINE
INT_00675,CIMETIDINE
INT_00676,CIMETIDINE
INT_00677,CIMETIDINE
INT_00678,CIMETIDINE
INT_00679,CIMETIDINE
INT_00680,CIMETIDINE
INT_00681,CIMETIDINE
INT_00682,CIMETIDINE
INT_00683,CIMETIDINE
INT_00684,CIMETIDINE
INT_00685,CIMETIDINE
INT_00686,CIMETIDINE
INT_00687,CIMETIDINE
INT_00688,CIMETIDINE
INT_00689,CIMETIDINE
INT_00690,CIMETIDINE
INT_00691,CINACALCET
INT_00692,CINACALCET
INT_00693,CINACALCET
INT_00694,CINACALCET
INT_00695,CINACALCET
INT_00696,CINACALCET
INT_00697,CINACALCET
INT_00698,CINACALCET
INT_00699,CIPROFLOXACINE
INT_00700,CIPROFLOXACINE
INT_00701,CIPROFLOXACINE
INT_00702,CIPROFLOXACINE
INT_00703,CIPROFLOXACINE
INT_00704,CIPROFLOXACINE
INT_00705,CIPROFLOXACINE
INT_00706,CIPROFLOXACINE
INT_00707,CIPROFLOXACINE
INT_00708,CITRATES
INT_00709,CLADRIBINE
INT_00710,CLARITHROMYCINE
INT_00711,CLARITHROMYCINE
INT_00712,CLARITHROMYCINE
INT_00713,CLARITHROMYCINE
INT_00714,CLARITHROMYCINE
INT_00715,CLARITHROMYCINE
INT_00716,CLARITHROMYCINE
INT_00717,CLARITHROMYCINE
INT_00718,CLARITHROMYCINE
INT_00719,CLARITHROMYCINE
INT_00720,CLARITHROMYCINE
INT_00721,CLARITHROMYCINE
INT_00722,CLARITHROMYCINE
INT_00723,CLARITHROMYCINE
INT_00724,CLARITHROMYCINE
INT_00725,CLARITHROMYCINE
INT_00726,CLARITHROMYCINE
INT_00727,CLINDAMYCINE
INT_00728,CLINDAMYCINE
INT_00729,CLINDAMYCINE
INT_00730,CLOBAZAM
INT_00731,CLOMIPRAMINE
INT_00732,CLONAZEPAM
INT_00733,CLOPIDOGREL
INT_00734,CLOPIDOGREL
INT_00735,CLOPIDOGREL
INT_00736,CLOPIDOGREL
INT_00737,CLOPIDOGREL
INT_00738,CLOPIDOGREL
INT_00739,CLOZAPINE
INT_00740,CLOZAPINE
INT_00741,CLOZAPINE
INT_00742,CLOZAPINE
INT_00743,CLOZAPINE
INT_00744,CLOZAPINE
INT_00745,COBICISTAT
INT_00746,COBICISTAT
INT_00747,COBICISTAT
INT_00748,COBICISTAT
INT_00749,COBICISTAT
INT_00750,COBICISTAT
INT_00751,COBICISTAT
INT_00752,COBICISTAT
INT_00753,COBICISTAT
INT_00754,COBICISTAT
INT_00755,COBIMÉTINIB
INT_00756,COBIMÉTINIB
INT_00757,COBIMÉTINIB
INT_00758,COBIMÉTINIB
INT_00759,COBIMÉTINIB
INT_00760,COBIMÉTINIB
INT_00761,COBIMÉTINIB
INT_00762,COBIMÉTINIB
INT_00763,COBIMÉTINIB
INT_00764,COBIMÉTINIB
INT_00765,COCAINE
INT_00766,CODEINE
INT_00767,CODEINE
INT_00768,CODEINE
INT_00769,CODEINE
INT_00770,CODEINE
INT_00771,CODEINE
INT_00772,CODEINE
INT_00773,COLCHICINE
INT_00774,COLCHICINE
INT_00775,COLCHICINE
INT_00776,COLCHICINE
INT_00777,COLCHICINE
INT_00778,COLCHICINE
INT_00779,COLCHICINE
INT_00780,COLCHICINE
INT_00781,COLCHICINE
INT_00782,COLCHICINE
INT_00783,COLCHICINE
INT_00784,COLCHICINE
INT_00785,COLISTINE
INT_00786,CORTICOÏDES
INT_00787,CORTICOÏDES (VOIE INTRA-ARTICULAIRE)
INT_00788,"CORTICOÏDES MÉTABOLISÉS, NOTAMMENT INHALÉS"
INT_00789,CRIZOTINIB
INT_00790,CRIZOTINIB
INT_00791,CRIZOTINIB
INT_00792,CURARES
INT_00793,CURARES
INT_00794,CURARES
INT_00795,CURARES
INT_00796,CURARES NON DÉPOLARISANTS
INT_00797,CYANOCOBALAMINE
INT_00798,CYANOCOBALAMINE
INT_00799,CYCLINES
INT_00800,CYCLINES
INT_00801,CYCLINES
INT_00802,CYCLINES
INT_00803,CYCLINES
INT_00804,CYCLINES
INT_00805,CYCLINES
INT_00806,CYCLOPHOSPHAMIDE
INT_00807,CYCLOPHOSPHAMIDE
INT_00808,CYCLOPHOSPHAMIDE
INT_00809,CYPROHEPTADINE
INT_00810,CYPROTERONE
INT_00811,CYPROTERONE
INT_00812,CYPROTERONE
INT_00813,CYPROTERONE
INT_00814,CYPROTERONE
INT_00815,CYPROTERONE
INT_00816,CYPROTERONE
INT_00817,CYTOTOXIQUES
INT_00818,CYTOTOXIQUES
INT_00819,CYTOTOXIQUES
INT_00820,CYTOTOXIQUES
INT_00821,CYTOTOXIQUES
INT_00822,CYTOTOXIQUES
INT_00823,DABIGATRAN
INT_00824,DABIGATRAN
INT_00825,DABIGATRAN
INT_00826,DABIGATRAN
INT_00827,DABIGATRAN
INT_00828,DABIGATRAN
INT_00829,DABIGATRAN
INT_00830,DABIGATRAN
INT_00831,DABIGATRAN
INT_00832,DABIGATRAN
INT_00833,DABIGATRAN
INT_00834,DABIGATRAN
INT_00835,DABIGATRAN
INT_00836,DABIGATRAN
INT_00837,DACARBAZINE
INT_00838,DALFOPRISTINE
INT_00839,DALFOPRISTINE
INT_00840,DALFOPRISTINE
INT_00841,DALFOPRISTINE
INT_00842,DANAZOL
INT_00843,DANAZOL
INT_00844,DANAZOL
INT_00845,DANAZOL
INT_00846,DANAZOL
INT_00847,DANAZOL
INT_00848,DANAZOL
INT_00849,DANTROLENE
INT_00850,DANTROLENE
INT_00851,DANTROLENE
INT_00852,DAPOXÉTINE
INT_00853,DAPOXÉTINE
INT_00854,DAPSONE
INT_00855,DAPTOMYCINE
INT_00856,DARIFENACINE
INT_00857,DARIFENACINE
INT_00858,DAROLUTAMIDE
INT_00859,DAROLUTAMIDE
INT_00860,DAROLUTAMIDE
INT_00861,DARUNAVIR
INT_00862,DASABUVIR
INT_00863,DASABUVIR
INT_00864,DASABUVIR
INT_00865,DASABUVIR
INT_00866,DASABUVIR
INT_00867,DEFERASIROX
INT_00868,DEFERASIROX
INT_00869,DEFERASIROX
INT_00870,DEFERASIROX
INT_00871,DEFERASIROX
INT_00872,DEFERASIROX
INT_00873,DEFERASIROX
INT_00874,DEFERASIROX
INT_00875,DEFERASIROX
INT_00876,DEFERASIROX
INT_00877,DEFERASIROX
INT_00878,DESIPRAMINE
INT_00879,DEXAMETHASONE
INT_00880,DEXAMETHASONE
INT_00881,DEXTRAN
INT_00882,DEXTROMETHORPHANE
INT_00883,DEXTROMETHORPHANE
INT_00884,DEXTROMETHORPHANE
INT_00885,DIAZEPAM
INT_00886,DIAZEPAM
INT_00887,DIAZEPAM
INT_00888,DIAZEPAM
INT_00889,DIDANOSINE
INT_00890,DIDANOSINE
INT_00891,DIDANOSINE
INT_00892,DIDANOSINE
INT_00893,DIDANOSINE
INT_00894,DIDANOSINE
INT_00895,DIGOXINE
INT_00896,DIGOXINE
INT_00897,DIGOXINE
INT_00898,DIGOXINE
INT_00899,DIGOXINE
INT_00900,DIGOXINE
INT_00901,DIGOXINE
INT_00902,DIGOXINE
INT_00903,DIGOXINE
INT_00904,DIGOXINE
INT_00905,DIGOXINE
INT_00906,DIGOXINE
INT_00907,DIGOXINE
INT_00908,DIGOXINE
INT_00909,DIGOXINE
INT_00910,DIGOXINE
INT_00911,DIGOXINE
INT_00912,DIGOXINE
INT_00913,DIGOXINE
INT_00914,DIGOXINE
INT_00915,DIGOXINE
INT_00916,DIGOXINE
INT_00917,DIGOXINE
INT_00918,DIGOXINE
INT_00919,DIGOXINE
INT_00920,DIGOXINE
INT_00921,DIHYDROERGOTAMINE
INT_00922,DIHYDROERGOTAMINE
INT_00923,DIHYDROERGOTAMINE
INT_00924,DIHYDROERGOTAMINE
INT_00925,DIHYDROERGOTAMINE
INT_00926,DIHYDROERGOTAMINE
INT_00927,DIHYDROERGOTAMINE
INT_00928,DIHYDROPYRIDINES
INT_00929,DIHYDROPYRIDINES
INT_00930,DIHYDROPYRIDINES
INT_00931,DILTIAZEM
INT_00932,DILTIAZEM
INT_00933,DILTIAZEM
INT_00934,DILTIAZEM
INT_00935,DILTIAZEM
INT_00936,DILTIAZEM
INT_00937,DILTIAZEM
INT_00938,DILTIAZEM
INT_00939,DILTIAZEM
INT_00940,DILTIAZEM
INT_00941,DILTIAZEM
INT_00942,DILTIAZEM
INT_00943,DILTIAZEM
INT_00944,DILTIAZEM
INT_00945,DILTIAZEM
INT_00946,DILTIAZEM
INT_00947,DILTIAZEM
INT_00948,DILTIAZEM
INT_00949,DILTIAZEM
INT_00950,DILTIAZEM
INT_00951,DILTIAZEM
INT_00952,DILTIAZEM
INT_00953,DILTIAZEM
INT_00954,DILTIAZEM
INT_00955,DILTIAZEM
INT_00956,DILTIAZEM
INT_00957,DIMÉTHYLE ( FUMARATE DE)
INT_00958,DIPROPHYLLINE
INT_00959,DIPYRIDAMOLE
INT_00960,DIPYRIDAMOLE
INT_00961,DIPYRIDAMOLE
INT_00962,DIPYRIDAMOLE
INT_00963,DISOPYRAMIDE
INT_00964,DISOPYRAMIDE
INT_00965,DISOPYRAMIDE
INT_00966,DISOPYRAMIDE
INT_00967,DISULFIRAME
INT_00968,DISULFIRAME
INT_00969,DISULFIRAME
INT_00970,DISULFIRAME
INT_00971,DISULFIRAME
INT_00972,DIURÉTIQUES
INT_00973,DIURÉTIQUES
INT_00974,DIURÉTIQUES
INT_00975,DIURÉTIQUES DE L'ANSE
INT_00976,DIURÉTIQUES DE L'ANSE
INT_00977,DIURÉTIQUES DE L'ANSE
INT_00978,DIURÉTIQUES DE L'ANSE
INT_00979,DIURÉTIQUES DE L'ANSE
INT_00980,DIURÉTIQUES DE L'ANSE
INT_00981,DIURÉTIQUES DE L'ANSE
INT_00982,DIURÉTIQUES DE L'ANSE
INT_00983,DIURÉTIQUES DE L'ANSE
INT_00984,DIURÉTIQUES DE L'ANSE
INT_00985,DIURÉTIQUES DE L'ANSE
INT_00986,DIURÉTIQUES DE L'ANSE
INT_00987,DIURÉTIQUES HYPOKALIÉMIANTS
INT_00988,DIURÉTIQUES HYPOKALIÉMIANTS
INT_00989,DIURÉTIQUES HYPOKALIÉMIANTS
INT_00990,DIURÉTIQUES HYPOKALIÉMIANTS
INT_00991,DIURÉTIQUES HYPOKALIÉMIANTS
INT_00992,DIURÉTIQUES THIAZIDIQUES ET APPARENTÉS
INT_00993,DIURÉTIQUES THIAZIDIQUES ET APPARENTÉS
INT_00994,DOCETAXEL
INT_00995,DOCETAXEL
INT_00996,DOCETAXEL
INT_00997,DOCETAXEL
INT_00998,DOCETAXEL
INT_00999,DOCETAXEL
INT_01000,DOLUTÉGRAVIR
INT_01001,DOLUTÉGRAVIR
INT_01002,DOLUTÉGRAVIR
INT_01003,DOMPERIDONE
INT_01004,DOMPERIDONE
INT_01005,DOPAMINERGIQUES
INT_01006,DOPAMINERGIQUES
INT_01007,"DOPAMINERGIQUES, HORS PARKINSON"
INT_01008,DOXORUBICINE
INT_01009,DOXYCYCLINE
INT_01010,DOXYCYCLINE
INT_01011,DRONEDARONE
INT_01012,DRONEDARONE
INT_01013,DRONEDARONE
INT_01014,DRONEDARONE
INT_01015,DRONEDARONE
INT_01016,DRONEDARONE
INT_01017,DRONEDARONE
INT_01018,DRONEDARONE
INT_01019,DRONEDARONE
INT_01020,DRONEDARONE
INT_01021,DRONEDARONE
INT_01022,DRONEDARONE
INT_01023,DRONEDARONE
INT_01024,DRONEDARONE
INT_01025,DRONEDARONE
INT_01026,DRONEDARONE
INT_01027,DRONEDARONE
INT_01028,DULOXETINE
INT_01029,DULOXETINE
INT_01030,DULOXETINE
INT_01031,DULOXETINE
INT_01032,DULOXETINE
INT_01033,DULOXETINE
INT_01034,DULOXETINE
INT_01035,DULOXETINE
INT_01036,DULOXETINE
INT_01037,DÉFIBROTIDE
INT_01038,DÉFIBROTIDE
INT_01039,DÉFIBROTIDE
INT_01040,DÉFIBROTIDE
INT_01041,DÉFIBROTIDE
INT_01042,DÉFÉRIPRONE
INT_01043,DÉFÉRIPRONE
INT_01044,DÉFÉROXAMINE
INT_01045,DÉFÉROXAMINE
INT_01046,DÉLAMANID
INT_01047,DÉLAMANID
INT_01048,DÉLAMANID
INT_01049,DÉLAMANID
INT_01050,DÉRIVÉS DE L'ACIDE AMINOSALICYLIQUE (ASA)
INT_01051,DÉRIVÉS NITRÉS ET APPARENTÉS
INT_01052,DÉRIVÉS NITRÉS ET APPARENTÉS
INT_01053,ECONAZOLE
INT_01054,EFAVIRENZ
INT_01055,EFAVIRENZ
INT_01056,EFAVIRENZ
INT_01057,EFAVIRENZ
INT_01058,EFAVIRENZ
INT_01059,EFAVIRENZ
INT_01060,EFAVIRENZ
INT_01061,EFAVIRENZ
INT_01062,EFAVIRENZ
INT_01063,EFAVIRENZ
INT_01064,EFAVIRENZ
INT_01065,EFAVIRENZ
INT_01066,EFAVIRENZ
INT_01067,EFAVIRENZ
INT_01068,EFAVIRENZ
INT_01069,ELTROMBOPAG
INT_01070,ELTROMBOPAG
INT_01071,ELVITÉGRAVIR
INT_01072,ELVITÉGRAVIR
INT_01073,ELVITÉGRAVIR
INT_01074,ELVITÉGRAVIR
INT_01075,ENOXACINE
INT_01076,ENOXACINE
INT_01077,ENOXACINE
INT_01078,ENOXACINE
INT_01079,ENTACAPONE
INT_01080,ENZALUTAMIDE
INT_01081,EPLERENONE
INT_01082,EPLERENONE
INT_01083,EPLERENONE
INT_01084,ERGOTAMINE
INT_01085,ERGOTAMINE
INT_01086,ERGOTAMINE
INT_01087,ERGOTAMINE
INT_01088,ERGOTAMINE
INT_01089,ERGOTAMINE
INT_01090,ERGOTAMINE
INT_01091,ERGOTAMINE
INT_01092,ERGOTAMINE
INT_01093,ERYTHROMYCINE
INT_01094,ERYTHROMYCINE
INT_01095,ERYTHROMYCINE
INT_01096,ERYTHROMYCINE
INT_01097,ERYTHROMYCINE
INT_01098,ERYTHROMYCINE
INT_01099,ERYTHROMYCINE
INT_01100,ERYTHROMYCINE
INT_01101,ERYTHROMYCINE
INT_01102,ERYTHROMYCINE
INT_01103,ERYTHROMYCINE
INT_01104,ERYTHROMYCINE
INT_01105,ERYTHROMYCINE
INT_01106,ERYTHROMYCINE
INT_01107,ERYTHROMYCINE
INT_01108,ERYTHROMYCINE
INT_01109,ESCITALOPRAM
INT_01110,ESCITALOPRAM
INT_01111,ESMOLOL
INT_01112,ESMOLOL
INT_01113,ESMOLOL
INT_01114,ESMOLOL
INT_01115,ESMOLOL
INT_01116,ESOMEPRAZOLE
INT_01117,ESTRAMUSTINE
INT_01118,ESTRAMUSTINE
INT_01119,ESTRAMUSTINE
INT_01120,ESTROGÈNES NON CONTRACEPTIFS
INT_01121,ESTROGÈNES NON CONTRACEPTIFS
INT_01122,ESTROGÈNES NON CONTRACEPTIFS
INT_01123,ESTROPROGESTATIFS CONTRACEPTIFS
INT_01124,ESTROPROGESTATIFS CONTRACEPTIFS
INT_01125,ESTROPROGESTATIFS CONTRACEPTIFS
INT_01126,ESTROPROGESTATIFS CONTRACEPTIFS
INT_01127,ESTROPROGESTATIFS CONTRACEPTIFS
INT_01128,ESTROPROGESTATIFS CONTRACEPTIFS
INT_01129,ESTROPROGESTATIFS CONTRACEPTIFS
INT_01130,ESTROPROGESTATIFS CONTRACEPTIFS
INT_01131,ESTROPROGESTATIFS CONTRACEPTIFS
INT_01132,ESTROPROGESTATIFS CONTRACEPTIFS
INT_01133,ESTROPROGESTATIFS CONTRACEPTIFS
INT_01134,ESTROPROGESTATIFS CONTRACEPTIFS
INT_01135,ESTROPROGESTATIFS CONTRACEPTIFS
INT_01136,ESZOPICLONE
INT_01137,ESZOPICLONE
INT_01138,ETANERCEPT
INT_01139,ETHINYLESTRADIOL
INT_01140,ETHINYLESTRADIOL
INT_01141,ETHINYLESTRADIOL
INT_01142,ETHOSUXIMIDE
INT_01143,ETOPOSIDE
INT_01144,ETOPOSIDE
INT_01145,ETRAVIRINE
INT_01146,ETRAVIRINE
INT_01147,ETRAVIRINE
INT_01148,ETRAVIRINE
INT_01149,ETRAVIRINE
INT_01150,EVEROLIMUS
INT_01151,EVEROLIMUS
INT_01152,EVEROLIMUS
INT_01153,EXEMESTANE
INT_01154,EZETIMIBE
INT_01155,EZETIMIBE
INT_01156,FELBAMATE
INT_01157,FELBAMATE
INT_01158,FELBAMATE
INT_01159,FELBAMATE
INT_01160,FELBAMATE
INT_01161,FENOFIBRATE
INT_01162,FENOFIBRATE
INT_01163,FENTANYL
INT_01164,FENTANYL
INT_01165,FENTANYL
INT_01166,FER
INT_01167,FER
INT_01168,FER
INT_01169,FER
INT_01170,FER
INT_01171,FER
INT_01172,FER
INT_01173,FER
INT_01174,FER
INT_01175,FER
INT_01176,FER
INT_01177,FER
INT_01178,FER
INT_01179,FER
INT_01180,FER
INT_01181,FER
INT_01182,FER
INT_01183,FEXOFENADINE
INT_01184,FIBRATES
INT_01185,FIBRATES
INT_01186,FIBRATES
INT_01187,FIBRATES
INT_01188,FIDAXOMICINE
INT_01189,FIDAXOMICINE
INT_01190,FIDAXOMICINE
INT_01191,FIDAXOMICINE
INT_01192,FIDAXOMICINE
INT_01193,FIDAXOMICINE
INT_01194,FIDAXOMICINE
INT_01195,FINGOLIMOD
INT_01196,FLUCLOXACILLINE
INT_01197,FLUCLOXACILLINE
INT_01198,FLUCONAZOLE
INT_01199,FLUCONAZOLE
INT_01200,FLUCONAZOLE
INT_01201,FLUCONAZOLE
INT_01202,FLUCONAZOLE
INT_01203,FLUCONAZOLE
INT_01204,FLUCONAZOLE
INT_01205,FLUCONAZOLE
INT_01206,FLUCONAZOLE
INT_01207,FLUCONAZOLE
INT_01208,FLUCONAZOLE
INT_01209,FLUCONAZOLE
INT_01210,FLUCONAZOLE
INT_01211,FLUCONAZOLE
INT_01212,FLUCONAZOLE
INT_01213,FLUCONAZOLE
INT_01214,FLUCONAZOLE
INT_01215,FLUCONAZOLE
INT_01216,FLUCONAZOLE
INT_01217,FLUCONAZOLE
INT_01218,FLUCONAZOLE
INT_01219,FLUCONAZOLE
INT_01220,FLUCONAZOLE
INT_01221,FLUCONAZOLE
INT_01222,FLUCONAZOLE
INT_01223,FLUCONAZOLE
INT_01224,FLUCONAZOLE
INT_01225,FLUCONAZOLE
INT_01226,FLUCYTOSINE
INT_01227,FLUCYTOSINE
INT_01228,FLUCYTOSINE
INT_01229,FLUCYTOSINE
INT_01230,FLUCYTOSINE
INT_01231,FLUDARABINE
INT_01232,FLUOROQUINOLONES
INT_01233,FLUOROQUINOLONES
INT_01234,FLUOROQUINOLONES
INT_01235,FLUOROQUINOLONES
INT_01236,FLUOROQUINOLONES
INT_01237,FLUOROQUINOLONES
INT_01238,FLUOROQUINOLONES
INT_01239,"FLUOROURACILE (ET, PAR EXTRAPOLATION, AUTRES FLUOROPYRIMIDINES)"
INT_01240,"FLUOROURACILE (ET, PAR EXTRAPOLATION, AUTRES FLUOROPYRIMIDINES)"
INT_01241,"FLUOROURACILE (ET, PAR EXTRAPOLATION, AUTRES FLUOROPYRIMIDINES)"
INT_01242,"FLUOROURACILE (ET, PAR EXTRAPOLATION, AUTRES FLUOROPYRIMIDINES)"
INT_01243,"FLUOROURACILE (ET, PAR EXTRAPOLATION, AUTRES FLUOROPYRIMIDINES)"
INT_01244,FLUOXETINE
INT_01245,FLUOXETINE
INT_01246,FLUOXETINE
INT_01247,FLUOXETINE
INT_01248,FLUOXETINE
INT_01249,FLUOXETINE
INT_01250,FLUOXETINE
INT_01251,FLUOXETINE
INT_01252,FLUOXETINE
INT_01253,FLUOXETINE
INT_01254,FLUOXETINE
INT_01255,FLUVASTATINE
INT_01256,FLUVOXAMINE
INT_01257,FLUVOXAMINE
INT_01258,FLUVOXAMINE
INT_01259,FLUVOXAMINE
INT_01260,FLUVOXAMINE
INT_01261,FLUVOXAMINE
INT_01262,FLUVOXAMINE
INT_01263,FLUVOXAMINE
INT_01264,FLUVOXAMINE
INT_01265,FLUVOXAMINE
INT_01266,FLUVOXAMINE
INT_01267,FLUVOXAMINE
INT_01268,FLUVOXAMINE
INT_01269,FLUVOXAMINE
INT_01270,FOLATES
INT_01271,FOLATES
INT_01272,FOSAMPRENAVIR
INT_01273,FOSAMPRENAVIR
INT_01274,FOSAMPRENAVIR
INT_01275,FOSCARNET
INT_01276,FOSTAMATINIB
INT_01277,FOSTEMSAVIR
INT_01278,FOSTEMSAVIR
INT_01279,FOSTEMSAVIR
INT_01280,FOSTEMSAVIR
INT_01281,FOTEMUSTINE
INT_01282,FUROSEMIDE
INT_01283,GANCICLOVIR
INT_01284,GANCICLOVIR
INT_01285,GANCICLOVIR
INT_01286,GANCICLOVIR
INT_01287,GEMFIBROZIL
INT_01288,GEMFIBROZIL
INT_01289,GEMFIBROZIL
INT_01290,GEMFIBROZIL
INT_01291,GEMFIBROZIL
INT_01292,GEMFIBROZIL
INT_01293,GEMFIBROZIL
INT_01294,GEMFIBROZIL
INT_01295,GILTÉRITINIB
INT_01296,GINKGO
INT_01297,GIVOSIRAN
INT_01298,GLASDÉGIB
INT_01299,GLASDÉGIB
INT_01300,GLASDÉGIB
INT_01301,GLIBENCLAMIDE
INT_01302,GLIBENCLAMIDE
INT_01303,GLIMEPIRIDE
INT_01304,GLINIDES
INT_01305,GLINIDES
INT_01306,GLIPIZIDE
INT_01307,GLIPTINES
INT_01308,GLIPTINES
INT_01309,GLIPTINES
INT_01310,GLOBULINES ANTILYMPHOCYTAIRES
INT_01311,GLOBULINES ANTILYMPHOCYTAIRES
INT_01312,GLUCOCORTICOÏDES (SAUF HYDROCORTISONE)
INT_01313,GLUCOCORTICOÏDES (SAUF HYDROCORTISONE)
INT_01314,GLUCOCORTICOÏDES (SAUF HYDROCORTISONE)
INT_01315,GLUCOCORTICOÏDES (SAUF HYDROCORTISONE)
INT_01316,GLUCOCORTICOÏDES (SAUF HYDROCORTISONE)
INT_01317,GLUCOCORTICOÏDES (SAUF HYDROCORTISONE)
INT_01318,GLUCOCORTICOÏDES (SAUF HYDROCORTISONE)
INT_01319,GLUCOCORTICOÏDES (SAUF HYDROCORTISONE)
INT_01320,GLUCOCORTICOÏDES (SAUF HYDROCORTISONE)
INT_01321,GLUCOCORTICOÏDES (SAUF HYDROCORTISONE)
INT_01322,GLUCOCORTICOÏDES (SAUF HYDROCORTISONE)
INT_01323,GLUCOCORTICOÏDES (SAUF HYDROCORTISONE)
INT_01324,GLUCOSAMINE
INT_01325,GLYCEROL
INT_01326,GLÉCAPRÉVIR + PIBRENTASVIR
INT_01327,GLÉCAPRÉVIR + PIBRENTASVIR
INT_01328,GLÉCAPRÉVIR + PIBRENTASVIR
INT_01329,GLÉCAPRÉVIR + PIBRENTASVIR
INT_01330,GLÉCAPRÉVIR + PIBRENTASVIR
INT_01331,GLÉCAPRÉVIR + PIBRENTASVIR
INT_01332,GLÉCAPRÉVIR + PIBRENTASVIR
INT_01333,GRAZOPREVIR + ELBASVIR
INT_01334,GRAZOPREVIR + ELBASVIR
INT_01335,GRAZOPREVIR + ELBASVIR
INT_01336,GRAZOPREVIR + ELBASVIR
INT_01337,GRAZOPREVIR + ELBASVIR
INT_01338,GRAZOPREVIR + ELBASVIR
INT_01339,GRAZOPREVIR + ELBASVIR
INT_01340,GRISEOFULVINE
INT_01341,GRISEOFULVINE
INT_01342,GUANETHIDINE
INT_01343,HALOFANTRINE
INT_01344,HALOFANTRINE
INT_01345,HALOFANTRINE
INT_01346,HALOFANTRINE
INT_01347,HALOFANTRINE
INT_01348,HALOPERIDOL
INT_01349,HALOPERIDOL
INT_01350,HALOTHANE
INT_01351,HALOTHANE
INT_01352,HORMONES THYROÏDIENNES
INT_01353,HORMONES THYROÏDIENNES
INT_01354,HORMONES THYROÏDIENNES
INT_01355,HORMONES THYROÏDIENNES
INT_01356,HORMONES THYROÏDIENNES
INT_01357,HORMONES THYROÏDIENNES
INT_01358,HORMONES THYROÏDIENNES
INT_01359,HORMONES THYROÏDIENNES
INT_01360,HORMONES THYROÏDIENNES
INT_01361,HORMONES THYROÏDIENNES
INT_01362,HORMONES THYROÏDIENNES
INT_01363,HORMONES THYROÏDIENNES
INT_01364,HORMONES THYROÏDIENNES
INT_01365,HORMONES THYROÏDIENNES
INT_01366,HORMONES THYROÏDIENNES
INT_01367,HORMONES THYROÏDIENNES
INT_01368,HUILES MINÉRALES
INT_01369,HYDROCORTISONE
INT_01370,HYDROQUINIDINE
INT_01371,HYDROQUINIDINE
INT_01372,HYDROQUINIDINE
INT_01373,HYDROXYCARBAMIDE
INT_01374,HYDROXYCHLOROQUINE
INT_01375,HYPERKALIÉMIANTS
INT_01376,HYPNOTIQUES
INT_01377,HYPOKALIÉMIANTS
INT_01378,HYPOKALIÉMIANTS
INT_01379,HYPOKALIÉMIANTS
INT_01380,HYPONATRÉMIANTS
INT_01381,HÉPARINES
INT_01382,HÉPARINES
INT_01383,HÉPARINES
INT_01384,HÉPARINES
INT_01385,HÉPARINES
INT_01386,HÉPARINES (DOSES CURATIVES ET/OU SUJET ÂGÉ)
INT_01387,HÉPARINES (DOSES CURATIVES ET/OU SUJET ÂGÉ)
INT_01388,HÉPARINES (DOSES CURATIVES ET/OU SUJET ÂGÉ)
INT_01389,HÉPARINES (DOSES CURATIVES ET/OU SUJET ÂGÉ)
INT_01390,HÉPARINES (DOSES PRÉVENTIVES)
INT_01391,HÉPARINES (DOSES PRÉVENTIVES)
INT_01392,IBRUTINIB
INT_01393,IBRUTINIB
INT_01394,IBRUTINIB
INT_01395,IBRUTINIB
INT_01396,IBRUTINIB
INT_01397,IBRUTINIB
INT_01398,IBRUTINIB
INT_01399,IBRUTINIB
INT_01400,IBRUTINIB
INT_01401,IDÉLALISIB
INT_01402,IDÉLALISIB
INT_01403,IDÉLALISIB
INT_01404,IDÉLALISIB
INT_01405,IDÉLALISIB
INT_01406,IDÉLALISIB
INT_01407,IFOSFAMIDE
INT_01408,IFOSFAMIDE
INT_01409,IFOSFAMIDE
INT_01410,IMAO IRRÉVERSIBLES
INT_01411,IMAO IRRÉVERSIBLES
INT_01412,IMAO IRRÉVERSIBLES
INT_01413,IMAO IRRÉVERSIBLES
INT_01414,IMAO IRRÉVERSIBLES
INT_01415,IMAO IRRÉVERSIBLES
INT_01416,IMAO IRRÉVERSIBLES
INT_01417,IMAO IRRÉVERSIBLES
INT_01418,IMAO IRRÉVERSIBLES
INT_01419,IMAO IRRÉVERSIBLES
INT_01420,IMAO IRRÉVERSIBLES
INT_01421,IMAO IRRÉVERSIBLES
INT_01422,IMAO IRRÉVERSIBLES
INT_01423,IMAO IRRÉVERSIBLES
INT_01424,IMAO IRRÉVERSIBLES
INT_01425,IMAO IRRÉVERSIBLES
INT_01426,IMAO IRRÉVERSIBLES
INT_01427,IMAO IRRÉVERSIBLES
INT_01428,IMAO IRRÉVERSIBLES
INT_01429,IMAO IRRÉVERSIBLES
INT_01430,IMAO IRRÉVERSIBLES
INT_01431,IMAO IRRÉVERSIBLES
INT_01432,IMAO IRRÉVERSIBLES
INT_01433,IMAO IRRÉVERSIBLES
INT_01434,IMAO-B
INT_01435,IMAO-B
INT_01436,IMAO-B
INT_01437,IMAO-B
INT_01438,IMAO-B
INT_01439,IMAO-B
INT_01440,IMAO-B
INT_01441,IMAO-B
INT_01442,IMATINIB
INT_01443,IMATINIB
INT_01444,IMATINIB
INT_01445,IMMUNOSUPPRESSEURS
INT_01446,IMMUNOSUPPRESSEURS
INT_01447,IMMUNOSUPPRESSEURS
INT_01448,IMMUNOSUPPRESSEURS
INT_01449,IMMUNOSUPPRESSEURS
INT_01450,IMMUNOSUPPRESSEURS
INT_01451,IMMUNOSUPPRESSEURS
INT_01452,IMMUNOSUPPRESSEURS
INT_01453,IMMUNOSUPPRESSEURS
INT_01454,IMMUNOSUPPRESSEURS
INT_01455,IMMUNOSUPPRESSEURS
INT_01456,IMMUNOSUPPRESSEURS
INT_01457,IMMUNOSUPPRESSEURS
INT_01458,IMMUNOSUPPRESSEURS
INT_01459,IMMUNOSUPPRESSEURS
INT_01460,IMMUNOSUPPRESSEURS
INT_01461,IMMUNOSUPPRESSEURS
INT_01462,IMMUNOSUPPRESSEURS
INT_01463,IMMUNOSUPPRESSEURS
INT_01464,IMMUNOSUPPRESSEURS
INT_01465,IMMUNOSUPPRESSEURS
INT_01466,IMMUNOSUPPRESSEURS
INT_01467,IMMUNOSUPPRESSEURS
INT_01468,IMMUNOSUPPRESSEURS
INT_01469,IMMUNOSUPPRESSEURS
INT_01470,IMMUNOSUPPRESSEURS
INT_01471,IMMUNOSUPPRESSEURS
INT_01472,IMMUNOSUPPRESSEURS
INT_01473,INDUCTEURS ENZYMATIQUES
INT_01474,INDUCTEURS ENZYMATIQUES
INT_01475,INDUCTEURS ENZYMATIQUES
INT_01476,INDUCTEURS ENZYMATIQUES
INT_01477,INDUCTEURS ENZYMATIQUES
INT_01478,INDUCTEURS ENZYMATIQUES
INT_01479,INDUCTEURS ENZYMATIQUES
INT_01480,INDUCTEURS ENZYMATIQUES
INT_01481,INDUCTEURS ENZYMATIQUES
INT_01482,INDUCTEURS ENZYMATIQUES
INT_01483,INDUCTEURS ENZYMATIQUES
INT_01484,INDUCTEURS ENZYMATIQUES
INT_01485,INDUCTEURS ENZYMATIQUES
INT_01486,INDUCTEURS ENZYMATIQUES
INT_01487,INDUCTEURS ENZYMATIQUES
INT_01488,INDUCTEURS ENZYMATIQUES
INT_01489,INDUCTEURS ENZYMATIQUES
INT_01490,INDUCTEURS ENZYMATIQUES
INT_01491,INDUCTEURS ENZYMATIQUES
INT_01492,INDUCTEURS ENZYMATIQUES
INT_01493,INDUCTEURS ENZYMATIQUES
INT_01494,INDUCTEURS ENZYMATIQUES
INT_01495,INDUCTEURS ENZYMATIQUES
INT_01496,INDUCTEURS ENZYMATIQUES
INT_01497,INDUCTEURS ENZYMATIQUES
INT_01498,INDUCTEURS ENZYMATIQUES
INT_01499,INDUCTEURS ENZYMATIQUES
INT_01500,INDUCTEURS ENZYMATIQUES
INT_01501,INDUCTEURS ENZYMATIQUES
INT_01502,INDUCTEURS ENZYMATIQUES
INT_01503,INDUCTEURS ENZYMATIQUES
INT_01504,INDUCTEURS ENZYMATIQUES
INT_01505,INDUCTEURS ENZYMATIQUES
INT_01506,INDUCTEURS ENZYMATIQUES
INT_01507,INDUCTEURS ENZYMATIQUES
INT_01508,INDUCTEURS ENZYMATIQUES
INT_01509,INDUCTEURS ENZYMATIQUES
INT_01510,INDUCTEURS ENZYMATIQUES
INT_01511,INDUCTEURS ENZYMATIQUES
INT_01512,INDUCTEURS ENZYMATIQUES
INT_01513,INDUCTEURS ENZYMATIQUES
INT_01514,INDUCTEURS ENZYMATIQUES
INT_01515,INDUCTEURS ENZYMATIQUES
INT_01516,INDUCTEURS ENZYMATIQUES
INT_01517,INDUCTEURS ENZYMATIQUES
INT_01518,INDUCTEURS ENZYMATIQUES
INT_01519,INDUCTEURS ENZYMATIQUES
INT_01520,INDUCTEURS ENZYMATIQUES
INT_01521,INDUCTEURS ENZYMATIQUES
INT_01522,INDUCTEURS ENZYMATIQUES
INT_01523,INDUCTEURS ENZYMATIQUES
INT_01524,INDUCTEURS ENZYMATIQUES
INT_01525,INDUCTEURS ENZYMATIQUES
INT_01526,INDUCTEURS ENZYMATIQUES
INT_01527,INDUCTEURS ENZYMATIQUES
INT_01528,INDUCTEURS ENZYMATIQUES PUISSANTS
INT_01529,INDUCTEURS ENZYMATIQUES PUISSANTS
INT_01530,INDUCTEURS ENZYMATIQUES PUISSANTS
INT_01531,INDUCTEURS ENZYMATIQUES PUISSANTS
INT_01532,INDUCTEURS ENZYMATIQUES PUISSANTS
INT_01533,INDUCTEURS ENZYMATIQUES PUISSANTS
INT_01534,INDUCTEURS ENZYMATIQUES PUISSANTS
INT_01535,INDUCTEURS ENZYMATIQUES PUISSANTS
INT_01536,INDUCTEURS ENZYMATIQUES PUISSANTS
INT_01537,INDUCTEURS ENZYMATIQUES PUISSANTS
INT_01538,INDUCTEURS ENZYMATIQUES PUISSANTS
INT_01539,INDUCTEURS ENZYMATIQUES PUISSANTS
INT_01540,INDUCTEURS ENZYMATIQUES PUISSANTS
INT_01541,INDUCTEURS ENZYMATIQUES PUISSANTS
INT_01542,INDUCTEURS ENZYMATIQUES PUISSANTS
INT_01543,INDUCTEURS ENZYMATIQUES PUISSANTS
INT_01544,INDUCTEURS ENZYMATIQUES PUISSANTS
INT_01545,INDUCTEURS ENZYMATIQUES PUISSANTS
INT_01546,INDUCTEURS ENZYMATIQUES PUISSANTS
INT_01547,INDUCTEURS ENZYMATIQUES PUISSANTS
INT_01548,INDUCTEURS ENZYMATIQUES PUISSANTS
INT_01549,INDUCTEURS ENZYMATIQUES PUISSANTS
INT_01550,INDUCTEURS ENZYMATIQUES PUISSANTS
INT_01551,INDUCTEURS ENZYMATIQUES PUISSANTS
INT_01552,INDUCTEURS ENZYMATIQUES PUISSANTS
INT_01553,INDUCTEURS ENZYMATIQUES PUISSANTS
INT_01554,INDUCTEURS ENZYMATIQUES PUISSANTS
INT_01555,INDUCTEURS ENZYMATIQUES PUISSANTS
INT_01556,INDUCTEURS ENZYMATIQUES PUISSANTS
INT_01557,INDUCTEURS ENZYMATIQUES PUISSANTS
INT_01558,INDUCTEURS ENZYMATIQUES PUISSANTS
INT_01559,INDUCTEURS ENZYMATIQUES PUISSANTS
INT_01560,INDUCTEURS ENZYMATIQUES PUISSANTS
INT_01561,INDUCTEURS ENZYMATIQUES PUISSANTS
INT_01562,INDUCTEURS ENZYMATIQUES PUISSANTS
INT_01563,INDUCTEURS ENZYMATIQUES PUISSANTS
INT_01564,INDUCTEURS ENZYMATIQUES PUISSANTS
INT_01565,INDUCTEURS ENZYMATIQUES PUISSANTS
INT_01566,INDUCTEURS ENZYMATIQUES PUISSANTS
INT_01567,INDUCTEURS ENZYMATIQUES PUISSANTS
INT_01568,INDUCTEURS ENZYMATIQUES PUISSANTS
INT_01569,INDUCTEURS ENZYMATIQUES PUISSANTS
INT_01570,INDUCTEURS ENZYMATIQUES PUISSANTS
INT_01571,INDUCTEURS ENZYMATIQUES PUISSANTS
INT_01572,INDUCTEURS ENZYMATIQUES PUISSANTS
INT_01573,INDUCTEURS ENZYMATIQUES PUISSANTS
INT_01574,INDUCTEURS ENZYMATIQUES PUISSANTS
INT_01575,INDUCTEURS ENZYMATIQUES PUISSANTS
INT_01576,INDUCTEURS ENZYMATIQUES PUISSANTS
INT_01577,INDUCTEURS ENZYMATIQUES PUISSANTS
INT_01578,INDUCTEURS ENZYMATIQUES PUISSANTS
INT_01579,INDUCTEURS ENZYMATIQUES PUISSANTS
INT_01580,INDUCTEURS ENZYMATIQUES PUISSANTS
INT_01581,INDUCTEURS ENZYMATIQUES PUISSANTS
INT_01582,INDUCTEURS ENZYMATIQUES PUISSANTS
INT_01583,INDUCTEURS ENZYMATIQUES PUISSANTS
INT_01584,INHIBITEURS D'INTÉGRASE
INT_01585,INHIBITEURS D'INTÉGRASE
INT_01586,INHIBITEURS D'INTÉGRASE
INT_01587,INHIBITEURS D'INTÉGRASE
INT_01588,INHIBITEURS D'INTÉGRASE
INT_01589,INHIBITEURS DE L'ENZYME DE CONVERSION
INT_01590,INHIBITEURS DE L'ENZYME DE CONVERSION
INT_01591,INHIBITEURS DE L'ENZYME DE CONVERSION
INT_01592,INHIBITEURS DE L'ENZYME DE CONVERSION
INT_01593,INHIBITEURS DE L'ENZYME DE CONVERSION
INT_01594,INHIBITEURS DE L'ENZYME DE CONVERSION
INT_01595,INHIBITEURS DE L'ENZYME DE CONVERSION
INT_01596,INHIBITEURS DE L'ENZYME DE CONVERSION
INT_01597,INHIBITEURS DE L'ENZYME DE CONVERSION
INT_01598,INHIBITEURS DE L'ENZYME DE CONVERSION
INT_01599,INHIBITEURS DE L'ENZYME DE CONVERSION
INT_01600,INHIBITEURS DE L'ENZYME DE CONVERSION
INT_01601,INHIBITEURS DE L'ENZYME DE CONVERSION
INT_01602,INHIBITEURS DE L'ENZYME DE CONVERSION
INT_01603,INHIBITEURS DE L'ENZYME DE CONVERSION
INT_01604,INHIBITEURS DE L'ENZYME DE CONVERSION
INT_01605,INHIBITEURS DE L'ENZYME DE CONVERSION
INT_01606,INHIBITEURS DE L'HMG-COA RÉDUCTASE (STATINES)
INT_01607,INHIBITEURS DE L'HMG-COA RÉDUCTASE (STATINES)
INT_01608,INHIBITEURS DE L'HMG-COA RÉDUCTASE (STATINES)
INT_01609,INHIBITEURS DE L'HMG-COA RÉDUCTASE (STATINES)
INT_01610,INHIBITEURS DE L'HMG-COA RÉDUCTASE (STATINES)
INT_01611,INHIBITEURS DE L'HMG-COA RÉDUCTASE (STATINES)
INT_01612,INHIBITEURS DE L'HMG-COA RÉDUCTASE (STATINES)
INT_01613,INHIBITEURS DE L'HMG-COA RÉDUCTASE (STATINES)
INT_01614,INHIBITEURS DE L'HMG-COA RÉDUCTASE (STATINES)
INT_01615,INHIBITEURS DE L'HMG-COA RÉDUCTASE (STATINES)
INT_01616,INHIBITEURS DE L'HMG-COA RÉDUCTASE (STATINES)
INT_01617,INHIBITEURS DE L'HMG-COA RÉDUCTASE (STATINES)
INT_01618,INHIBITEURS DE L'HMG-COA RÉDUCTASE (STATINES)
INT_01619,INHIBITEURS DE LA 5-ALPHA REDUCTASE
INT_01620,INHIBITEURS DE LA 5-ALPHA REDUCTASE
INT_01621,INHIBITEURS DE LA 5-ALPHA REDUCTASE
INT_01622,INHIBITEURS DE LA 5-ALPHA REDUCTASE
INT_01623,INHIBITEURS DE LA PHOSPHODIESTERASE DE TYPE 5
INT_01624,INHIBITEURS DE LA PHOSPHODIESTERASE DE TYPE 5
INT_01625,INHIBITEURS DE LA PHOSPHODIESTERASE DE TYPE 5
INT_01626,INHIBITEURS DE LA PHOSPHODIESTERASE DE TYPE 5
INT_01627,INHIBITEURS DE LA PHOSPHODIESTERASE DE TYPE 5
INT_01628,INHIBITEURS DE LA XANTHINE OXYDASE
INT_01629,INHIBITEURS DE LA XANTHINE OXYDASE
INT_01630,INHIBITEURS DE PROTÉASES BOOSTÉS PAR RITONAVIR
INT_01631,INHIBITEURS DE PROTÉASES BOOSTÉS PAR RITONAVIR
INT_01632,INHIBITEURS DE PROTÉASES BOOSTÉS PAR RITONAVIR
INT_01633,INHIBITEURS DE PROTÉASES BOOSTÉS PAR RITONAVIR
INT_01634,INHIBITEURS DE PROTÉASES BOOSTÉS PAR RITONAVIR
INT_01635,INHIBITEURS DE PROTÉASES BOOSTÉS PAR RITONAVIR
INT_01636,INHIBITEURS DE PROTÉASES BOOSTÉS PAR RITONAVIR
INT_01637,INHIBITEURS DE PROTÉASES BOOSTÉS PAR RITONAVIR
INT_01638,INHIBITEURS DE PROTÉASES BOOSTÉS PAR RITONAVIR
INT_01639,INHIBITEURS DE PROTÉASES BOOSTÉS PAR RITONAVIR
INT_01640,INHIBITEURS DE PROTÉASES BOOSTÉS PAR RITONAVIR
INT_01641,INHIBITEURS DE PROTÉASES BOOSTÉS PAR RITONAVIR
INT_01642,INHIBITEURS DE PROTÉASES BOOSTÉS PAR RITONAVIR
INT_01643,INHIBITEURS DE PROTÉASES BOOSTÉS PAR RITONAVIR
INT_01644,INHIBITEURS DE PROTÉASES BOOSTÉS PAR RITONAVIR
INT_01645,INHIBITEURS DE PROTÉASES BOOSTÉS PAR RITONAVIR
INT_01646,INHIBITEURS DE PROTÉASES BOOSTÉS PAR RITONAVIR
INT_01647,INHIBITEURS DE PROTÉASES BOOSTÉS PAR RITONAVIR
INT_01648,INHIBITEURS DE PROTÉASES BOOSTÉS PAR RITONAVIR
INT_01649,INHIBITEURS DE PROTÉASES BOOSTÉS PAR RITONAVIR
INT_01650,INHIBITEURS DE PROTÉASES BOOSTÉS PAR RITONAVIR
INT_01651,INHIBITEURS DE PROTÉASES BOOSTÉS PAR RITONAVIR
INT_01652,INHIBITEURS DE PROTÉASES BOOSTÉS PAR RITONAVIR
INT_01653,INHIBITEURS DE PROTÉASES BOOSTÉS PAR RITONAVIR
INT_01654,INHIBITEURS DE PROTÉASES BOOSTÉS PAR RITONAVIR
INT_01655,INHIBITEURS DE PROTÉASES BOOSTÉS PAR RITONAVIR
INT_01656,INHIBITEURS DE PROTÉASES BOOSTÉS PAR RITONAVIR
INT_01657,INHIBITEURS DE PROTÉASES BOOSTÉS PAR RITONAVIR
INT_01658,INHIBITEURS DE PROTÉASES BOOSTÉS PAR RITONAVIR
INT_01659,INHIBITEURS DE PROTÉASES BOOSTÉS PAR RITONAVIR
INT_01660,INHIBITEURS DE TYROSINE KINASES MÉTABOLISÉS
INT_01661,INHIBITEURS DE TYROSINE KINASES MÉTABOLISÉS
INT_01662,INHIBITEURS DE TYROSINE KINASES MÉTABOLISÉS
INT_01663,INHIBITEURS DE TYROSINE KINASES MÉTABOLISÉS
INT_01664,INHIBITEURS DE TYROSINE KINASES MÉTABOLISÉS
INT_01665,INHIBITEURS DE TYROSINE KINASES MÉTABOLISÉS
INT_01666,INHIBITEURS PUISSANTS DU CYP3A4
INT_01667,INHIBITEURS PUISSANTS DU CYP3A4
INT_01668,INHIBITEURS PUISSANTS DU CYP3A4
INT_01669,INHIBITEURS PUISSANTS DU CYP3A4
INT_01670,INHIBITEURS PUISSANTS DU CYP3A4
INT_01671,INHIBITEURS PUISSANTS DU CYP3A4
INT_01672,INHIBITEURS PUISSANTS DU CYP3A4
INT_01673,INHIBITEURS PUISSANTS DU CYP3A4
INT_01674,INHIBITEURS PUISSANTS DU CYP3A4
INT_01675,INHIBITEURS PUISSANTS DU CYP3A4
INT_01676,INHIBITEURS PUISSANTS DU CYP3A4
INT_01677,INHIBITEURS PUISSANTS DU CYP3A4
INT_01678,INHIBITEURS PUISSANTS DU CYP3A4
INT_01679,INHIBITEURS PUISSANTS DU CYP3A4
INT_01680,INHIBITEURS PUISSANTS DU CYP3A4
INT_01681,INHIBITEURS PUISSANTS DU CYP3A4
INT_01682,INHIBITEURS PUISSANTS DU CYP3A4
INT_01683,INHIBITEURS PUISSANTS DU CYP3A4
INT_01684,INHIBITEURS PUISSANTS DU CYP3A4
INT_01685,INHIBITEURS PUISSANTS DU CYP3A4
INT_01686,INHIBITEURS PUISSANTS DU CYP3A4
INT_01687,INHIBITEURS PUISSANTS DU CYP3A4
INT_01688,INHIBITEURS PUISSANTS DU CYP3A4
INT_01689,INHIBITEURS PUISSANTS DU CYP3A4
INT_01690,INHIBITEURS PUISSANTS DU CYP3A4
INT_01691,INHIBITEURS PUISSANTS DU CYP3A4
INT_01692,INHIBITEURS PUISSANTS DU CYP3A4
INT_01693,INHIBITEURS PUISSANTS DU CYP3A4
INT_01694,INHIBITEURS PUISSANTS DU CYP3A4
INT_01695,INHIBITEURS PUISSANTS DU CYP3A4
INT_01696,INHIBITEURS PUISSANTS DU CYP3A4
INT_01697,INHIBITEURS PUISSANTS DU CYP3A4
INT_01698,INHIBITEURS PUISSANTS DU CYP3A4
INT_01699,INHIBITEURS PUISSANTS DU CYP3A4
INT_01700,INHIBITEURS PUISSANTS DU CYP3A4
INT_01701,INHIBITEURS PUISSANTS DU CYP3A4
INT_01702,INHIBITEURS PUISSANTS DU CYP3A4
INT_01703,INHIBITEURS PUISSANTS DU CYP3A4
INT_01704,INHIBITEURS PUISSANTS DU CYP3A4
INT_01705,INHIBITEURS PUISSANTS DU CYP3A4
INT_01706,INHIBITEURS PUISSANTS DU CYP3A4
INT_01707,INHIBITEURS PUISSANTS DU CYP3A4
INT_01708,INHIBITEURS PUISSANTS DU CYP3A4
INT_01709,INHIBITEURS PUISSANTS DU CYP3A4
INT_01710,INHIBITEURS PUISSANTS DU CYP3A4
INT_01711,INHIBITEURS PUISSANTS DU CYP3A4
INT_01712,INHIBITEURS PUISSANTS DU CYP3A4
INT_01713,INHIBITEURS PUISSANTS DU CYP3A4
INT_01714,INHIBITEURS PUISSANTS DU CYP3A4
INT_01715,INHIBITEURS PUISSANTS DU CYP3A4
INT_01716,INHIBITEURS PUISSANTS DU CYP3A4
INT_01717,INHIBITEURS PUISSANTS DU CYP3A4
INT_01718,INHIBITEURS PUISSANTS DU CYP3A4
INT_01719,INHIBITEURS PUISSANTS DU CYP3A4
INT_01720,INHIBITEURS PUISSANTS DU CYP3A4
INT_01721,INHIBITEURS PUISSANTS DU CYP3A4
INT_01722,INHIBITEURS PUISSANTS DU CYP3A4
INT_01723,INHIBITEURS PUISSANTS DU CYP3A4
INT_01724,INHIBITEURS PUISSANTS DU CYP3A4
INT_01725,INHIBITEURS PUISSANTS DU CYP3A4
INT_01726,INHIBITEURS PUISSANTS DU CYP3A4
INT_01727,INHIBITEURS PUISSANTS DU CYP3A4
INT_01728,INHIBITEURS PUISSANTS DU CYP3A4
INT_01729,INHIBITEURS PUISSANTS DU CYP3A4
INT_01730,INHIBITEURS PUISSANTS DU CYP3A4
INT_01731,INHIBITEURS PUISSANTS DU CYP3A4
INT_01732,INHIBITEURS PUISSANTS DU CYP3A4
INT_01733,INHIBITEURS PUISSANTS DU CYP3A4
INT_01734,INHIBITEURS PUISSANTS DU CYP3A4
INT_01735,INHIBITEURS SÉLECTIFS DE LA RECAPTURE DE LA SÉROTONINE
INT_01736,INHIBITEURS SÉLECTIFS DE LA RECAPTURE DE LA SÉROTONINE
INT_01737,INHIBITEURS SÉLECTIFS DE LA RECAPTURE DE LA SÉROTONINE
INT_01738,INHIBITEURS SÉLECTIFS DE LA RECAPTURE DE LA SÉROTONINE
INT_01739,INHIBITEURS SÉLECTIFS DE LA RECAPTURE DE LA SÉROTONINE
INT_01740,INHIBITEURS SÉLECTIFS DE LA RECAPTURE DE LA SÉROTONINE
INT_01741,INHIBITEURS SÉLECTIFS DE LA RECAPTURE DE LA SÉROTONINE
INT_01742,INHIBITEURS SÉLECTIFS DE LA RECAPTURE DE LA SÉROTONINE
INT_01743,INHIBITEURS SÉLECTIFS DE LA RECAPTURE DE LA SÉROTONINE
INT_01744,INHIBITEURS SÉLECTIFS DE LA RECAPTURE DE LA SÉROTONINE
INT_01745,INHIBITEURS SÉLECTIFS DE LA RECAPTURE DE LA SÉROTONINE
INT_01746,INHIBITEURS SÉLECTIFS DE LA RECAPTURE DE LA SÉROTONINE
INT_01747,INHIBITEURS SÉLECTIFS DE LA RECAPTURE DE LA SÉROTONINE
INT_01748,INHIBITEURS SÉLECTIFS DE LA RECAPTURE DE LA SÉROTONINE
INT_01749,INSULINE
INT_01750,INSULINE
INT_01751,INSULINE
INT_01752,INSULINE
INT_01753,INSULINE
INT_01754,INSULINE
INT_01755,INSULINE
INT_01756,INSULINE
INT_01757,INTERFERON ALFA
INT_01758,IPILIMUMAB
INT_01759,IRINOTECAN
INT_01760,IRINOTECAN
INT_01761,IRINOTECAN
INT_01762,ISAVUCONAZOLE
INT_01763,ISAVUCONAZOLE
INT_01764,ISAVUCONAZOLE
INT_01765,ISONIAZIDE
INT_01766,ISONIAZIDE
INT_01767,ISONIAZIDE
INT_01768,ISONIAZIDE
INT_01769,ISONIAZIDE
INT_01770,ISONIAZIDE
INT_01771,ISONIAZIDE
INT_01772,ISONIAZIDE
INT_01773,ISONIAZIDE
INT_01774,ISOPRENALINE
INT_01775,ITRACONAZOLE
INT_01776,ITRACONAZOLE
INT_01777,ITRACONAZOLE
INT_01778,ITRACONAZOLE
INT_01779,ITRACONAZOLE
INT_01780,ITRACONAZOLE
INT_01781,ITRACONAZOLE
INT_01782,ITRACONAZOLE
INT_01783,ITRACONAZOLE
INT_01784,ITRACONAZOLE
INT_01785,ITRACONAZOLE
INT_01786,ITRACONAZOLE
INT_01787,ITRACONAZOLE
INT_01788,ITRACONAZOLE
INT_01789,ITRACONAZOLE
INT_01790,ITRACONAZOLE
INT_01791,ITRACONAZOLE
INT_01792,ITRACONAZOLE
INT_01793,ITRACONAZOLE
INT_01794,ITRACONAZOLE
INT_01795,ITRACONAZOLE
INT_01796,ITRACONAZOLE
INT_01797,ITRACONAZOLE
INT_01798,ITRACONAZOLE
INT_01799,IVABRADINE
INT_01800,IVABRADINE
INT_01801,IVABRADINE
INT_01802,IVABRADINE
INT_01803,IVABRADINE
INT_01804,IVABRADINE
INT_01805,IVABRADINE
INT_01806,IVABRADINE
INT_01807,IVABRADINE
INT_01808,IVACAFTOR (SEUL OU ASSOCIÉ)
INT_01809,IVACAFTOR (SEUL OU ASSOCIÉ)
INT_01810,IVACAFTOR (SEUL OU ASSOCIÉ)
INT_01811,IVACAFTOR (SEUL OU ASSOCIÉ)
INT_01812,JOSAMYCINE
INT_01813,JOSAMYCINE
INT_01814,JOSAMYCINE
INT_01815,JOSAMYCINE
INT_01816,JOSAMYCINE
INT_01817,JOSAMYCINE
INT_01818,JOSAMYCINE
INT_01819,JOSAMYCINE
INT_01820,JOSAMYCINE
INT_01821,KETAMINE
INT_01822,KETOCONAZOLE
INT_01823,KETOCONAZOLE
INT_01824,KETOCONAZOLE
INT_01825,KETOCONAZOLE
INT_01826,KETOCONAZOLE
INT_01827,KETOCONAZOLE
INT_01828,KETOCONAZOLE
INT_01829,KETOCONAZOLE
INT_01830,KETOCONAZOLE
INT_01831,KETOCONAZOLE
INT_01832,KETOCONAZOLE
INT_01833,KETOCONAZOLE
INT_01834,KETOCONAZOLE
INT_01835,KETOCONAZOLE
INT_01836,KETOCONAZOLE
INT_01837,KETOCONAZOLE
INT_01838,KETOCONAZOLE
INT_01839,LAMIVUDINE
INT_01840,LAMIVUDINE
INT_01841,LAMOTRIGINE
INT_01842,LAMOTRIGINE
INT_01843,LAMOTRIGINE
INT_01844,LAMOTRIGINE
INT_01845,LAMOTRIGINE
INT_01846,LANSOPRAZOLE
INT_01847,LAPATINIB
INT_01848,LAXATIFS (TYPE MACROGOL)
INT_01849,LENALIDOMIDE
INT_01850,LERCANIDIPINE
INT_01851,LERCANIDIPINE
INT_01852,LERCANIDIPINE
INT_01853,LEVOCARNITINE
INT_01854,LEVODOPA
INT_01855,LEVODOPA
INT_01856,LEVODOPA
INT_01857,LEVODOPA
INT_01858,LEVODOPA
INT_01859,LEVODOPA
INT_01860,LEVODOPA
INT_01861,LEVODOPA
INT_01862,LEVODOPA
INT_01863,LEVOFLOXACINE
INT_01864,LEVONORGESTREL
INT_01865,LIDOCAINE
INT_01866,LIDOCAINE
INT_01867,LIDOCAINE
INT_01868,LIDOCAINE
INT_01869,LIDOCAINE
INT_01870,LINCOSANIDES
INT_01871,LINEZOLIDE
INT_01872,LINEZOLIDE
INT_01873,LITHIUM
INT_01874,LITHIUM
INT_01875,LITHIUM
INT_01876,LITHIUM
INT_01877,LITHIUM
INT_01878,LITHIUM
INT_01879,LITHIUM
INT_01880,LITHIUM
INT_01881,LITHIUM
INT_01882,LITHIUM
INT_01883,LITHIUM
INT_01884,LITHIUM
INT_01885,LITHIUM
INT_01886,LITHIUM
INT_01887,LITHIUM
INT_01888,LITHIUM
INT_01889,LITHIUM
INT_01890,LITHIUM
INT_01891,LITHIUM
INT_01892,LITHIUM
INT_01893,LITHIUM
INT_01894,LOMITAPIDE
INT_01895,LOMITAPIDE
INT_01896,LOMITAPIDE
INT_01897,LOMUSTINE
INT_01898,LOSARTAN
INT_01899,LUMEFANTRINE
INT_01900,LURASIDONE
INT_01901,LURASIDONE
INT_01902,LURASIDONE
INT_01903,LURASIDONE
INT_01904,LÉDIPASVIR
INT_01905,LÉDIPASVIR
INT_01906,LÉDIPASVIR
INT_01907,LÉDIPASVIR
INT_01908,LÉDIPASVIR
INT_01909,LÉDIPASVIR
INT_01910,LÉDIPASVIR
INT_01911,LÉNACAPAVIR
INT_01912,LÉNACAPAVIR
INT_01913,LÉNACAPAVIR
INT_01914,LÉNACAPAVIR
INT_01915,LÉNACAPAVIR
INT_01916,LÉNACAPAVIR
INT_01917,LÉTERMOVIR
INT_01918,LÉTERMOVIR
INT_01919,LÉTERMOVIR
INT_01920,LÉTERMOVIR
INT_01921,LÉTERMOVIR
INT_01922,MACITENTAN
INT_01923,MACITENTAN
INT_01924,MACROLIDES (SAUF SPIRAMYCINE)
INT_01925,MACROLIDES (SAUF SPIRAMYCINE)
INT_01926,MACROLIDES (SAUF SPIRAMYCINE)
INT_01927,MACROLIDES (SAUF SPIRAMYCINE)
INT_01928,MACROLIDES (SAUF SPIRAMYCINE)
INT_01929,MACROLIDES (SAUF SPIRAMYCINE)
INT_01930,MAGNÉSIUM
INT_01931,MAGNÉSIUM
INT_01932,MANNITOL
INT_01933,MARAVIROC
INT_01934,MARAVIROC
INT_01935,MARAVIROC
INT_01936,MARAVIROC
INT_01937,MARIBAVIR
INT_01938,MARIBAVIR
INT_01939,MARIBAVIR
INT_01940,MARIBAVIR
INT_01941,MEFLOQUINE
INT_01942,MEQUITAZINE
INT_01943,MEQUITAZINE
INT_01944,MEQUITAZINE
INT_01945,MEQUITAZINE
INT_01946,MEQUITAZINE
INT_01947,MEQUITAZINE
INT_01948,METFORMINE
INT_01949,METFORMINE
INT_01950,METFORMINE
INT_01951,METFORMINE
INT_01952,METHADONE
INT_01953,METHADONE
INT_01954,METHADONE
INT_01955,METHADONE
INT_01956,METHADONE
INT_01957,METHADONE
INT_01958,METHADONE
INT_01959,METHADONE
INT_01960,METHADONE
INT_01961,METHADONE
INT_01962,METHADONE
INT_01963,METHADONE
INT_01964,METHENAMINE
INT_01965,METHOTREXATE
INT_01966,METHOTREXATE
INT_01967,METHOTREXATE
INT_01968,METHOTREXATE
INT_01969,METHOTREXATE
INT_01970,METHOTREXATE
INT_01971,METHOTREXATE
INT_01972,METHOTREXATE
INT_01973,METHOTREXATE
INT_01974,METHOTREXATE
INT_01975,METHOTREXATE
INT_01976,METHOTREXATE
INT_01977,METHYLDOPA
INT_01978,METHYLDOPA
INT_01979,METHYLDOPA
INT_01980,METHYLPREDNISOLONE
INT_01981,METHYLPREDNISOLONE
INT_01982,METOPROLOL
INT_01983,METOPROLOL
INT_01984,METOPROLOL
INT_01985,METOPROLOL
INT_01986,METOPROLOL
INT_01987,METOPROLOL
INT_01988,METOPROLOL
INT_01989,METOPROLOL
INT_01990,METOPROLOL
INT_01991,METOPROLOL
INT_01992,METOPROLOL
INT_01993,METOPROLOL
INT_01994,METOPROLOL
INT_01995,METRONIDAZOLE
INT_01996,METRONIDAZOLE
INT_01997,METRONIDAZOLE
INT_01998,METRONIDAZOLE
INT_01999,METRONIDAZOLE
INT_02000,METRONIDAZOLE
INT_02001,METYRAPONE
INT_02002,MEXILETINE
INT_02003,MEXILETINE
INT_02004,MEXILETINE
INT_02005,MEXILETINE
INT_02006,MEXILETINE
INT_02007,MIANSERINE
INT_02008,MICONAZOLE
INT_02009,MICONAZOLE
INT_02010,MICONAZOLE
INT_02011,MIDAZOLAM
INT_02012,MIDAZOLAM
INT_02013,MIDAZOLAM
INT_02014,MIDAZOLAM
INT_02015,MIDAZOLAM
INT_02016,MIDAZOLAM
INT_02017,MIDAZOLAM
INT_02018,MIDAZOLAM
INT_02019,MIDAZOLAM
INT_02020,MIDAZOLAM
INT_02021,MIDECAMYCINE
INT_02022,MIDODRINE
INT_02023,MIDODRINE
INT_02024,MIDOSTAURINE
INT_02025,MIDOSTAURINE
INT_02026,MIDOSTAURINE
INT_02027,MIFAMURTIDE
INT_02028,MIFAMURTIDE
INT_02029,MIFAMURTIDE
INT_02030,MIFAMURTIDE
INT_02031,MILLEPERTUIS
INT_02032,MILLEPERTUIS
INT_02033,MILLEPERTUIS
INT_02034,MILLEPERTUIS
INT_02035,MILLEPERTUIS
INT_02036,MILLEPERTUIS
INT_02037,MILLEPERTUIS
INT_02038,MILLEPERTUIS
INT_02039,MILLEPERTUIS
INT_02040,MILLEPERTUIS
INT_02041,MILLEPERTUIS
INT_02042,MILLEPERTUIS
INT_02043,MILLEPERTUIS
INT_02044,MILLEPERTUIS
INT_02045,MILLEPERTUIS
INT_02046,MILLEPERTUIS
INT_02047,MILLEPERTUIS
INT_02048,MILLEPERTUIS
INT_02049,MILLEPERTUIS
INT_02050,MILLEPERTUIS
INT_02051,MILLEPERTUIS
INT_02052,MILLEPERTUIS
INT_02053,MILLEPERTUIS
INT_02054,MILLEPERTUIS
INT_02055,MILLEPERTUIS
INT_02056,MILLEPERTUIS
INT_02057,MILLEPERTUIS
INT_02058,MILLEPERTUIS
INT_02059,MILLEPERTUIS
INT_02060,MILLEPERTUIS
INT_02061,MILLEPERTUIS
INT_02062,MILLEPERTUIS
INT_02063,MILLEPERTUIS
INT_02064,MILLEPERTUIS
INT_02065,MILLEPERTUIS
INT_02066,MILLEPERTUIS
INT_02067,MILLEPERTUIS
INT_02068,MILLEPERTUIS
INT_02069,MILLEPERTUIS
INT_02070,MILLEPERTUIS
INT_02071,MILLEPERTUIS
INT_02072,MILLEPERTUIS
INT_02073,MILLEPERTUIS
INT_02074,MILLEPERTUIS
INT_02075,MILLEPERTUIS
INT_02076,MILLEPERTUIS
INT_02077,MILLEPERTUIS
INT_02078,MILLEPERTUIS
INT_02079,MILLEPERTUIS
INT_02080,MILLEPERTUIS
INT_02081,MILLEPERTUIS
INT_02082,MILLEPERTUIS
INT_02083,MILLEPERTUIS
INT_02084,MILLEPERTUIS
INT_02085,MILLEPERTUIS
INT_02086,MILLEPERTUIS
INT_02087,MILLEPERTUIS
INT_02088,MILLEPERTUIS
INT_02089,MILLEPERTUIS
INT_02090,MILLEPERTUIS
INT_02091,MILLEPERTUIS
INT_02092,MILLEPERTUIS
INT_02093,MILLEPERTUIS
INT_02094,MILLEPERTUIS
INT_02095,MILLEPERTUIS
INT_02096,MILLEPERTUIS
INT_02097,MILLEPERTUIS
INT_02098,MILLEPERTUIS
INT_02099,MILLEPERTUIS
INT_02100,MILLEPERTUIS
INT_02101,MINÉRALOCORTICOÏDES
INT_02102,MINÉRALOCORTICOÏDES
INT_02103,MIRABÉGRON
INT_02104,MIRABÉGRON
INT_02105,MITOMYCINE C
INT_02106,MITOTANE
INT_02107,MITOTANE
INT_02108,MITOTANE
INT_02109,MOCLOBEMIDE
INT_02110,MODAFINIL
INT_02111,MODAFINIL
INT_02112,MONTELUKAST
INT_02113,MONTELUKAST
INT_02114,MORPHINE
INT_02115,MORPHINIQUES
INT_02116,MORPHINIQUES
INT_02117,MORPHINIQUES
INT_02118,MORPHINIQUES
INT_02119,MORPHINIQUES AGONISTES-ANTAGONISTES
INT_02120,MORPHINIQUES AGONISTES-ANTAGONISTES
INT_02121,MORPHINIQUES AGONISTES-ANTAGONISTES
INT_02122,MORPHINIQUES AGONISTES-ANTAGONISTES
INT_02123,MORPHINIQUES AGONISTES-ANTAGONISTES
INT_02124,MORPHINIQUES ANTAGONISTES PARTIELS
INT_02125,MORPHINIQUES ANTAGONISTES PARTIELS
INT_02126,MORPHINIQUES ANTAGONISTES PARTIELS
INT_02127,MORPHINIQUES ANTAGONISTES PARTIELS
INT_02128,MORPHINIQUES EN TRAITEMENT DE SUBSTITUTION
INT_02129,MYCOPHENOLATE MOFETIL
INT_02130,MYCOPHENOLATE MOFETIL
INT_02131,MYCOPHENOLATE MOFETIL
INT_02132,MYCOPHENOLATE MOFETIL
INT_02133,MYCOPHENOLATE SODIQUE
INT_02134,MÉDICAMENTS ABAISSANT LA PRESSION ARTÉRIELLE
INT_02135,MÉDICAMENTS ABAISSANT LE SEUIL ÉPILEPTOGÈNE
INT_02136,MÉDICAMENTS ATROPINIQUES
INT_02137,MÉDICAMENTS ATROPINIQUES
INT_02138,MÉDICAMENTS ATROPINIQUES
INT_02139,MÉDICAMENTS MIXTES ADRÉNERGIQUES-SÉROTONINERGIQUES
INT_02140,MÉDICAMENTS MIXTES ADRÉNERGIQUES-SÉROTONINERGIQUES
INT_02141,MÉDICAMENTS MIXTES ADRÉNERGIQUES-SÉROTONINERGIQUES
INT_02142,MÉDICAMENTS MIXTES ADRÉNERGIQUES-SÉROTONINERGIQUES
INT_02143,MÉDICAMENTS MIXTES ADRÉNERGIQUES-SÉROTONINERGIQUES
INT_02144,MÉDICAMENTS MIXTES ADRÉNERGIQUES-SÉROTONINERGIQUES
INT_02145,MÉDICAMENTS MIXTES ADRÉNERGIQUES-SÉROTONINERGIQUES
INT_02146,MÉDICAMENTS MIXTES ADRÉNERGIQUES-SÉROTONINERGIQUES
INT_02147,MÉDICAMENTS MIXTES ADRÉNERGIQUES-SÉROTONINERGIQUES
INT_02148,MÉDICAMENTS MÉTHÉMOGLOBINISANTS
INT_02149,MÉDICAMENTS NÉPHROTOXIQUES
INT_02150,MÉDICAMENTS OTOTOXIQUES
INT_02151,MÉDICAMENTS SÉDATIFS
INT_02152,MÉDICAMENTS SÉDATIFS
INT_02153,MÉDICAMENTS À L'ORIGINE D'ATTEINTES MUSCULAIRES
INT_02154,MÉDICAMENTS À L'ORIGINE D'UN HYPOGONADISME MASCULIN
INT_02155,MÉDICAMENTS À L'ORIGINE D'UN SYNDROME SÉROTONINERGIQUE
INT_02156,MÉDICAMENTS À L'ORIGINE D'UNE HYPOTENSION ORTHOSTATIQUE
INT_02157,MÉDICAMENTS À L'ORIGINE D'UNE HYPOTENSION ORTHOSTATIQUE
INT_02158,MÉDICAMENTS À RISQUE LORS DU SEVRAGE TABAGIQUE
INT_02159,"MÉDICAMENTS, BRADYKININE ET ANGIO-ŒDÈME"
INT_02160,MÉTHYLERGOMÉTRINE
INT_02161,NALOXEGOL
INT_02162,NALOXEGOL
INT_02163,NALOXEGOL
INT_02164,NALOXEGOL
INT_02165,NALOXEGOL
INT_02166,NEBIVOLOL
INT_02167,NEBIVOLOL
INT_02168,NEUROLEPTIQUES
INT_02169,NEUROLEPTIQUES
INT_02170,NEUROLEPTIQUES
INT_02171,NEUROLEPTIQUES ANTIPSYCHOTIQUES (SAUF CLOZAPINE)
INT_02172,NEUROLEPTIQUES ANTIPSYCHOTIQUES (SAUF CLOZAPINE)
INT_02173,NEUROLEPTIQUES ANTIPSYCHOTIQUES (SAUF CLOZAPINE)
INT_02174,NEUROLEPTIQUES ANTIPSYCHOTIQUES (SAUF CLOZAPINE)
INT_02175,NEUROLEPTIQUES ANTIPSYCHOTIQUES (SAUF CLOZAPINE)
INT_02176,NEUROLEPTIQUES ANTIÉMÉTIQUES
INT_02177,NEUROLEPTIQUES ANTIÉMÉTIQUES
INT_02178,NEVIRAPINE
INT_02179,NEVIRAPINE
INT_02180,NEVIRAPINE
INT_02181,NEVIRAPINE
INT_02182,NEVIRAPINE
INT_02183,NEVIRAPINE
INT_02184,NEVIRAPINE
INT_02185,NEVIRAPINE
INT_02186,NICARDIPINE
INT_02187,NICORANDIL
INT_02188,NICORANDIL
INT_02189,NIFEDIPINE
INT_02190,NIFEDIPINE
INT_02191,NIFEDIPINE
INT_02192,NIMODIPINE
INT_02193,NIMODIPINE
INT_02194,NIMODIPINE
INT_02195,NINTÉDANIB
INT_02196,NINTÉDANIB
INT_02197,NINTÉDANIB
INT_02198,NINTÉDANIB
INT_02199,NINTÉDANIB
INT_02200,NINTÉDANIB
INT_02201,NINTÉDANIB
INT_02202,NINTÉDANIB
INT_02203,NINTÉDANIB
INT_02204,NINTÉDANIB
INT_02205,NINTÉDANIB
INT_02206,NORFLOXACINE
INT_02207,NORFLOXACINE
INT_02208,NORFLOXACINE
INT_02209,NORFLOXACINE
INT_02210,NORTRIPTYLINE
INT_02211,NOSCAPINE
INT_02212,NÉTUPITANT
INT_02213,OLANZAPINE
INT_02214,OLANZAPINE
INT_02215,OLAPARIB
INT_02216,OLAPARIB
INT_02217,OLAPARIB
INT_02218,OLAPARIB
INT_02219,OLAPARIB
INT_02220,OLAPARIB
INT_02221,OLAPARIB
INT_02222,OLAPARIB
INT_02223,OLAPARIB
INT_02224,OLAPARIB
INT_02225,OMBITASVIR + PARITAPRÉVIR
INT_02226,OMBITASVIR + PARITAPRÉVIR
INT_02227,OMBITASVIR + PARITAPRÉVIR
INT_02228,OMBITASVIR + PARITAPRÉVIR
INT_02229,OMBITASVIR + PARITAPRÉVIR
INT_02230,OMBITASVIR + PARITAPRÉVIR
INT_02231,OMBITASVIR + PARITAPRÉVIR
INT_02232,OMBITASVIR + PARITAPRÉVIR
INT_02233,OMBITASVIR + PARITAPRÉVIR
INT_02234,OMBITASVIR + PARITAPRÉVIR
INT_02235,OMBITASVIR + PARITAPRÉVIR
INT_02236,OMBITASVIR + PARITAPRÉVIR
INT_02237,OMBITASVIR + PARITAPRÉVIR
INT_02238,OMBITASVIR + PARITAPRÉVIR
INT_02239,OMBITASVIR + PARITAPRÉVIR
INT_02240,OMBITASVIR + PARITAPRÉVIR
INT_02241,OMBITASVIR + PARITAPRÉVIR
INT_02242,OMBITASVIR + PARITAPRÉVIR
INT_02243,OMBITASVIR + PARITAPRÉVIR
INT_02244,OMBITASVIR + PARITAPRÉVIR
INT_02245,OMBITASVIR + PARITAPRÉVIR
INT_02246,OMEPRAZOLE
INT_02247,OMEPRAZOLE
INT_02248,OMEPRAZOLE
INT_02249,OMEPRAZOLE
INT_02250,OMEPRAZOLE
INT_02251,ONDANSETRON
INT_02252,ONDANSETRON
INT_02253,OR
INT_02254,ORGANOPLATINES
INT_02255,ORGANOPLATINES
INT_02256,ORLISTAT
INT_02257,ORLISTAT
INT_02258,ORLISTAT
INT_02259,ORLISTAT
INT_02260,ORLISTAT
INT_02261,ORLISTAT
INT_02262,ORLISTAT
INT_02263,ORLISTAT
INT_02264,ORLISTAT
INT_02265,ORLISTAT
INT_02266,ORNIDAZOLE
INT_02267,OXCARBAZEPINE
INT_02268,OXCARBAZEPINE
INT_02269,OXCARBAZEPINE
INT_02270,OXCARBAZEPINE
INT_02271,OXCARBAZEPINE
INT_02272,OXCARBAZEPINE
INT_02273,OXPRENOLOL
INT_02274,OXYBATE DE SODIUM
INT_02275,OXYBATE DE SODIUM
INT_02276,OXYCODONE
INT_02277,OXYCODONE
INT_02278,OXYCODONE
INT_02279,OXYCODONE
INT_02280,OZANIMOD
INT_02281,OZANIMOD
INT_02282,OZANIMOD
INT_02283,OZANIMOD
INT_02284,OZANIMOD
INT_02285,OZANIMOD
INT_02286,OZANIMOD
INT_02287,P A S SODIQUE
INT_02288,P A S SODIQUE
INT_02289,PACLITAXEL
INT_02290,PACLITAXEL
INT_02291,PACLITAXEL
INT_02292,PACLITAXEL
INT_02293,PACLITAXEL
INT_02294,PACLITAXEL
INT_02295,PACLITAXEL
INT_02296,PAMPLEMOUSSE (JUS ET FRUIT)
INT_02297,PAMPLEMOUSSE (JUS ET FRUIT)
INT_02298,PAMPLEMOUSSE (JUS ET FRUIT)
INT_02299,PAMPLEMOUSSE (JUS ET FRUIT)
INT_02300,PAMPLEMOUSSE (JUS ET FRUIT)
INT_02301,PAMPLEMOUSSE (JUS ET FRUIT)
INT_02302,PAMPLEMOUSSE (JUS ET FRUIT)
INT_02303,PAMPLEMOUSSE (JUS ET FRUIT)
INT_02304,PAMPLEMOUSSE (JUS ET FRUIT)
INT_02305,PAMPLEMOUSSE (JUS ET FRUIT)
INT_02306,PAMPLEMOUSSE (JUS ET FRUIT)
INT_02307,PAMPLEMOUSSE (JUS ET FRUIT)
INT_02308,PAMPLEMOUSSE (JUS ET FRUIT)
INT_02309,PAMPLEMOUSSE (JUS ET FRUIT)
INT_02310,PAMPLEMOUSSE (JUS ET FRUIT)
INT_02311,PAMPLEMOUSSE (JUS ET FRUIT)
INT_02312,PAMPLEMOUSSE (JUS ET FRUIT)
INT_02313,PAMPLEMOUSSE (JUS ET FRUIT)
INT_02314,PAMPLEMOUSSE (JUS ET FRUIT)
INT_02315,PAMPLEMOUSSE (JUS ET FRUIT)
INT_02316,PAMPLEMOUSSE (JUS ET FRUIT)
INT_02317,PANOBINOSTAT
INT_02318,PARACETAMOL
INT_02319,PARACETAMOL
INT_02320,PAROXETINE
INT_02321,PAROXETINE
INT_02322,PAROXETINE
INT_02323,PAROXETINE
INT_02324,PAROXETINE
INT_02325,PAROXETINE
INT_02326,PAROXETINE
INT_02327,PAROXETINE
INT_02328,PAROXETINE
INT_02329,PAROXETINE
INT_02330,PEFLOXACINE
INT_02331,PEG-INTERFERON ALFA-2A
INT_02332,PEMETREXED
INT_02333,PEMETREXED
INT_02334,PENICILLAMINE
INT_02335,PENTAMIDINE
INT_02336,PENTAMIDINE
INT_02337,PENTAMIDINE
INT_02338,PENTOSTATINE
INT_02339,PENTOSTATINE
INT_02340,PENTOXIFYLLINE
INT_02341,PENTOXIFYLLINE
INT_02342,PENTOXIFYLLINE
INT_02343,PETHIDINE
INT_02344,PETHIDINE
INT_02345,PETHIDINE
INT_02346,"PHÉNOBARBITAL (ET, PAR EXTRAPOLATION, PRIMIDONE)"
INT_02347,"PHÉNOBARBITAL (ET, PAR EXTRAPOLATION, PRIMIDONE)"
INT_02348,"PHÉNOBARBITAL (ET, PAR EXTRAPOLATION, PRIMIDONE)"
INT_02349,"PHÉNOBARBITAL (ET, PAR EXTRAPOLATION, PRIMIDONE)"
INT_02350,"PHÉNOBARBITAL (ET, PAR EXTRAPOLATION, PRIMIDONE)"
INT_02351,"PHÉNOBARBITAL (ET, PAR EXTRAPOLATION, PRIMIDONE)"
INT_02352,"PHÉNOBARBITAL (ET, PAR EXTRAPOLATION, PRIMIDONE)"
INT_02353,"PHÉNOBARBITAL (ET, PAR EXTRAPOLATION, PRIMIDONE)"
INT_02354,"PHÉNOBARBITAL (ET, PAR EXTRAPOLATION, PRIMIDONE)"
INT_02355,"PHÉNYTOÏNE (ET, PAR EXTRAPOLATION, FOSPHÉNYTOÏNE)"
INT_02356,"PHÉNYTOÏNE (ET, PAR EXTRAPOLATION, FOSPHÉNYTOÏNE)"
INT_02357,"PHÉNYTOÏNE (ET, PAR EXTRAPOLATION, FOSPHÉNYTOÏNE)"
INT_02358,"PHÉNYTOÏNE (ET, PAR EXTRAPOLATION, FOSPHÉNYTOÏNE)"
INT_02359,"PHÉNYTOÏNE (ET, PAR EXTRAPOLATION, FOSPHÉNYTOÏNE)"
INT_02360,"PHÉNYTOÏNE (ET, PAR EXTRAPOLATION, FOSPHÉNYTOÏNE)"
INT_02361,"PHÉNYTOÏNE (ET, PAR EXTRAPOLATION, FOSPHÉNYTOÏNE)"
INT_02362,"PHÉNYTOÏNE (ET, PAR EXTRAPOLATION, FOSPHÉNYTOÏNE)"
INT_02363,"PHÉNYTOÏNE (ET, PAR EXTRAPOLATION, FOSPHÉNYTOÏNE)"
INT_02364,"PHÉNYTOÏNE (ET, PAR EXTRAPOLATION, FOSPHÉNYTOÏNE)"
INT_02365,"PHÉNYTOÏNE (ET, PAR EXTRAPOLATION, FOSPHÉNYTOÏNE)"
INT_02366,"PHÉNYTOÏNE (ET, PAR EXTRAPOLATION, FOSPHÉNYTOÏNE)"
INT_02367,"PHÉNYTOÏNE (ET, PAR EXTRAPOLATION, FOSPHÉNYTOÏNE)"
INT_02368,"PHÉNYTOÏNE (ET, PAR EXTRAPOLATION, FOSPHÉNYTOÏNE)"
INT_02369,"PHÉNYTOÏNE (ET, PAR EXTRAPOLATION, FOSPHÉNYTOÏNE)"
INT_02370,"PHÉNYTOÏNE (ET, PAR EXTRAPOLATION, FOSPHÉNYTOÏNE)"
INT_02371,"PHÉNYTOÏNE (ET, PAR EXTRAPOLATION, FOSPHÉNYTOÏNE)"
INT_02372,"PHÉNYTOÏNE (ET, PAR EXTRAPOLATION, FOSPHÉNYTOÏNE)"
INT_02373,"PHÉNYTOÏNE (ET, PAR EXTRAPOLATION, FOSPHÉNYTOÏNE)"
INT_02374,"PHÉNYTOÏNE (ET, PAR EXTRAPOLATION, FOSPHÉNYTOÏNE)"
INT_02375,"PHÉNYTOÏNE (ET, PAR EXTRAPOLATION, FOSPHÉNYTOÏNE)"
INT_02376,"PHÉNYTOÏNE (ET, PAR EXTRAPOLATION, FOSPHÉNYTOÏNE)"
INT_02377,"PHÉNYTOÏNE (ET, PAR EXTRAPOLATION, FOSPHÉNYTOÏNE)"
INT_02378,"PHÉNYTOÏNE (ET, PAR EXTRAPOLATION, FOSPHÉNYTOÏNE)"
INT_02379,"PHÉNYTOÏNE (ET, PAR EXTRAPOLATION, FOSPHÉNYTOÏNE)"
INT_02380,"PHÉNYTOÏNE (ET, PAR EXTRAPOLATION, FOSPHÉNYTOÏNE)"
INT_02381,PILOCARPINE
INT_02382,PIMOZIDE
INT_02383,PIMOZIDE
INT_02384,PIMOZIDE
INT_02385,PIMOZIDE
INT_02386,PIMOZIDE
INT_02387,PIMOZIDE
INT_02388,PIMOZIDE
INT_02389,PIMOZIDE
INT_02390,PIMOZIDE
INT_02391,PIMOZIDE
INT_02392,PIMOZIDE
INT_02393,PIMOZIDE
INT_02394,PIMOZIDE
INT_02395,PIMOZIDE
INT_02396,PIMOZIDE
INT_02397,PIMOZIDE
INT_02398,PIMOZIDE
INT_02399,PIPÉRACILLINE/TAZOBACTAM
INT_02400,PIRFENIDONE
INT_02401,PITAVASTATINE
INT_02402,POLYMYXINE B
INT_02403,POLYMYXINE B
INT_02404,POLYSTYRÈNE SULFONATE DE CALCIUM
INT_02405,POLYSTYRÈNE SULFONATE DE CALCIUM
INT_02406,POLYSTYRÈNE SULFONATE DE SODIUM
INT_02407,POLYSTYRÈNE SULFONATE DE SODIUM
INT_02408,PONATINIB
INT_02409,PONATINIB
INT_02410,PONATINIB
INT_02411,PONATINIB
INT_02412,PONATINIB
INT_02413,PONATINIB
INT_02414,PONATINIB
INT_02415,PONATINIB
INT_02416,PONATINIB
INT_02417,PONÉSIMOD
INT_02418,POSACONAZOLE
INT_02419,POSACONAZOLE
INT_02420,POSACONAZOLE
INT_02421,POSACONAZOLE
INT_02422,POSACONAZOLE
INT_02423,POSACONAZOLE
INT_02424,POSACONAZOLE
INT_02425,POSACONAZOLE
INT_02426,POSACONAZOLE
INT_02427,POTASSIUM
INT_02428,POTASSIUM
INT_02429,POTASSIUM
INT_02430,POTASSIUM
INT_02431,POTASSIUM
INT_02432,POVIDONE IODÉE
INT_02433,PRAVASTATINE
INT_02434,PRAVASTATINE
INT_02435,PRAVASTATINE
INT_02436,PRAVASTATINE
INT_02437,PRAZIQUANTEL
INT_02438,PRAZIQUANTEL
INT_02439,PRAZIQUANTEL
INT_02440,PREDNISOLONE
INT_02441,PRIMIDONE
INT_02442,PRISTINAMYCINE
INT_02443,PRISTINAMYCINE
INT_02444,PRISTINAMYCINE
INT_02445,PROBENECIDE
INT_02446,PROBENECIDE
INT_02447,PROBENECIDE
INT_02448,PROCARBAZINE
INT_02449,PRODUITS DE CONTRASTE IODÉS
INT_02450,PRODUITS DE CONTRASTE IODÉS
INT_02451,PRODUITS DE CONTRASTE IODÉS
INT_02452,PROGESTATIFS CONTRACEPTIFS
INT_02453,PROGESTATIFS CONTRACEPTIFS
INT_02454,PROGESTATIFS CONTRACEPTIFS
INT_02455,PROGESTATIFS CONTRACEPTIFS
INT_02456,PROGESTATIFS CONTRACEPTIFS
INT_02457,PROGESTATIFS CONTRACEPTIFS
INT_02458,PROGESTATIFS CONTRACEPTIFS
INT_02459,PROGESTATIFS CONTRACEPTIFS
INT_02460,PROGESTATIFS CONTRACEPTIFS
INT_02461,PROGESTATIFS CONTRACEPTIFS
INT_02462,PROGUANIL
INT_02463,PROGUANIL
INT_02464,PROPAFENONE
INT_02465,PROPAFENONE
INT_02466,PROPAFENONE
INT_02467,PROPAFENONE
INT_02468,PROPAFENONE
INT_02469,PROPAFENONE
INT_02470,PROPAFENONE
INT_02471,PROPAFENONE
INT_02472,PROPAFENONE
INT_02473,PROPAFENONE
INT_02474,PROPAFENONE
INT_02475,PROPAFENONE
INT_02476,PROPAFENONE
INT_02477,PROPAFENONE
INT_02478,PROPAFENONE
INT_02479,PROPRANOLOL
INT_02480,PROPRANOLOL
INT_02481,PROPRANOLOL
INT_02482,PROPRANOLOL
INT_02483,PRÉSERVATIFS EN LATEX
INT_02484,PYRAZINAMIDE
INT_02485,PYRIMETHAMINE
INT_02486,PÉNEMS
INT_02487,PÉNICILLINES
INT_02488,PÉNICILLINES A
INT_02489,PÉNICILLINES A
INT_02490,PÉRAMPANEL
INT_02491,PÉRAMPANEL
INT_02492,PÉRAMPANEL
INT_02493,PÉRAMPANEL
INT_02494,PÉRAMPANEL
INT_02495,QUETIAPINE
INT_02496,QUETIAPINE
INT_02497,QUETIAPINE
INT_02498,QUETIAPINE
INT_02499,QUETIAPINE
INT_02500,QUETIAPINE
INT_02501,QUINIDINE
INT_02502,QUINIDINE
INT_02503,QUINIDINE
INT_02504,QUINIDINE
INT_02505,QUINIDINE
INT_02506,QUINIDINE
INT_02507,QUINIDINE
INT_02508,QUINIDINE
INT_02509,QUINIDINE
INT_02510,QUINIDINE
INT_02511,QUINIDINE
INT_02512,QUINIDINE
INT_02513,QUINIDINE
INT_02514,QUINIDINE
INT_02515,QUINIDINE
INT_02516,QUINIDINE
INT_02517,QUINIDINE
INT_02518,QUININE
INT_02519,QUININE
INT_02520,QUININE
INT_02521,QUININE
INT_02522,QUININE
INT_02523,QUINUPRISTINE
INT_02524,QUINUPRISTINE
INT_02525,QUINUPRISTINE
INT_02526,QUINUPRISTINE
INT_02527,RALTÉGRAVIR
INT_02528,RANOLAZINE
INT_02529,RANOLAZINE
INT_02530,RANOLAZINE
INT_02531,RANOLAZINE
INT_02532,RANOLAZINE
INT_02533,RANOLAZINE
INT_02534,RANOLAZINE
INT_02535,REPAGLINIDE
INT_02536,REPAGLINIDE
INT_02537,REPAGLINIDE
INT_02538,REPAGLINIDE
INT_02539,REPAGLINIDE
INT_02540,REPAGLINIDE
INT_02541,REPAGLINIDE
INT_02542,REPAGLINIDE
INT_02543,RESERPINE
INT_02544,RESERPINE
INT_02545,RIBAVIRINE
INT_02546,RIBAVIRINE
INT_02547,RIBAVIRINE
INT_02548,RIBAVIRINE
INT_02549,RIFABUTINE
INT_02550,RIFABUTINE
INT_02551,RIFABUTINE
INT_02552,RIFABUTINE
INT_02553,RIFABUTINE
INT_02554,RIFABUTINE
INT_02555,RIFABUTINE
INT_02556,RIFABUTINE
INT_02557,RIFABUTINE
INT_02558,RIFABUTINE
INT_02559,RIFABUTINE
INT_02560,RIFABUTINE
INT_02561,RIFAMPICINE
INT_02562,RIFAMPICINE
INT_02563,RIFAMPICINE
INT_02564,RIFAMPICINE
INT_02565,RIFAMPICINE
INT_02566,RIFAMPICINE
INT_02567,RIFAMPICINE
INT_02568,RIFAMPICINE
INT_02569,RIFAMPICINE
INT_02570,RIFAMPICINE
INT_02571,RIFAMPICINE
INT_02572,RIFAMPICINE
INT_02573,RIFAMPICINE
INT_02574,RIFAMPICINE
INT_02575,RIFAMPICINE
INT_02576,RIFAMPICINE
INT_02577,RIFAMPICINE
INT_02578,RIFAMPICINE
INT_02579,RIFAMPICINE
INT_02580,RIFAMPICINE
INT_02581,RIFAMPICINE
INT_02582,RIFAMPICINE
INT_02583,RIFAMPICINE
INT_02584,RIFAMPICINE
INT_02585,RIFAMPICINE
INT_02586,RIFAMPICINE
INT_02587,RIFAMPICINE
INT_02588,RIFAMPICINE
INT_02589,RIFAMPICINE
INT_02590,RIFAMPICINE
INT_02591,RIFAMPICINE
INT_02592,RIFAMPICINE
INT_02593,RIFAMPICINE
INT_02594,RIFAMPICINE
INT_02595,RIFAMPICINE
INT_02596,RIFAMPICINE
INT_02597,RIFAMPICINE
INT_02598,RIFAMPICINE
INT_02599,RIFAMPICINE
INT_02600,RIFAMPICINE
INT_02601,RIFAMPICINE
INT_02602,RIFAMPICINE
INT_02603,RIFAMPICINE
INT_02604,RIFAMPICINE
INT_02605,RIFAMPICINE
INT_02606,RIFAMPICINE
INT_02607,RIFAMPICINE
INT_02608,RIFAMPICINE
INT_02609,RIFAMPICINE
INT_02610,RIFAMPICINE
INT_02611,RIFAMPICINE
INT_02612,RIFAMPICINE
INT_02613,RIFAMPICINE
INT_02614,RIFAMPICINE
INT_02615,RIFAMPICINE
INT_02616,RIFAMPICINE
INT_02617,RIFAMPICINE
INT_02618,RIFAMPICINE
INT_02619,RIFAMPICINE
INT_02620,RIFAMPICINE
INT_02621,RIFAMPICINE
INT_02622,RIFAMPICINE
INT_02623,RIFAMPICINE
INT_02624,RIFAMPICINE
INT_02625,RIFAMPICINE
INT_02626,RIFAMPICINE
INT_02627,RIFAMPICINE
INT_02628,RIFAMPICINE
INT_02629,RIFAMPICINE
INT_02630,RIFAMPICINE
INT_02631,RIFAMPICINE
INT_02632,RIFAMPICINE
INT_02633,RIFAMPICINE
INT_02634,RIFAMPICINE
INT_02635,RIFAMPICINE
INT_02636,RIFAMPICINE
INT_02637,RIFAMPICINE
INT_02638,RIFAMPICINE
INT_02639,RIFAMPICINE
INT_02640,RIFAMPICINE
INT_02641,RIFAMPICINE
INT_02642,RILPIVIRINE
INT_02643,RILPIVIRINE
INT_02644,RILPIVIRINE
INT_02645,RILPIVIRINE
INT_02646,RILPIVIRINE
INT_02647,RIOCIGUAT
INT_02648,RIOCIGUAT
INT_02649,RIOCIGUAT
INT_02650,RISPERIDONE
INT_02651,RISPERIDONE
INT_02652,RISPERIDONE
INT_02653,RITONAVIR
INT_02654,RITONAVIR
INT_02655,RIVAROXABAN
INT_02656,RIVAROXABAN
INT_02657,RIVAROXABAN
INT_02658,RIVAROXABAN
INT_02659,ROLAPITANT
INT_02660,ROLAPITANT
INT_02661,ROLAPITANT
INT_02662,ROLAPITANT
INT_02663,ROLAPITANT
INT_02664,ROLAPITANT
INT_02665,ROLAPITANT
INT_02666,ROLAPITANT
INT_02667,ROLAPITANT
INT_02668,ROPINIROLE
INT_02669,ROPINIROLE
INT_02670,ROPINIROLE
INT_02671,ROPINIROLE
INT_02672,ROSUVASTATINE
INT_02673,ROSUVASTATINE
INT_02674,ROSUVASTATINE
INT_02675,ROSUVASTATINE
INT_02676,ROSUVASTATINE
INT_02677,ROSUVASTATINE
INT_02678,ROSUVASTATINE
INT_02679,ROSUVASTATINE
INT_02680,ROSUVASTATINE
INT_02681,ROXADUSTAT
INT_02682,ROXADUSTAT
INT_02683,ROXADUSTAT
INT_02684,ROXADUSTAT
INT_02685,ROXADUSTAT
INT_02686,ROXADUSTAT
INT_02687,ROXITHROMYCINE
INT_02688,ROXITHROMYCINE
INT_02689,ROXITHROMYCINE
INT_02690,ROXITHROMYCINE
INT_02691,ROXITHROMYCINE
INT_02692,ROXITHROMYCINE
INT_02693,RUFINAMIDE
INT_02694,RUFINAMIDE
INT_02695,RÉGORAFÉNIB
INT_02696,RÉGORAFÉNIB
INT_02697,RÉGORAFÉNIB
INT_02698,RÉGORAFÉNIB
INT_02699,RÉSINES CHÉLATRICES
INT_02700,RÉSINES CHÉLATRICES
INT_02701,RÉSINES CHÉLATRICES
INT_02702,RÉTINOÏDES
INT_02703,RÉTINOÏDES
INT_02704,RÉTINOÏDES
INT_02705,SACITUZUMAB
INT_02706,SACITUZUMAB
INT_02707,SACUBITRIL
INT_02708,SALMETEROL
INT_02709,SALMETEROL
INT_02710,SALMETEROL
INT_02711,SELEXIPAG
INT_02712,SELEXIPAG
INT_02713,SELEXIPAG
INT_02714,SELEXIPAG
INT_02715,SELEXIPAG
INT_02716,SELPERCATINIB
INT_02717,SELPERCATINIB
INT_02718,SERTRALINE
INT_02719,SERTRALINE
INT_02720,SERTRALINE
INT_02721,SILDENAFIL
INT_02722,SILDENAFIL
INT_02723,SILODOSINE
INT_02724,SIMVASTATINE
INT_02725,SIMVASTATINE
INT_02726,SIMVASTATINE
INT_02727,SIMVASTATINE
INT_02728,SIMVASTATINE
INT_02729,SIMVASTATINE
INT_02730,SIMVASTATINE
INT_02731,SIMVASTATINE
INT_02732,SIMVASTATINE
INT_02733,SIMVASTATINE
INT_02734,SIMVASTATINE
INT_02735,SIMVASTATINE
INT_02736,SIMVASTATINE
INT_02737,SIMVASTATINE
INT_02738,SIMVASTATINE
INT_02739,SIMVASTATINE
INT_02740,SIMVASTATINE
INT_02741,SIMVASTATINE
INT_02742,SIMVASTATINE
INT_02743,SIMVASTATINE
INT_02744,SIMVASTATINE
INT_02745,SIROLIMUS
INT_02746,SIROLIMUS
INT_02747,SIROLIMUS
INT_02748,SIROLIMUS
INT_02749,SODIUM (BICARBONATE DE)
INT_02750,SODIUM (CHLORURE DE)
INT_02751,SOFOSBUVIR
INT_02752,SOFOSBUVIR
INT_02753,SOFOSBUVIR
INT_02754,SORBITOL
INT_02755,SORBITOL
INT_02756,SORBITOL
INT_02757,SOTORASIB
INT_02758,SOTORASIB
INT_02759,SOTORASIB
INT_02760,SOTORASIB
INT_02761,SPERMICIDES
INT_02762,SPIRAMYCINE
INT_02763,SPIRONOLACTONE
INT_02764,SPIRONOLACTONE
INT_02765,STAVUDINE
INT_02766,STAVUDINE
INT_02767,STAVUDINE
INT_02768,STAVUDINE
INT_02769,STAVUDINE
INT_02770,STIRIPENTOL
INT_02771,STIRIPENTOL
INT_02772,STIRIPENTOL
INT_02773,STIRIPENTOL
INT_02774,STIRIPENTOL
INT_02775,STIRIPENTOL
INT_02776,STIRIPENTOL
INT_02777,STIRIPENTOL
INT_02778,STIRIPENTOL
INT_02779,STIRIPENTOL
INT_02780,STIRIPENTOL
INT_02781,STIRIPENTOL
INT_02782,STIRIPENTOL
INT_02783,STIRIPENTOL
INT_02784,STRONTIUM
INT_02785,STRONTIUM
INT_02786,STRONTIUM
INT_02787,STRONTIUM
INT_02788,STRONTIUM
INT_02789,SUBSTRATS À RISQUE DU CYP3A4
INT_02790,SUBSTRATS À RISQUE DU CYP3A4
INT_02791,SUBSTRATS À RISQUE DU CYP3A4
INT_02792,SUCRALFATE
INT_02793,SUCRALFATE
INT_02794,SUCRALFATE
INT_02795,SUCRALFATE
INT_02796,SUCRALFATE
INT_02797,SUFENTANIL
INT_02798,SULFAFURAZOL
INT_02799,SULFAMETHIZOL
INT_02800,SULFAMETHIZOL
INT_02801,SULFAMETHOXAZOLE
INT_02802,SULFAMETHOXAZOLE
INT_02803,SULFAMIDES ANTIBACTÉRIENS
INT_02804,SULFAMIDES HYPOGLYCÉMIANTS
INT_02805,SULFAMIDES HYPOGLYCÉMIANTS
INT_02806,SULFAMIDES HYPOGLYCÉMIANTS
INT_02807,SULFAMIDES HYPOGLYCÉMIANTS
INT_02808,SULFAMIDES HYPOGLYCÉMIANTS
INT_02809,SULFAMIDES HYPOGLYCÉMIANTS
INT_02810,SULFAMIDES HYPOGLYCÉMIANTS
INT_02811,SULFAMIDES HYPOGLYCÉMIANTS
INT_02812,SULFAMIDES HYPOGLYCÉMIANTS
INT_02813,SULFAMIDES HYPOGLYCÉMIANTS
INT_02814,SULFAMIDES HYPOGLYCÉMIANTS
INT_02815,SULFAMIDES HYPOGLYCÉMIANTS
INT_02816,SULFAMÉTHOXAZOLE + TRIMÉTHOPRIME
INT_02817,SULFAMÉTHOXAZOLE + TRIMÉTHOPRIME
INT_02818,SULFASALAZINE
INT_02819,SULFASALAZINE
INT_02820,SULFASALAZINE
INT_02821,SULFINPYRAZONE
INT_02822,SULPIRIDE
INT_02823,SULPROSTONE
INT_02824,SUNITINIB
INT_02825,SUXAMETHONIUM
INT_02826,SYMPATHOMIMÉTIQUES ALPHA (VOIES ORALE ET/OU NASALE)
INT_02827,SYMPATHOMIMÉTIQUES ALPHA (VOIES ORALE ET/OU NASALE)
INT_02828,SYMPATHOMIMÉTIQUES ALPHA (VOIES ORALE ET/OU NASALE)
INT_02829,SYMPATHOMIMÉTIQUES ALPHA (VOIES ORALE ET/OU NASALE)
INT_02830,SYMPATHOMIMÉTIQUES ALPHA ET BÊTA (VOIE IM ET IV)
INT_02831,SYMPATHOMIMÉTIQUES ALPHA ET BÊTA (VOIE IM ET IV)
INT_02832,SYMPATHOMIMÉTIQUES ALPHA ET BÊTA (VOIE IM ET IV)
INT_02833,SYMPATHOMIMÉTIQUES ALPHA ET BÊTA (VOIE IM ET IV)
INT_02834,SYMPATHOMIMÉTIQUES ALPHA ET BÊTA (VOIE IM ET IV)
INT_02835,SYMPATHOMIMÉTIQUES INDIRECTS
INT_02836,SYMPATHOMIMÉTIQUES INDIRECTS
INT_02837,SYMPATHOMIMÉTIQUES INDIRECTS
INT_02838,SYMPATHOMIMÉTIQUES INDIRECTS
INT_02839,SYMPATHOMIMÉTIQUES INDIRECTS
INT_02840,SYMPATHOMIMÉTIQUES INDIRECTS
INT_02841,SYMPATHOMIMÉTIQUES INDIRECTS
INT_02842,SÉTRONS
INT_02843,TACROLIMUS
INT_02844,TACROLIMUS
INT_02845,TACROLIMUS
INT_02846,TACROLIMUS
INT_02847,TACROLIMUS
INT_02848,TACROLIMUS
INT_02849,TACROLIMUS
INT_02850,TACROLIMUS
INT_02851,TACROLIMUS
INT_02852,TACROLIMUS
INT_02853,TACROLIMUS
INT_02854,TACROLIMUS
INT_02855,TACROLIMUS
INT_02856,TACROLIMUS
INT_02857,TACROLIMUS
INT_02858,TACROLIMUS
INT_02859,TACROLIMUS
INT_02860,TALAZOPARIB
INT_02861,TALAZOPARIB
INT_02862,TALAZOPARIB
INT_02863,TALAZOPARIB
INT_02864,TALAZOPARIB
INT_02865,TALAZOPARIB
INT_02866,TALAZOPARIB
INT_02867,TALAZOPARIB
INT_02868,TALAZOPARIB
INT_02869,TAMOXIFENE
INT_02870,TAMOXIFENE
INT_02871,TAMOXIFENE
INT_02872,TAMOXIFENE
INT_02873,TAMOXIFENE
INT_02874,TAMOXIFENE
INT_02875,TAMOXIFENE
INT_02876,TAMOXIFENE
INT_02877,TAMOXIFENE
INT_02878,TAMOXIFENE
INT_02879,TAMSULOSINE
INT_02880,TAMSULOSINE
INT_02881,TAMSULOSINE
INT_02882,TAMSULOSINE
INT_02883,TELBIVUDINE
INT_02884,TELITHROMYCINE
INT_02885,TELITHROMYCINE
INT_02886,TELITHROMYCINE
INT_02887,TELITHROMYCINE
INT_02888,TELITHROMYCINE
INT_02889,TELITHROMYCINE
INT_02890,TELITHROMYCINE
INT_02891,TELITHROMYCINE
INT_02892,TEMSIROLIMUS
INT_02893,TENOFOVIR ALAFÉNAMIDE
INT_02894,TENOFOVIR DISOPROXIL
INT_02895,TENOFOVIR DISOPROXIL
INT_02896,TENOFOVIR DISOPROXIL
INT_02897,TENOFOVIR DISOPROXIL
INT_02898,TENOFOVIR DISOPROXIL
INT_02899,TERBINAFINE
INT_02900,TERBINAFINE
INT_02901,TERBINAFINE
INT_02902,TERBINAFINE
INT_02903,TERBINAFINE
INT_02904,TERBINAFINE
INT_02905,TERBINAFINE
INT_02906,TERBINAFINE
INT_02907,TERBINAFINE
INT_02908,TETRABENAZINE
INT_02909,TETRABENAZINE
INT_02910,TETRABENAZINE
INT_02911,TETRABENAZINE
INT_02912,TETRABENAZINE
INT_02913,TETRABENAZINE
INT_02914,TETRABENAZINE
INT_02915,TETRABENAZINE
INT_02916,TETRABENAZINE
INT_02917,TETRABENAZINE
INT_02918,THALIDOMIDE
INT_02919,THALIDOMIDE
INT_02920,THEOPHYLLINE
INT_02921,THEOPHYLLINE
INT_02922,THEOPHYLLINE
INT_02923,THEOPHYLLINE
INT_02924,THROMBOLYTIQUES
INT_02925,THROMBOLYTIQUES
INT_02926,THROMBOLYTIQUES
INT_02927,THROMBOLYTIQUES
INT_02928,"THÉOPHYLLINE (ET, PAR EXTRAPOLATION, AMINOPHYLLINE)"
INT_02929,"THÉOPHYLLINE (ET, PAR EXTRAPOLATION, AMINOPHYLLINE)"
INT_02930,"THÉOPHYLLINE (ET, PAR EXTRAPOLATION, AMINOPHYLLINE)"
INT_02931,"THÉOPHYLLINE (ET, PAR EXTRAPOLATION, AMINOPHYLLINE)"
INT_02932,"THÉOPHYLLINE (ET, PAR EXTRAPOLATION, AMINOPHYLLINE)"
INT_02933,"THÉOPHYLLINE (ET, PAR EXTRAPOLATION, AMINOPHYLLINE)"
INT_02934,"THÉOPHYLLINE (ET, PAR EXTRAPOLATION, AMINOPHYLLINE)"
INT_02935,"THÉOPHYLLINE (ET, PAR EXTRAPOLATION, AMINOPHYLLINE)"
INT_02936,"THÉOPHYLLINE (ET, PAR EXTRAPOLATION, AMINOPHYLLINE)"
INT_02937,"THÉOPHYLLINE (ET, PAR EXTRAPOLATION, AMINOPHYLLINE)"
INT_02938,"THÉOPHYLLINE (ET, PAR EXTRAPOLATION, AMINOPHYLLINE)"
INT_02939,"THÉOPHYLLINE (ET, PAR EXTRAPOLATION, AMINOPHYLLINE)"
INT_02940,"THÉOPHYLLINE (ET, PAR EXTRAPOLATION, AMINOPHYLLINE)"
INT_02941,"THÉOPHYLLINE (ET, PAR EXTRAPOLATION, AMINOPHYLLINE)"
INT_02942,"THÉOPHYLLINE (ET, PAR EXTRAPOLATION, AMINOPHYLLINE)"
INT_02943,"THÉOPHYLLINE (ET, PAR EXTRAPOLATION, AMINOPHYLLINE)"
INT_02944,"THÉOPHYLLINE (ET, PAR EXTRAPOLATION, AMINOPHYLLINE)"
INT_02945,"THÉOPHYLLINE (ET, PAR EXTRAPOLATION, AMINOPHYLLINE)"
INT_02946,"THÉOPHYLLINE (ET, PAR EXTRAPOLATION, AMINOPHYLLINE)"
INT_02947,"THÉOPHYLLINE (ET, PAR EXTRAPOLATION, AMINOPHYLLINE)"
INT_02948,"THÉOPHYLLINE (ET, PAR EXTRAPOLATION, AMINOPHYLLINE)"
INT_02949,"THÉOPHYLLINE (ET, PAR EXTRAPOLATION, AMINOPHYLLINE)"
INT_02950,"THÉOPHYLLINE (ET, PAR EXTRAPOLATION, AMINOPHYLLINE)"
INT_02951,TIABENDAZOLE
INT_02952,TIAGABINE
INT_02953,TIAGABINE
INT_02954,TIANEPTINE
INT_02955,TIBOLONE
INT_02956,TICAGRELOR
INT_02957,TICAGRELOR
INT_02958,TICAGRELOR
INT_02959,TICAGRELOR
INT_02960,TICAGRELOR
INT_02961,TICAGRELOR
INT_02962,TICAGRELOR
INT_02963,TICAGRELOR
INT_02964,TICAGRELOR
INT_02965,TICAGRELOR
INT_02966,TICLOPIDINE
INT_02967,TICLOPIDINE
INT_02968,TICLOPIDINE
INT_02969,TICLOPIDINE
INT_02970,TICLOPIDINE
INT_02971,TIGECYCLINE
INT_02972,TIGECYCLINE
INT_02973,TOLVAPTAN
INT_02974,TOLVAPTAN
INT_02975,TOLVAPTAN
INT_02976,TOLVAPTAN
INT_02977,TOLVAPTAN
INT_02978,TOLVAPTAN
INT_02979,"TOPIQUES GASTRO-INTESTINAUX, ANTIACIDES ET ADSORBANTS"
INT_02980,"TOPIQUES GASTRO-INTESTINAUX, ANTIACIDES ET ADSORBANTS"
INT_02981,"TOPIQUES GASTRO-INTESTINAUX, ANTIACIDES ET ADSORBANTS"
INT_02982,"TOPIQUES GASTRO-INTESTINAUX, ANTIACIDES ET ADSORBANTS"
INT_02983,TOPIRAMATE
INT_02984,TOPIRAMATE
INT_02985,TOPIRAMATE
INT_02986,TOPIRAMATE
INT_02987,TOPIRAMATE
INT_02988,TOPOTECANE
INT_02989,TOPOTECANE
INT_02990,TRABECTÉDINE
INT_02991,TRAITEMENTS DE SUBSTITUTION NICOTINIQUE
INT_02992,TRAMADOL
INT_02993,TRAMADOL
INT_02994,TRAMADOL
INT_02995,TRAMADOL
INT_02996,TRAMADOL
INT_02997,TRAMADOL
INT_02998,TRAMADOL
INT_02999,TRAMADOL
INT_03000,TRAMADOL
INT_03001,TRAMADOL
INT_03002,TRAMADOL
INT_03003,TRAMADOL
INT_03004,TRAMADOL
INT_03005,TRAMADOL
INT_03006,TRASTUZUMAB EMTANSINE
INT_03007,TRICLABENDAZOLE
INT_03008,TRICLABENDAZOLE
INT_03009,TRICLABENDAZOLE
INT_03010,TRICLABENDAZOLE
INT_03011,TRIENTINE
INT_03012,TRIMETHOPRIME
INT_03013,TRIMETHOPRIME
INT_03014,TRIMETHOPRIME
INT_03015,TRIMETHOPRIME
INT_03016,TRIMETHOPRIME
INT_03017,TRIMETHOPRIME
INT_03018,TRIPTANS
INT_03019,TRIPTANS
INT_03020,TRIPTANS MÉTABOLISÉS PAR LA MAO
INT_03021,TRIPTANS MÉTABOLISÉS PAR LA MAO
INT_03022,TRIPTANS MÉTABOLISÉS PAR LA MAO
INT_03023,TRIPTANS NON MÉTABOLISÉS PAR LA MAO
INT_03024,TRIPTANS NON MÉTABOLISÉS PAR LA MAO
INT_03025,TRIPTANS NON MÉTABOLISÉS PAR LA MAO
INT_03026,TRÉTINOÏNE
INT_03027,TUCATINIB
INT_03028,TÉDIZOLIDE
INT_03029,TÉDIZOLIDE
INT_03030,TÉDIZOLIDE
INT_03031,TÉDIZOLIDE
INT_03032,TÉDIZOLIDE
INT_03033,TÉDIZOLIDE
INT_03034,TÉNOFOVIR ALAFÉNAMIDE
INT_03035,TÉNOFOVIR ALAFÉNAMIDE
INT_03036,TÉNOFOVIR ALAFÉNAMIDE
INT_03037,TÉNOFOVIR ALAFÉNAMIDE
INT_03038,TÉNOFOVIR ALAFÉNAMIDE
INT_03039,TÉNOFOVIR ALAFÉNAMIDE
INT_03040,TÉNOFOVIR ALAFÉNAMIDE
INT_03041,TÉNOFOVIR ALAFÉNAMIDE
INT_03042,TÉRIFLUNOMIDE
INT_03043,TÉRIFLUNOMIDE
INT_03044,ULIPRISTAL
INT_03045,ULIPRISTAL
INT_03046,ULIPRISTAL
INT_03047,ULIPRISTAL
INT_03048,ULIPRISTAL
INT_03049,ULIPRISTAL
INT_03050,ULIPRISTAL
INT_03051,ULIPRISTAL
INT_03052,ULIPRISTAL
INT_03053,VACCINS VIVANTS ATTÉNUÉS
INT_03054,VACCINS VIVANTS ATTÉNUÉS
INT_03055,VACCINS VIVANTS ATTÉNUÉS
INT_03056,VACCINS VIVANTS ATTÉNUÉS
INT_03057,VACCINS VIVANTS ATTÉNUÉS
INT_03058,VACCINS VIVANTS ATTÉNUÉS
INT_03059,VACCINS VIVANTS ATTÉNUÉS
INT_03060,VACCINS VIVANTS ATTÉNUÉS
INT_03061,VACCINS VIVANTS ATTÉNUÉS
INT_03062,VACCINS VIVANTS ATTÉNUÉS
INT_03063,VACCINS VIVANTS ATTÉNUÉS
INT_03064,VACCINS VIVANTS ATTÉNUÉS
INT_03065,VACCINS VIVANTS ATTÉNUÉS
INT_03066,VALGANCICLOVIR
INT_03067,VALGANCICLOVIR
INT_03068,"VALPROÏQUE (ACIDE) ET, PAR EXTRAPOLATION, VALPROMIDE"
INT_03069,"VALPROÏQUE (ACIDE) ET, PAR EXTRAPOLATION, VALPROMIDE"
INT_03070,"VALPROÏQUE (ACIDE) ET, PAR EXTRAPOLATION, VALPROMIDE"
INT_03071,"VALPROÏQUE (ACIDE) ET, PAR EXTRAPOLATION, VALPROMIDE"
INT_03072,"VALPROÏQUE (ACIDE) ET, PAR EXTRAPOLATION, VALPROMIDE"
INT_03073,"VALPROÏQUE (ACIDE) ET, PAR EXTRAPOLATION, VALPROMIDE"
INT_03074,"VALPROÏQUE (ACIDE) ET, PAR EXTRAPOLATION, VALPROMIDE"
INT_03075,"VALPROÏQUE (ACIDE) ET, PAR EXTRAPOLATION, VALPROMIDE"
INT_03076,"VALPROÏQUE (ACIDE) ET, PAR EXTRAPOLATION, VALPROMIDE"
INT_03077,"VALPROÏQUE (ACIDE) ET, PAR EXTRAPOLATION, VALPROMIDE"
INT_03078,"VALPROÏQUE (ACIDE) ET, PAR EXTRAPOLATION, VALPROMIDE"
INT_03079,"VALPROÏQUE (ACIDE) ET, PAR EXTRAPOLATION, VALPROMIDE"
INT_03080,"VALPROÏQUE (ACIDE) ET, PAR EXTRAPOLATION, VALPROMIDE"
INT_03081,"VALPROÏQUE (ACIDE) ET, PAR EXTRAPOLATION, VALPROMIDE"
INT_03082,VANCOMYCINE
INT_03083,VARDENAFIL
INT_03084,VELPATASVIR
INT_03085,VELPATASVIR
INT_03086,VELPATASVIR
INT_03087,VELPATASVIR
INT_03088,VELPATASVIR
INT_03089,VELPATASVIR
INT_03090,VELPATASVIR
INT_03091,VELPATASVIR
INT_03092,VENLAFAXINE
INT_03093,VENLAFAXINE
INT_03094,VENLAFAXINE
INT_03095,VENLAFAXINE
INT_03096,VENLAFAXINE
INT_03097,VENLAFAXINE
INT_03098,VENLAFAXINE
INT_03099,VENLAFAXINE
INT_03100,VERAPAMIL
INT_03101,VERAPAMIL
INT_03102,VERAPAMIL
INT_03103,VERAPAMIL
INT_03104,VERAPAMIL
INT_03105,VERAPAMIL
INT_03106,VERAPAMIL
INT_03107,VERAPAMIL
INT_03108,VERAPAMIL
INT_03109,VERAPAMIL
INT_03110,VERAPAMIL
INT_03111,VERAPAMIL
INT_03112,VERAPAMIL
INT_03113,VERAPAMIL
INT_03114,VERAPAMIL
INT_03115,VERAPAMIL
INT_03116,VERAPAMIL
INT_03117,VERAPAMIL
INT_03118,VERAPAMIL
INT_03119,VERAPAMIL
INT_03120,VERAPAMIL
INT_03121,VERAPAMIL
INT_03122,VERAPAMIL
INT_03123,VERAPAMIL
INT_03124,VERAPAMIL
INT_03125,VERAPAMIL
INT_03126,VERAPAMIL
INT_03127,VERAPAMIL
INT_03128,VERAPAMIL
INT_03129,VERAPAMIL
INT_03130,VERAPAMIL
INT_03131,VERAPAMIL
INT_03132,VERAPAMIL
INT_03133,VERAPAMIL
INT_03134,VERAPAMIL
INT_03135,VERAPAMIL
INT_03136,VERAPAMIL
INT_03137,VERAPAMIL
INT_03138,VERAPAMIL
INT_03139,VIDARABINE
INT_03140,VINCA-ALCALOÏDES CYTOTOXIQUES
INT_03141,VINCA-ALCALOÏDES CYTOTOXIQUES
INT_03142,VINCA-ALCALOÏDES CYTOTOXIQUES
INT_03143,VINCA-ALCALOÏDES CYTOTOXIQUES
INT_03144,VINCA-ALCALOÏDES CYTOTOXIQUES
INT_03145,VISMODÉGIB
INT_03146,VISMODÉGIB
INT_03147,VITAMINE A
INT_03148,VITAMINE A
INT_03149,VITAMINE D
INT_03150,VITAMINE D
INT_03151,VITAMINE D
INT_03152,VORICONAZOLE
INT_03153,VORICONAZOLE
INT_03154,VORICONAZOLE
INT_03155,VORICONAZOLE
INT_03156,VORICONAZOLE
INT_03157,VORICONAZOLE
INT_03158,VORICONAZOLE
INT_03159,VORICONAZOLE
INT_03160,VORICONAZOLE
INT_03161,VORICONAZOLE
INT_03162,VORICONAZOLE
INT_03163,VORICONAZOLE
INT_03164,VORICONAZOLE
INT_03165,VORICONAZOLE
INT_03166,VORICONAZOLE
INT_03167,VORICONAZOLE
INT_03168,VOXELOTOR
INT_03169,VOXELOTOR
INT_03170,VÉMURAFÉNIB
INT_03171,VÉMURAFÉNIB
INT_03172,VÉMURAFÉNIB
INT_03173,VÉMURAFÉNIB
INT_03174,VÉMURAFÉNIB
INT_03175,VÉMURAFÉNIB
INT_03176,VÉNÉTOCLAX
INT_03177,VÉNÉTOCLAX
INT_03178,VÉNÉTOCLAX
INT_03179,VÉNÉTOCLAX
INT_03180,VÉNÉTOCLAX
INT_03181,VÉNÉTOCLAX
INT_03182,VÉNÉTOCLAX
INT_03183,YOHIMBINE
INT_03184,ZIDOVUDINE
INT_03185,ZIDOVUDINE
INT_03186,ZIDOVUDINE
INT_03187,ZIDOVUDINE
INT_03188,ZIDOVUDINE
INT_03189,ZIDOVUDINE
INT_03190,ZIDOVUDINE
INT_03191,ZIDOVUDINE
INT_03192,ZINC
INT_03193,ZINC
INT_03194,ZINC
INT_03195,ZINC
INT_03196,ZINC
INT_03197,ZINC
INT_03198,ZOLPIDEM
INT_03199,ZOLPIDEM
INT_03200,ZONISAMIDE
INT_03201,ZOPICLONE
INT_03202,ZOPICLONE
INT_03203,ÉDOXABAN
INT_03204,ÉDOXABAN
INT_03205,ÉDOXABAN
INT_03206,ÉDOXABAN
INT_03207,ÉLIGLUSTAT
INT_03208,ÉTELCALCÉTIDE
INT_00000,ANTI-TNF ALPHA
INT_00001,VACCINS VIVANTS ATTÉNUÉS
INT_00002,INDUCTEURS ENZYMATIQUES PUISSANTS
INT_00003,RIFAMPICINE
INT_00004,METOPROLOL
INT_00005,PROPAFENONE
INT_00006,FLUCONAZOLE
INT_00007,FLUVOXAMINE
INT_00008,ACIDE ACETYLSALICYLIQUE
INT_00009,CARBAMAZEPINE
INT_00010,LITHIUM
INT_00011,"VALPROÏQUE (ACIDE) ET, PAR EXTRAPOLATION, VALPROMIDE"
INT_00012,FER
INT_00013,ANTICOAGULANTS ORAUX
INT_00014,METHOTREXATE
INT_00015,ACETAZOLAMIDE
INT_00016,ANTI-INFLAMMATOIRES NON STÉROÏDIENS
INT_00017,CLOPIDOGREL
INT_00018,GLUCOCORTICOÏDES (SAUF HYDROCORTISONE)
INT_00019,HÉPARINES (DOSES CURATIVES ET/OU SUJET ÂGÉ)
INT_00020,NICORANDIL
INT_00021,PEMETREXED
INT_00022,PROBENECIDE
INT_00023,TICAGRELOR
INT_00024,TICLOPIDINE
INT_00025,ANTAGONISTES DES RÉCEPTEURS DE L'ANGIOTENSINE II
INT_00026,DIURÉTIQUES
INT_00027,INHIBITEURS DE L'ENZYME DE CONVERSION
INT_00028,DEFERASIROX
INT_00029,HÉPARINES (DOSES PRÉVENTIVES)
INT_00030,DÉFÉRIPRONE
INT_00031,DÉFÉROXAMINE
INT_00032,CICLOSPORINE
INT_00033,"PHÉNOBARBITAL (ET, PAR EXTRAPOLATION, PRIMIDONE)"
INT_00034,ESTRAMUSTINE
INT_00035,"FLUOROURACILE (ET, PAR EXTRAPOLATION, AUTRES FLUOROPYRIMIDINES)"
INT_00036,INHIBITEURS DE L'HMG-COA RÉDUCTASE (STATINES)
INT_00037,OMBITASVIR + PARITAPRÉVIR
INT_00038,ALCOOL (BOISSON OU EXCIPIENT)
INT_00039,CICLOSPORINE
INT_00040,ALCOOL (BOISSON OU EXCIPIENT)
INT_00041,METHOTREXATE
INT_00042,ANESTHÉSIQUES VOLATILS HALOGÉNÉS
INT_00043,ANTIDÉPRESSEURS IMIPRAMINIQUES
INT_00044,IMAO IRRÉVERSIBLES
INT_00045,MÉDICAMENTS MIXTES ADRÉNERGIQUES-SÉROTONINERGIQUES
INT_00046,ANTIPARASITAIRES SUSCEPTIBLES DE DONNER DES TORSADES
INT_00047,ARSENIEUX
INT_00048,DÉLAMANID
INT_00049,HYDROXYCHLOROQUINE
INT_00050,METHADONE
INT_00051,NEUROLEPTIQUES SUSCEPTIBLES DE DONNER DES TORSADES DE
INT_00052,"TORSADOGÈNES (SAUF ARSÉNIEUX, ANTIPARASITAIRES, NEUROLEPTIQUES,"
INT_00053,CRIZOTINIB
INT_00054,SULFAMÉTHOXAZOLE + TRIMÉTHOPRIME
INT_00055,"TOPIQUES GASTRO-INTESTINAUX, ANTIACIDES ET ADSORBANTS"
INT_00056,ANAGRELIDE
INT_00057,AZITHROMYCINE
INT_00058,BRADYCARDISANTS
INT_00059,BÊTA-BLOQUANTS DANS L'INSUFFISANCE CARDIAQUE
INT_00060,CIPROFLOXACINE
INT_00061,CLARITHROMYCINE
INT_00062,GLASDÉGIB
INT_00063,HYPOKALIÉMIANTS
INT_00064,LEVOFLOXACINE
INT_00065,MÉDICAMENTS À L'ORIGINE D'UN HYPOGONADISME MASCULIN
INT_00066,NORFLOXACINE
INT_00067,ONDANSETRON
INT_00068,ROXITHROMYCINE
INT_00069,AMIODARONE
INT_00070,CICLOSPORINE
INT_00071,ERYTHROMYCINE
INT_00072,INDUCTEURS ENZYMATIQUES PUISSANTS
INT_00073,INHIBITEURS DE PROTÉASES BOOSTÉS PAR RITONAVIR
INT_00074,ITRACONAZOLE
INT_00075,KETOCONAZOLE
INT_00076,PRIMIDONE
INT_00077,RIFAMPICINE
INT_00078,VERAPAMIL
INT_00079,FLUVOXAMINE
INT_00080,CIPROFLOXACINE
INT_00081,INDUCTEURS ENZYMATIQUES PUISSANTS
INT_00082,INHIBITEURS DE PROTÉASES BOOSTÉS PAR RITONAVIR
INT_00083,RIFAMPICINE
INT_00084,HYDROQUINIDINE
INT_00085,QUINIDINE
INT_00086,ALCALOÏDES DE L'ERGOT DE SEIGLE VASOCONSTRICTEURS
INT_00087,MACROLIDES (SAUF SPIRAMYCINE)
INT_00088,SYMPATHOMIMÉTIQUES ALPHA (VOIES ORALE ET/OU NASALE)
INT_00089,SYMPATHOMIMÉTIQUES INDIRECTS
INT_00090,ANTIPARKINSONIENS ANTICHOLINERGIQUES
INT_00091,INHIBITEURS PUISSANTS DU CYP3A4
INT_00092,LÉTERMOVIR
INT_00093,OMBITASVIR + PARITAPRÉVIR
INT_00094,TRIPTANS
INT_00095,ALCALOÏDES DE L'ERGOT DE SEIGLE DOPAMINERGIQUES
INT_00096,SYMPATHOMIMÉTIQUES ALPHA (VOIES ORALE ET/OU NASALE)
INT_00097,SYMPATHOMIMÉTIQUES INDIRECTS
INT_00098,ACITRETINE
INT_00099,ANTABUSE (RÉACTION)
INT_00100,IMAO IRRÉVERSIBLES
INT_00101,INSULINE
INT_00102,METFORMINE
INT_00103,MÉDICAMENTS SÉDATIFS
INT_00104,SULFAMIDES HYPOGLYCÉMIANTS
INT_00105,ACIDE NICOTINIQUE
INT_00106,PRODUITS DE CONTRASTE IODÉS
INT_00107,CIMETIDINE
INT_00108,DILTIAZEM
INT_00109,ERYTHROMYCINE
INT_00110,FLUCONAZOLE
INT_00111,INHIBITEURS PUISSANTS DU CYP3A4
INT_00112,OMBITASVIR + PARITAPRÉVIR
INT_00113,INHIBITEURS PUISSANTS DU CYP3A4
INT_00114,DIDANOSINE
INT_00115,VIDARABINE
INT_00116,ANTIVITAMINES K
INT_00117,PÉNICILLINES A
INT_00118,ANTIHYPERTENSEURS ALPHA-BLOQUANTS
INT_00119,INHIBITEURS DE LA PHOSPHODIESTERASE DE TYPE 5
INT_00120,ANTIHYPERTENSEURS SAUF ALPHA-BLOQUANTS
INT_00121,INHIBITEURS PUISSANTS DU CYP3A4
INT_00122,CITRATES
INT_00123,CICLOSPORINE
INT_00124,ATALUREN
INT_00125,AUTRES AMINOSIDES
INT_00126,BOTULIQUE (TOXINE)
INT_00127,POLYMYXINE B
INT_00128,CEFALOTINE
INT_00129,CURARES
INT_00130,DIURÉTIQUES DE L'ANSE
INT_00131,AMPHOTERICINE B
INT_00132,CICLOSPORINE
INT_00133,ORGANOPLATINES
INT_00134,TACROLIMUS
INT_00135,COBICISTAT
INT_00136,OMBITASVIR + PARITAPRÉVIR
INT_00137,CICLOSPORINE
INT_00138,DILTIAZEM
INT_00139,FIDAXOMICINE
INT_00140,IBRUTINIB
INT_00141,OLAPARIB
INT_00142,"PHÉNYTOÏNE (ET, PAR EXTRAPOLATION, FOSPHÉNYTOÏNE)"
INT_00143,SOFOSBUVIR
INT_00144,VERAPAMIL
INT_00145,AFATINIB
INT_00146,ANTIVITAMINES K
INT_00147,BÊTA-BLOQUANTS (SAUF ESMOLOL ET SOTALOL) (Y COMPRIS COLLYRES)
INT_00148,BÊTA-BLOQUANTS DANS L'INSUFFISANCE CARDIAQUE
INT_00149,DABIGATRAN
INT_00150,DIGOXINE
INT_00151,DOCETAXEL
INT_00152,ESMOLOL
INT_00153,FLUCONAZOLE
INT_00154,LIDOCAINE
INT_00155,NINTÉDANIB
INT_00156,ORLISTAT
INT_00157,PACLITAXEL
INT_00158,SIMVASTATINE
INT_00159,TACROLIMUS
INT_00160,TALAZOPARIB
INT_00161,TAMSULOSINE
INT_00162,TOLVAPTAN
INT_00163,VORICONAZOLE
INT_00164,VÉNÉTOCLAX
INT_00165,SIMVASTATINE
INT_00166,ZIDOVUDINE
INT_00167,AMINOSIDES
INT_00168,CICLOSPORINE
INT_00169,TACROLIMUS
INT_00170,ANTIAGRÉGANTS PLAQUETTAIRES
INT_00171,SUBSTANCES SUSCEPTIBLES DE DONNER DES TORSADES DE POINTES
INT_00172,OMEPRAZOLE
INT_00173,ANTI-TNF ALPHA
INT_00174,ETANERCEPT
INT_00175,ANTITUSSIFS MORPHINE-LIKE
INT_00176,ANTITUSSIFS MORPHINIQUES VRAIS
INT_00177,AUTRES ANALGÉSIQUES MORPHINIQUES AGONISTES
INT_00178,MORPHINIQUES AGONISTES-ANTAGONISTES
INT_00179,MORPHINIQUES ANTAGONISTES PARTIELS
INT_00180,MORPHINIQUES AGONISTES-ANTAGONISTES
INT_00181,MORPHINIQUES ANTAGONISTES PARTIELS
INT_00182,CICLOSPORINE
INT_00183,INSULINE
INT_00184,REPAGLINIDE
INT_00185,SULFAMIDES HYPOGLYCÉMIANTS
INT_00186,ANTIVITAMINES K
INT_00187,INDUCTEURS ENZYMATIQUES
INT_00188,ISOPRENALINE
INT_00189,ADRÉNALINE (VOIE BUCCO-DENTAIRE OU SOUS-CUTANÉE)
INT_00190,BÊTA-BLOQUANTS (SAUF ESMOLOL) (Y COMPRIS COLLYRES)
INT_00191,BÊTA-BLOQUANTS DANS L'INSUFFISANCE CARDIAQUE
INT_00192,ISONIAZIDE
INT_00193,SYMPATHOMIMÉTIQUES INDIRECTS
INT_00194,SYMPATHOMIMÉTIQUES ALPHA ET BÊTA (VOIE IM ET IV)
INT_00195,ALCOOL (BOISSON OU EXCIPIENT)
INT_00196,DIURÉTIQUES ÉPARGNEURS DE POTASSIUM (SEULS OU ASSOCIÉS)
INT_00197,INDUCTEURS ENZYMATIQUES PUISSANTS
INT_00198,INHIBITEURS PUISSANTS DU CYP3A4
INT_00199,LITHIUM
INT_00200,POTASSIUM
INT_00201,RIFAMPICINE
INT_00202,ACIDE ACETYLSALICYLIQUE
INT_00203,ANTI-INFLAMMATOIRES NON STÉROÏDIENS
INT_00204,DIURÉTIQUES HYPOKALIÉMIANTS
INT_00205,EPLERENONE
INT_00206,IDÉLALISIB
INT_00207,INHIBITEURS DE L'ENZYME DE CONVERSION
INT_00208,MIFAMURTIDE
INT_00209,SUBSTANCES SUSCEPTIBLES DE DONNER DES TORSADES DE POINTES
INT_00210,ACIDE ACETYLSALICYLIQUE
INT_00211,ANTICOAGULANTS ORAUX
INT_00212,AUTRES ANTI-INFLAMMATOIRES NON STÉROÏDIENS
INT_00213,HÉPARINES (DOSES CURATIVES ET/OU SUJET ÂGÉ)
INT_00214,LITHIUM
INT_00215,METHOTREXATE
INT_00216,NICORANDIL
INT_00217,PEMETREXED
INT_00218,ANTAGONISTES DES RÉCEPTEURS DE L'ANGIOTENSINE II
INT_00219,CICLOSPORINE
INT_00220,COBIMÉTINIB
INT_00221,DIURÉTIQUES
INT_00222,INHIBITEURS DE L'ENZYME DE CONVERSION
INT_00223,TACROLIMUS
INT_00224,TENOFOVIR DISOPROXIL
INT_00225,ANTIAGRÉGANTS PLAQUETTAIRES
INT_00226,BÊTA-BLOQUANTS (SAUF ESMOLOL) (Y COMPRIS COLLYRES)
INT_00227,DEFERASIROX
INT_00228,GLUCOCORTICOÏDES (SAUF HYDROCORTISONE)
INT_00229,HÉPARINES (DOSES PRÉVENTIVES)
INT_00230,INHIBITEURS SÉLECTIFS DE LA RECAPTURE DE LA SÉROTONINE
INT_00231,MÉDICAMENTS MIXTES ADRÉNERGIQUES-SÉROTONINERGIQUES
INT_00232,VACCINS VIVANTS ATTÉNUÉS
INT_00233,ABATACEPT
INT_00234,ANAKINRA
INT_00235,CANAKINUMAB
INT_00236,ANAGRELIDE
INT_00237,DÉFIBROTIDE
INT_00238,COBIMÉTINIB
INT_00239,IBRUTINIB
INT_00240,ANTI-INFLAMMATOIRES NON STÉROÏDIENS
INT_00241,ANTICOAGULANTS ORAUX
INT_00242,HÉPARINES
INT_00243,INHIBITEURS SÉLECTIFS DE LA RECAPTURE DE LA SÉROTONINE
INT_00244,MÉDICAMENTS MIXTES ADRÉNERGIQUES-SÉROTONINERGIQUES
INT_00245,THROMBOLYTIQUES
INT_00246,AUTRES ANTIARYTHMIQUES
INT_00247,ESMOLOL
INT_00248,INDUCTEURS ENZYMATIQUES PUISSANTS
INT_00249,RIFAMPICINE
INT_00250,BÊTA-BLOQUANTS DANS L'INSUFFISANCE CARDIAQUE
INT_00251,MÉDICAMENTS ATROPINIQUES
INT_00252,PILOCARPINE
INT_00253,SUXAMETHONIUM
INT_00254,ACIDE ACETYLSALICYLIQUE
INT_00255,HÉPARINES
INT_00256,ANTI-INFLAMMATOIRES NON STÉROÏDIENS
INT_00257,DÉFIBROTIDE
INT_00258,IBRUTINIB
INT_00259,IMATINIB
INT_00260,COBIMÉTINIB
INT_00261,GLUCOCORTICOÏDES (SAUF HYDROCORTISONE)
INT_00262,IPILIMUMAB
INT_00263,ANTIAGRÉGANTS PLAQUETTAIRES
INT_00264,AUTRES ANTICOAGULANTS ORAUX
INT_00265,INHIBITEURS SÉLECTIFS DE LA RECAPTURE DE LA SÉROTONINE
INT_00266,MÉDICAMENTS MIXTES ADRÉNERGIQUES-SÉROTONINERGIQUES
INT_00267,THROMBOLYTIQUES
INT_00268,TRAMADOL
INT_00269,MILLEPERTUIS
INT_00270,VACCINS VIVANTS ATTÉNUÉS
INT_00271,ANTIHYPERTENSEURS CENTRAUX
INT_00272,SYMPATHOMIMÉTIQUES ALPHA ET BÊTA (VOIE IM ET IV)
INT_00273,ADRÉNALINE (VOIE BUCCO-DENTAIRE OU SOUS-CUTANÉE)
INT_00274,INHIBITEURS SÉLECTIFS DE LA RECAPTURE DE LA SÉROTONINE
INT_00275,BÊTA-BLOQUANTS DANS L'INSUFFISANCE CARDIAQUE
INT_00276,ORLISTAT
INT_00277,ALPHABLOQUANTS À VISÉE UROLOGIQUE
INT_00278,INHIBITEURS DE LA PHOSPHODIESTERASE DE TYPE 5
INT_00279,ANTIHYPERTENSEURS SAUF ALPHA-BLOQUANTS
INT_00280,ANTIDÉPRESSEURS IMIPRAMINIQUES
INT_00281,BÊTA-BLOQUANTS DANS L'INSUFFISANCE CARDIAQUE
INT_00282,YOHIMBINE
INT_00283,BÊTA-BLOQUANTS (SAUF ESMOLOL) (Y COMPRIS COLLYRES)
INT_00284,DILTIAZEM
INT_00285,VERAPAMIL
INT_00286,ALPHABLOQUANTS À VISÉE UROLOGIQUE
INT_00287,ANTIHYPERTENSEURS ALPHA-BLOQUANTS
INT_00288,ALCALOÏDES DE L'ERGOT DE SEIGLE DOPAMINERGIQUES
INT_00289,NEUROLEPTIQUES ANTIPSYCHOTIQUES (SAUF CLOZAPINE)
INT_00290,INHIBITEURS DE LA XANTHINE OXYDASE
INT_00291,RIBAVIRINE
INT_00292,ANTIVITAMINES K
INT_00293,DÉRIVÉS DE L'ACIDE AMINOSALICYLIQUE (ASA)
INT_00294,POVIDONE IODÉE
INT_00295,INHIBITEURS PUISSANTS DU CYP3A4
INT_00296,POSACONAZOLE
INT_00297,ATAZANAVIR
INT_00298,CYANOCOBALAMINE
INT_00299,INHIBITEURS DE TYROSINE KINASES MÉTABOLISÉS
INT_00300,ITRACONAZOLE
INT_00301,KETOCONAZOLE
INT_00302,RILPIVIRINE
INT_00303,SOTORASIB
INT_00304,ULIPRISTAL
INT_00305,RILPIVIRINE
INT_00306,ATAZANAVIR
INT_00307,METHOTREXATE
INT_00308,POSACONAZOLE
INT_00309,VELPATASVIR
INT_00310,HORMONES THYROÏDIENNES
INT_00311,LÉDIPASVIR
INT_00312,CYANOCOBALAMINE
INT_00313,INHIBITEURS DE TYROSINE KINASES MÉTABOLISÉS
INT_00314,ITRACONAZOLE
INT_00315,KETOCONAZOLE
INT_00316,MILLEPERTUIS
INT_00317,MYCOPHENOLATE MOFETIL
INT_00318,SOTORASIB
INT_00319,ULIPRISTAL
INT_00320,ANALGÉSIQUES MORPHINIQUES AGONISTES
INT_00321,METHADONE
INT_00322,MORPHINIQUES AGONISTES-ANTAGONISTES
INT_00323,ANALGÉSIQUES MORPHINIQUES AGONISTES
INT_00324,METHADONE
INT_00325,MICONAZOLE
INT_00326,MILLEPERTUIS
INT_00327,"FLUOROURACILE (ET, PAR EXTRAPOLATION, AUTRES FLUOROPYRIMIDINES)"
INT_00328,NOSCAPINE
INT_00329,SULFAMETHOXAZOLE
INT_00330,ALLOPURINOL
INT_00331,AMIODARONE
INT_00332,ANDROGÈNES
INT_00333,ANTIPURINES
INT_00334,BOSENTAN
INT_00335,CEFAMANDOLE
INT_00336,CEFAZOLINE
INT_00337,CEFTRIAXONE
INT_00338,CLINDAMYCINE
INT_00339,COLCHICINE
INT_00340,CYCLINES
INT_00341,CYTOTOXIQUES
INT_00342,DANAZOL
INT_00343,DISULFIRAME
INT_00344,ECONAZOLE
INT_00345,EFAVIRENZ
INT_00346,FIBRATES
INT_00347,FLUCONAZOLE
INT_00348,FLUOROQUINOLONES
INT_00349,GLUCOSAMINE
INT_00350,INDUCTEURS ENZYMATIQUES PUISSANTS
INT_00351,INHIBITEURS DE L'HMG-COA RÉDUCTASE (STATINES)
INT_00352,INHIBITEURS DE PROTÉASES BOOSTÉS PAR RITONAVIR
INT_00353,LEVOCARNITINE
INT_00354,MACROLIDES (SAUF SPIRAMYCINE)
INT_00355,METHYLPREDNISOLONE
INT_00356,NEVIRAPINE
INT_00357,ORLISTAT
INT_00358,PARACETAMOL
INT_00359,PENTOXIFYLLINE
INT_00360,PRISTINAMYCINE
INT_00361,PROGUANIL
INT_00362,RIFAMPICINE
INT_00363,ROPINIROLE
INT_00364,TAMOXIFENE
INT_00365,TIBOLONE
INT_00366,VORICONAZOLE
INT_00367,APREPITANT
INT_00368,CIMETIDINE
INT_00369,DEFERASIROX
INT_00370,ATORVASTATINE
INT_00371,CABAZITAXEL
INT_00372,DOCETAXEL
INT_00373,IMMUNOSUPPRESSEURS
INT_00374,METHADONE
INT_00375,OLAPARIB
INT_00376,OMEPRAZOLE
INT_00377,PIMOZIDE
INT_00378,SIMVASTATINE
INT_00379,FLUCONAZOLE
INT_00380,INDUCTEURS ENZYMATIQUES PUISSANTS
INT_00381,INHIBITEURS PUISSANTS DU CYP3A4
INT_00382,RIFAMPICINE
INT_00383,SÉTRONS
INT_00384,PIMOZIDE
INT_00385,INDUCTEURS ENZYMATIQUES PUISSANTS
INT_00386,RIFAMPICINE
INT_00387,CYPROTERONE
INT_00388,ESTROPROGESTATIFS CONTRACEPTIFS
INT_00389,PROGESTATIFS CONTRACEPTIFS
INT_00390,ANTIVITAMINES K
INT_00391,IFOSFAMIDE
INT_00392,ITRACONAZOLE
INT_00393,INDUCTEURS ENZYMATIQUES
INT_00394,INDUCTEURS ENZYMATIQUES
INT_00395,NEUROLEPTIQUES ANTIPSYCHOTIQUES (SAUF CLOZAPINE)
INT_00396,SUBSTANCES SUSCEPTIBLES DE DONNER DES TORSADES DE POINTES
INT_00397,AMINOSIDES
INT_00398,GLÉCAPRÉVIR + PIBRENTASVIR
INT_00399,ANTISÉCRÉTOIRES INHIBITEURS DE LA POMPE À PROTONS
INT_00400,BICTÉGRAVIR
INT_00401,EFAVIRENZ
INT_00402,ETRAVIRINE
INT_00403,LÉNACAPAVIR
INT_00404,NEVIRAPINE
INT_00405,CLARITHROMYCINE
INT_00406,ANTISÉCRÉTOIRES ANTIHISTAMINIQUES H2
INT_00407,BUPRENORPHINE
INT_00408,POSACONAZOLE
INT_00409,TENOFOVIR DISOPROXIL
INT_00410,GLÉCAPRÉVIR + PIBRENTASVIR
INT_00411,ITRACONAZOLE
INT_00412,KETOCONAZOLE
INT_00413,OMBITASVIR + PARITAPRÉVIR
INT_00414,POSACONAZOLE
INT_00415,STIRIPENTOL
INT_00416,TELITHROMYCINE
INT_00417,APALUTAMIDE
INT_00418,INHIBITEURS DE PROTÉASES BOOSTÉS PAR RITONAVIR
INT_00419,RIFAMPICINE
INT_00420,AZITHROMYCINE
INT_00421,CICLOSPORINE
INT_00422,CLARITHROMYCINE
INT_00423,DILTIAZEM
INT_00424,ERYTHROMYCINE
INT_00425,FLUCONAZOLE
INT_00426,PONATINIB
INT_00427,RANOLAZINE
INT_00428,ROXITHROMYCINE
INT_00429,VERAPAMIL
INT_00430,PAMPLEMOUSSE (JUS ET FRUIT)
INT_00431,EFAVIRENZ
INT_00432,INHIBITEURS DE PROTÉASES BOOSTÉS PAR RITONAVIR
INT_00433,RIFAMPICINE
INT_00434,RIFABUTINE
INT_00435,PAMPLEMOUSSE (JUS ET FRUIT)
INT_00436,ATORVASTATINE
INT_00437,CICLOSPORINE
INT_00438,IVABRADINE
INT_00439,SIMVASTATINE
INT_00440,SUBSTANCES SUSCEPTIBLES DE DONNER DES TORSADES DE POINTES
INT_00441,"VALPROÏQUE (ACIDE) ET, PAR EXTRAPOLATION, VALPROMIDE"
INT_00442,LEVODOPA
INT_00443,OXYBATE DE SODIUM
INT_00444,BENZODIAZÉPINES ET APPARENTÉS
INT_00445,MORPHINIQUES
INT_00446,INDUCTEURS ENZYMATIQUES
INT_00447,BARBITURIQUES
INT_00448,BUPRENORPHINE
INT_00449,CLOZAPINE
INT_00450,MORPHINIQUES
INT_00451,INDUCTEURS ENZYMATIQUES
INT_00452,MILLEPERTUIS
INT_00453,RIFAMPICINE
INT_00454,ATAZANAVIR
INT_00455,FER
INT_00456,CALCIUM
INT_00457,FER
INT_00458,BRENTUXIMAB
INT_00459,INHIBITEURS PUISSANTS DU CYP3A4
INT_00460,INDUCTEURS ENZYMATIQUES
INT_00461,CICLOSPORINE
INT_00462,INDUCTEURS ENZYMATIQUES PUISSANTS
INT_00463,RIFAMPICINE
INT_00464,ANTIVITAMINES K
INT_00465,CYPROTERONE
INT_00466,ESTROPROGESTATIFS CONTRACEPTIFS
INT_00467,GLIBENCLAMIDE
INT_00468,INHIBITEURS PUISSANTS DU CYP3A4
INT_00469,PROGESTATIFS CONTRACEPTIFS
INT_00470,"PROGESTATIFS NON CONTRACEPTIFS, ASSOCIÉS OU NON À UN ESTROGÈNE"
INT_00471,AMINOSIDES
INT_00472,FINGOLIMOD
INT_00473,OZANIMOD
INT_00474,PONÉSIMOD
INT_00475,SUBSTANCES SUSCEPTIBLES DE DONNER DES TORSADES DE POINTES
INT_00476,AUTRES BRADYCARDISANTS
INT_00477,BLEOMYCINE
INT_00478,INHIBITEURS PUISSANTS DU CYP3A4
INT_00479,ITRACONAZOLE
INT_00480,KETOCONAZOLE
INT_00481,ATAZANAVIR
INT_00482,BENZODIAZÉPINES ET APPARENTÉS
INT_00483,INHIBITEURS DE PROTÉASES BOOSTÉS PAR RITONAVIR
INT_00484,IMAO-B
INT_00485,TETRABENAZINE
INT_00486,CODEINE
INT_00487,MEQUITAZINE
INT_00488,TAMOXIFENE
INT_00489,TRAMADOL
INT_00490,CLOMIPRAMINE
INT_00491,DESIPRAMINE
INT_00492,METOPROLOL
INT_00493,NORTRIPTYLINE
INT_00494,PROPAFENONE
INT_00495,VÉMURAFÉNIB
INT_00496,MILLEPERTUIS
INT_00497,ERYTHROMYCINE
INT_00498,ITRACONAZOLE
INT_00499,DILTIAZEM
INT_00500,RIFAMPICINE
INT_00501,VERAPAMIL
INT_00502,DIAZEPAM
INT_00503,PAMPLEMOUSSE (JUS ET FRUIT)
INT_00504,ITRACONAZOLE
INT_00505,METRONIDAZOLE
INT_00506,DEFERASIROX
INT_00507,INDUCTEURS ENZYMATIQUES
INT_00508,INHIBITEURS PUISSANTS DU CYP3A4
INT_00509,MILLEPERTUIS
INT_00510,VACCINS VIVANTS ATTÉNUÉS
INT_00511,HALOTHANE
INT_00512,AMIODARONE
INT_00513,INSULINE
INT_00514,SULFAMIDES HYPOGLYCÉMIANTS
INT_00515,BÊTA-BLOQUANTS NON CARDIO-SÉLECTIFS (Y COMPRIS COLLYRES)
INT_00516,DILTIAZEM
INT_00517,VERAPAMIL
INT_00518,ANESTHÉSIQUES VOLATILS HALOGÉNÉS
INT_00519,ANTIHYPERTENSEURS CENTRAUX
INT_00520,GLINIDES
INT_00521,GLIPTINES
INT_00522,INSULINE
INT_00523,LIDOCAINE
INT_00524,PROPAFENONE
INT_00525,SULFAMIDES HYPOGLYCÉMIANTS
INT_00526,ANTI-INFLAMMATOIRES NON STÉROÏDIENS
INT_00527,DIHYDROPYRIDINES
INT_00528,DIPYRIDAMOLE
INT_00529,MEXILETINE
INT_00530,ANTIHYPERTENSEURS CENTRAUX
INT_00531,DILTIAZEM
INT_00532,VERAPAMIL
INT_00533,AMIODARONE
INT_00534,ANESTHÉSIQUES VOLATILS HALOGÉNÉS
INT_00535,ANTICHOLINESTÉRASIQUES
INT_00536,GLINIDES
INT_00537,INSULINE
INT_00538,SUBSTANCES SUSCEPTIBLES DE DONNER DES TORSADES DE POINTES
INT_00539,SULFAMIDES HYPOGLYCÉMIANTS
INT_00540,ANTIDÉPRESSEURS IMIPRAMINIQUES
INT_00541,BÊTA-2 MIMÉTIQUES
INT_00542,DIGOXINE
INT_00543,DIHYDROPYRIDINES
INT_00544,LIDOCAINE
INT_00545,NEUROLEPTIQUES
INT_00546,APALUTAMIDE
INT_00547,INHIBITEURS PUISSANTS DU CYP3A4
INT_00548,INDUCTEURS ENZYMATIQUES
INT_00549,INDUCTEURS ENZYMATIQUES
INT_00550,ENOXACINE
INT_00551,DIPYRIDAMOLE
INT_00552,STIRIPENTOL
INT_00553,CIPROFLOXACINE
INT_00554,LITHIUM
INT_00555,MEXILETINE
INT_00556,NORFLOXACINE
INT_00557,LITHIUM
INT_00558,DIGOXINE
INT_00559,BISPHOSPHONATES
INT_00560,CIPROFLOXACINE
INT_00561,CYCLINES
INT_00562,ESTRAMUSTINE
INT_00563,FER
INT_00564,HORMONES THYROÏDIENNES
INT_00565,INHIBITEURS D'INTÉGRASE
INT_00566,NORFLOXACINE
INT_00567,ROXADUSTAT
INT_00568,STRONTIUM
INT_00569,ZINC
INT_00570,DIURÉTIQUES THIAZIDIQUES ET APPARENTÉS
INT_00571,ANTI-TNF ALPHA
INT_00572,MILLEPERTUIS
INT_00573,INDUCTEURS ENZYMATIQUES PUISSANTS
INT_00574,RIFAMPICINE
INT_00575,ERYTHROMYCINE
INT_00576,ISONIAZIDE
INT_00577,LITHIUM
INT_00578,MILLEPERTUIS
INT_00579,PAMPLEMOUSSE (JUS ET FRUIT)
INT_00580,SIMVASTATINE
INT_00581,ACETAZOLAMIDE
INT_00582,CIMETIDINE
INT_00583,CLARITHROMYCINE
INT_00584,CLONAZEPAM
INT_00585,DANAZOL
INT_00586,DIGOXINE
INT_00587,DIURÉTIQUES HYPOKALIÉMIANTS
INT_00588,ETHOSUXIMIDE
INT_00589,FELBAMATE
INT_00590,FLUCONAZOLE
INT_00591,FLUOXETINE
INT_00592,FLUVOXAMINE
INT_00593,JOSAMYCINE
INT_00594,LAMOTRIGINE
INT_00595,NINTÉDANIB
INT_00596,OLANZAPINE
INT_00597,PAROXETINE
INT_00598,RIFAMPICINE
INT_00599,RISPERIDONE
INT_00600,TOPIRAMATE
INT_00601,"VALPROÏQUE (ACIDE) ET, PAR EXTRAPOLATION, VALPROMIDE"
INT_00602,VERAPAMIL
INT_00603,"PHÉNOBARBITAL (ET, PAR EXTRAPOLATION, PRIMIDONE)"
INT_00604,"PHÉNYTOÏNE (ET, PAR EXTRAPOLATION, FOSPHÉNYTOÏNE)"
INT_00605,CIMETIDINE
INT_00606,CIMETIDINE
INT_00607,RIFAMPICINE
INT_00608,INDUCTEURS ENZYMATIQUES
INT_00609,AMINOSIDES
INT_00610,ANTIVITAMINES K
INT_00611,ANTIVITAMINES K
INT_00612,ANTIVITAMINES K
INT_00613,CIMETIDINE
INT_00614,CICLOSPORINE
INT_00615,HORMONES THYROÏDIENNES
INT_00616,CIMETIDINE
INT_00617,INSULINE
INT_00618,SULFAMIDES HYPOGLYCÉMIANTS
INT_00619,BOSENTAN
INT_00620,DABIGATRAN
INT_00621,GRAZOPREVIR + ELBASVIR
INT_00622,MIFAMURTIDE
INT_00623,PITAVASTATINE
INT_00624,ROSUVASTATINE
INT_00625,SIMVASTATINE
INT_00626,AMIODARONE
INT_00627,COLCHICINE
INT_00628,DIURÉTIQUES ÉPARGNEURS DE POTASSIUM (SEULS OU ASSOCIÉS)
INT_00629,EZETIMIBE
INT_00630,FIDAXOMICINE
INT_00631,MODAFINIL
INT_00632,NIFEDIPINE
INT_00633,ORLISTAT
INT_00634,OZANIMOD
INT_00635,POTASSIUM
INT_00636,REPAGLINIDE
INT_00637,AFATINIB
INT_00638,ANALOGUES DE LA SOMATOSTATINE
INT_00639,ANTI-INFLAMMATOIRES NON STÉROÏDIENS
INT_00640,ATORVASTATINE
INT_00641,AZITHROMYCINE
INT_00642,CHLOROQUINE
INT_00643,CLINDAMYCINE
INT_00644,DANAZOL
INT_00645,EVEROLIMUS
INT_00646,FENOFIBRATE
INT_00647,FLUVASTATINE
INT_00648,JOSAMYCINE
INT_00649,LERCANIDIPINE
INT_00650,METHOTREXATE
INT_00651,MIDECAMYCINE
INT_00652,NINTÉDANIB
INT_00653,PRAVASTATINE
INT_00654,ROXITHROMYCINE
INT_00655,SIROLIMUS
INT_00656,SULFINPYRAZONE
INT_00657,TALAZOPARIB
INT_00658,TERBINAFINE
INT_00659,TICLOPIDINE
INT_00660,TIGECYCLINE
INT_00661,TÉNOFOVIR ALAFÉNAMIDE
INT_00662,VERAPAMIL
INT_00663,ÉDOXABAN
INT_00664,ACIDE ASCORBIQUE
INT_00665,ACIDE URSODESOXYCHOLIQUE
INT_00666,AMBRISENTAN
INT_00667,AMINOSIDES
INT_00668,AMPHOTERICINE B
INT_00669,CIMETIDINE
INT_00670,DIURÉTIQUES HYPOKALIÉMIANTS
INT_00671,METHYLPREDNISOLONE
INT_00672,PREDNISOLONE
INT_00673,TRIMETHOPRIME
INT_00674,CARVEDILOL
INT_00675,CARMUSTINE
INT_00676,LOMUSTINE
INT_00677,"PHÉNYTOÏNE (ET, PAR EXTRAPOLATION, FOSPHÉNYTOÏNE)"
INT_00678,ALFENTANIL
INT_00679,CARBAMAZEPINE
INT_00680,CHLORDIAZEPOXIDE
INT_00681,DIAZEPAM
INT_00682,LIDOCAINE
INT_00683,METHADONE
INT_00684,METOPROLOL
INT_00685,MOCLOBEMIDE
INT_00686,NIFEDIPINE
INT_00687,"THÉOPHYLLINE (ET, PAR EXTRAPOLATION, AMINOPHYLLINE)"
INT_00688,ANTIVITAMINES K
INT_00689,CHLOROQUINE
INT_00690,CICLOSPORINE
INT_00691,DEXTROMETHORPHANE
INT_00692,TETRABENAZINE
INT_00693,CODEINE
INT_00694,MEQUITAZINE
INT_00695,TRAMADOL
INT_00696,ÉTELCALCÉTIDE
INT_00697,METOPROLOL
INT_00698,PROPAFENONE
INT_00699,AGOMELATINE
INT_00700,METHOTREXATE
INT_00701,CALCIUM
INT_00702,CLOZAPINE
INT_00703,"PHÉNYTOÏNE (ET, PAR EXTRAPOLATION, FOSPHÉNYTOÏNE)"
INT_00704,ROPINIROLE
INT_00705,SUBSTANCES SUSCEPTIBLES DE DONNER DES TORSADES DE POINTES
INT_00706,"THÉOPHYLLINE (ET, PAR EXTRAPOLATION, AMINOPHYLLINE)"
INT_00707,CAFEINE
INT_00708,ALUMINIUM (SELS)
INT_00709,LAMIVUDINE
INT_00710,FIDAXOMICINE
INT_00711,IMMUNOSUPPRESSEURS
INT_00712,ATAZANAVIR
INT_00713,ATORVASTATINE
INT_00714,CARBAMAZEPINE
INT_00715,INHIBITEURS DE PROTÉASES BOOSTÉS PAR RITONAVIR
INT_00716,PRAVASTATINE
INT_00717,REPAGLINIDE
INT_00718,RIFABUTINE
INT_00719,RIFAMPICINE
INT_00720,SUBSTANCES SUSCEPTIBLES DE DONNER DES TORSADES DE POINTES
INT_00721,SULFAMIDES HYPOGLYCÉMIANTS
INT_00722,TALAZOPARIB
INT_00723,ETRAVIRINE
INT_00724,LINEZOLIDE
INT_00725,"THÉOPHYLLINE (ET, PAR EXTRAPOLATION, AMINOPHYLLINE)"
INT_00726,VENLAFAXINE
INT_00727,ANTIVITAMINES K
INT_00728,CICLOSPORINE
INT_00729,TACROLIMUS
INT_00730,STIRIPENTOL
INT_00731,BUPROPION
INT_00732,CARBAMAZEPINE
INT_00733,ACIDE ACETYLSALICYLIQUE
INT_00734,"PHÉNYTOÏNE (ET, PAR EXTRAPOLATION, FOSPHÉNYTOÏNE)"
INT_00735,SELEXIPAG
INT_00736,OZANIMOD
INT_00737,PACLITAXEL
INT_00738,REPAGLINIDE
INT_00739,MILLEPERTUIS
INT_00740,INDUCTEURS ENZYMATIQUES PUISSANTS
INT_00741,CIPROFLOXACINE
INT_00742,FLUVOXAMINE
INT_00743,RIFAMPICINE
INT_00744,BENZODIAZÉPINES ET APPARENTÉS
INT_00745,AMIODARONE
INT_00746,INDUCTEURS ENZYMATIQUES PUISSANTS
INT_00747,MILLEPERTUIS
INT_00748,QUINIDINE
INT_00749,RIFAMPICINE
INT_00750,ETRAVIRINE
INT_00751,GLUCOCORTICOÏDES PAR VOIE INTRA-ARTICULAIRE ET MÉTABOLISÉS
INT_00752,RIFABUTINE
INT_00753,TÉNOFOVIR ALAFÉNAMIDE
INT_00754,INHIBITEURS PUISSANTS DU CYP3A4
INT_00755,ANTI-INFLAMMATOIRES NON STÉROÏDIENS
INT_00756,ANTIAGRÉGANTS PLAQUETTAIRES
INT_00757,ANTICOAGULANTS ORAUX
INT_00758,DÉFIBROTIDE
INT_00759,GLUCOCORTICOÏDES (SAUF HYDROCORTISONE)
INT_00760,HÉPARINES
INT_00761,INHIBITEURS SÉLECTIFS DE LA RECAPTURE DE LA SÉROTONINE
INT_00762,MÉDICAMENTS MIXTES ADRÉNERGIQUES-SÉROTONINERGIQUES
INT_00763,PENTOXIFYLLINE
INT_00764,INHIBITEURS DE L'HMG-COA RÉDUCTASE (STATINES)
INT_00765,DISULFIRAME
INT_00766,BUPROPION
INT_00767,CINACALCET
INT_00768,DULOXETINE
INT_00769,FLUOXETINE
INT_00770,PAROXETINE
INT_00771,QUINIDINE
INT_00772,TERBINAFINE
INT_00773,INHIBITEURS PUISSANTS DU CYP3A4
INT_00774,MACROLIDES (SAUF SPIRAMYCINE)
INT_00775,OMBITASVIR + PARITAPRÉVIR
INT_00776,PRISTINAMYCINE
INT_00777,CICLOSPORINE
INT_00778,FLUCONAZOLE
INT_00779,VERAPAMIL
INT_00780,ANTIVITAMINES K
INT_00781,FIBRATES
INT_00782,INHIBITEURS DE L'HMG-COA RÉDUCTASE (STATINES)
INT_00783,PONATINIB
INT_00784,ROLAPITANT
INT_00785,CURARES
INT_00786,MIFAMURTIDE
INT_00787,RITONAVIR
INT_00788,INHIBITEURS PUISSANTS DU CYP3A4
INT_00789,IBRUTINIB
INT_00790,SUBSTANCES SUSCEPTIBLES DE DONNER DES TORSADES DE POINTES
INT_00791,SUBSTRATS À RISQUE DU CYP3A4
INT_00792,AMINOSIDES
INT_00793,COLISTINE
INT_00794,LINCOSANIDES
INT_00795,POLYMYXINE B
INT_00796,GLUCOCORTICOÏDES (SAUF HYDROCORTISONE)
INT_00797,ANTISÉCRÉTOIRES ANTIHISTAMINIQUES H2
INT_00798,ANTISÉCRÉTOIRES INHIBITEURS DE LA POMPE À PROTONS
INT_00799,RÉTINOÏDES
INT_00800,VITAMINE A
INT_00801,ANTIVITAMINES K
INT_00802,CALCIUM
INT_00803,FER
INT_00804,STRONTIUM
INT_00805,ZINC
INT_00806,MILLEPERTUIS
INT_00807,INDUCTEURS ENZYMATIQUES
INT_00808,PENTOSTATINE
INT_00809,INHIBITEURS SÉLECTIFS DE LA RECAPTURE DE LA SÉROTONINE
INT_00810,MILLEPERTUIS
INT_00811,INDUCTEURS ENZYMATIQUES
INT_00812,INHIBITEURS DE PROTÉASES BOOSTÉS PAR RITONAVIR
INT_00813,PÉRAMPANEL
INT_00814,ULIPRISTAL
INT_00815,APREPITANT
INT_00816,BOSENTAN
INT_00817,VACCINS VIVANTS ATTÉNUÉS
INT_00818,OLAPARIB
INT_00819,"PHÉNYTOÏNE (ET, PAR EXTRAPOLATION, FOSPHÉNYTOÏNE)"
INT_00820,ANTIVITAMINES K
INT_00821,FLUCYTOSINE
INT_00822,IMMUNOSUPPRESSEURS
INT_00823,CICLOSPORINE
INT_00824,DRONEDARONE
INT_00825,GLÉCAPRÉVIR + PIBRENTASVIR
INT_00826,ITRACONAZOLE
INT_00827,KETOCONAZOLE
INT_00828,INDUCTEURS ENZYMATIQUES PUISSANTS
INT_00829,RIFAMPICINE
INT_00830,TACROLIMUS
INT_00831,AMIODARONE
INT_00832,PONATINIB
INT_00833,QUINIDINE
INT_00834,ROLAPITANT
INT_00835,VERAPAMIL
INT_00836,TICAGRELOR
INT_00837,FOTEMUSTINE
INT_00838,DIHYDROERGOTAMINE
INT_00839,ERGOTAMINE
INT_00840,PIMOZIDE
INT_00841,IMMUNOSUPPRESSEURS
INT_00842,SIMVASTATINE
INT_00843,INSULINE
INT_00844,SULFAMIDES HYPOGLYCÉMIANTS
INT_00845,ANTIVITAMINES K
INT_00846,CARBAMAZEPINE
INT_00847,CICLOSPORINE
INT_00848,TACROLIMUS
INT_00849,DILTIAZEM
INT_00850,VERAPAMIL
INT_00851,DIHYDROPYRIDINES
INT_00852,INHIBITEURS PUISSANTS DU CYP3A4
INT_00853,MÉDICAMENTS À L'ORIGINE D'UNE HYPOTENSION ORTHOSTATIQUE
INT_00854,ZIDOVUDINE
INT_00855,INHIBITEURS DE L'HMG-COA RÉDUCTASE (STATINES)
INT_00856,METOPROLOL
INT_00857,PROPAFENONE
INT_00858,INDUCTEURS ENZYMATIQUES PUISSANTS
INT_00859,RIFAMPICINE
INT_00860,ROSUVASTATINE
INT_00861,ETRAVIRINE
INT_00862,ETHINYLESTRADIOL
INT_00863,GEMFIBROZIL
INT_00864,INDUCTEURS ENZYMATIQUES
INT_00865,MILLEPERTUIS
INT_00866,MITOTANE
INT_00867,DÉFÉRIPRONE
INT_00868,DÉFÉROXAMINE
INT_00869,REPAGLINIDE
INT_00870,INDUCTEURS ENZYMATIQUES PUISSANTS
INT_00871,PACLITAXEL
INT_00872,RIFAMPICINE
INT_00873,SELEXIPAG
INT_00874,ACIDE ACETYLSALICYLIQUE
INT_00875,ANTI-INFLAMMATOIRES NON STÉROÏDIENS
INT_00876,ANTIVITAMINES K
INT_00877,BUSULFAN
INT_00878,BUPROPION
INT_00879,RILPIVIRINE
INT_00880,PRAZIQUANTEL
INT_00881,HÉPARINES (DOSES CURATIVES ET/OU SUJET ÂGÉ)
INT_00882,CINACALCET
INT_00883,IMAO IRRÉVERSIBLES
INT_00884,"IMAO-A RÉVERSIBLES, Y COMPRIS OXAZOLIDINONES ET BLEU DE"
INT_00885,CIMETIDINE
INT_00886,"PHÉNYTOÏNE (ET, PAR EXTRAPOLATION, FOSPHÉNYTOÏNE)"
INT_00887,STIRIPENTOL
INT_00888,BUSPIRONE
INT_00889,ALLOPURINOL
INT_00890,GANCICLOVIR
INT_00891,RIBAVIRINE
INT_00892,TENOFOVIR DISOPROXIL
INT_00893,PENTAMIDINE
INT_00894,THALIDOMIDE
INT_00895,CALCIUM
INT_00896,MILLEPERTUIS
INT_00897,DRONEDARONE
INT_00898,MIDODRINE
INT_00899,AMIODARONE
INT_00900,CARBAMAZEPINE
INT_00901,GLÉCAPRÉVIR + PIBRENTASVIR
INT_00902,HYDROQUINIDINE
INT_00903,HYPOKALIÉMIANTS
INT_00904,INHIBITEURS DE PROTÉASES BOOSTÉS PAR RITONAVIR
INT_00905,ITRACONAZOLE
INT_00906,MACROLIDES (SAUF SPIRAMYCINE)
INT_00907,OMEPRAZOLE
INT_00908,PONATINIB
INT_00909,POSACONAZOLE
INT_00910,PROPAFENONE
INT_00911,QUINIDINE
INT_00912,QUININE
INT_00913,RANOLAZINE
INT_00914,RIFAMPICINE
INT_00915,ROLAPITANT
INT_00916,SUCRALFATE
INT_00917,SULFASALAZINE
INT_00918,TELITHROMYCINE
INT_00919,VERAPAMIL
INT_00920,BÊTA-BLOQUANTS DANS L'INSUFFISANCE CARDIAQUE
INT_00921,DALFOPRISTINE
INT_00922,DILTIAZEM
INT_00923,EFAVIRENZ
INT_00924,MACROLIDES (SAUF SPIRAMYCINE)
INT_00925,QUINUPRISTINE
INT_00926,STIRIPENTOL
INT_00927,TRICLABENDAZOLE
INT_00928,DANTROLENE
INT_00929,BÊTA-BLOQUANTS (SAUF ESMOLOL) (Y COMPRIS COLLYRES)
INT_00930,BÊTA-BLOQUANTS DANS L'INSUFFISANCE CARDIAQUE
INT_00931,DANTROLENE
INT_00932,DIHYDROERGOTAMINE
INT_00933,ERGOTAMINE
INT_00934,IVABRADINE
INT_00935,LOMITAPIDE
INT_00936,NIFEDIPINE
INT_00937,PIMOZIDE
INT_00938,AMIODARONE
INT_00939,BÊTA-BLOQUANTS (SAUF ESMOLOL) (Y COMPRIS COLLYRES)
INT_00940,BÊTA-BLOQUANTS DANS L'INSUFFISANCE CARDIAQUE
INT_00941,ESMOLOL
INT_00942,IBRUTINIB
INT_00943,OLAPARIB
INT_00944,ALFENTANIL
INT_00945,ATORVASTATINE
INT_00946,BUSPIRONE
INT_00947,DRONEDARONE
INT_00948,IMMUNOSUPPRESSEURS
INT_00949,MIDAZOLAM
INT_00950,NALOXEGOL
INT_00951,SIMVASTATINE
INT_00952,TAMSULOSINE
INT_00953,TOLVAPTAN
INT_00954,VÉNÉTOCLAX
INT_00955,ANTIHYPERTENSEURS CENTRAUX
INT_00956,TICAGRELOR
INT_00957,VACCINS VIVANTS ATTÉNUÉS
INT_00958,PROBENECIDE
INT_00959,CAFEINE
INT_00960,THÉINE
INT_00961,"THÉOPHYLLINE (ET, PAR EXTRAPOLATION, AMINOPHYLLINE)"
INT_00962,BÊTA-BLOQUANTS (SAUF ESMOLOL) (Y COMPRIS COLLYRES)
INT_00963,OMBITASVIR + PARITAPRÉVIR
INT_00964,INDUCTEURS ENZYMATIQUES
INT_00965,INHIBITEURS PUISSANTS DU CYP3A4
INT_00966,JOSAMYCINE
INT_00967,ISONIAZIDE
INT_00968,METRONIDAZOLE
INT_00969,"PHÉNYTOÏNE (ET, PAR EXTRAPOLATION, FOSPHÉNYTOÏNE)"
INT_00970,ANTIVITAMINES K
INT_00971,COCAINE
INT_00972,ACIDE ACETYLSALICYLIQUE
INT_00973,ANTI-INFLAMMATOIRES NON STÉROÏDIENS
INT_00974,PRODUITS DE CONTRASTE IODÉS
INT_00975,AUTRES DIURÉTIQUES ÉPARGNEURS DE POTASSIUM (SEULS OU
INT_00976,ANTAGONISTES DES RÉCEPTEURS DE L'ANGIOTENSINE II
INT_00977,CICLOSPORINE
INT_00978,INHIBITEURS DE L'ENZYME DE CONVERSION
INT_00979,LITHIUM
INT_00980,POTASSIUM
INT_00981,TACROLIMUS
INT_00982,AMINOSIDES
INT_00983,DIURÉTIQUES HYPOKALIÉMIANTS
INT_00984,LITHIUM
INT_00985,METFORMINE
INT_00986,ORGANOPLATINES
INT_00987,ANTAGONISTES DES RÉCEPTEURS DE L'ANGIOTENSINE II
INT_00988,CARBAMAZEPINE
INT_00989,DIURÉTIQUES ÉPARGNEURS DE POTASSIUM (SEULS OU ASSOCIÉS)
INT_00990,INHIBITEURS DE L'ENZYME DE CONVERSION
INT_00991,CICLOSPORINE
INT_00992,LITHIUM
INT_00993,CALCIUM
INT_00994,MILLEPERTUIS
INT_00995,APALUTAMIDE
INT_00996,INDUCTEURS ENZYMATIQUES
INT_00997,AMIODARONE
INT_00998,DRONEDARONE
INT_00999,INHIBITEURS PUISSANTS DU CYP3A4
INT_01000,INDUCTEURS ENZYMATIQUES
INT_01001,MILLEPERTUIS
INT_01002,METFORMINE
INT_01003,FLUCONAZOLE
INT_01004,INHIBITEURS PUISSANTS DU CYP3A4
INT_01005,NEUROLEPTIQUES ANTIÉMÉTIQUES
INT_01006,TETRABENAZINE
INT_01007,NEUROLEPTIQUES ANTIPSYCHOTIQUES (SAUF CLOZAPINE)
INT_01008,VERAPAMIL
INT_01009,INDUCTEURS ENZYMATIQUES PUISSANTS
INT_01010,RIFAMPICINE
INT_01011,DABIGATRAN
INT_01012,INHIBITEURS PUISSANTS DU CYP3A4
INT_01013,DIGOXINE
INT_01014,FIDAXOMICINE
INT_01015,IBRUTINIB
INT_01016,IMMUNOSUPPRESSEURS
INT_01017,INDUCTEURS ENZYMATIQUES PUISSANTS
INT_01018,MILLEPERTUIS
INT_01019,PAMPLEMOUSSE (JUS ET FRUIT)
INT_01020,RIFAMPICINE
INT_01021,SIMVASTATINE
INT_01022,DILTIAZEM
INT_01023,DOCETAXEL
INT_01024,QUINIDINE
INT_01025,TALAZOPARIB
INT_01026,VERAPAMIL
INT_01027,ÉDOXABAN
INT_01028,ENOXACINE
INT_01029,FLUVOXAMINE
INT_01030,TETRABENAZINE
INT_01031,CODEINE
INT_01032,MEQUITAZINE
INT_01033,TAMOXIFENE
INT_01034,TRAMADOL
INT_01035,METOPROLOL
INT_01036,PROPAFENONE
INT_01037,THROMBOLYTIQUES
INT_01038,ANTIAGRÉGANTS PLAQUETTAIRES
INT_01039,ANTICOAGULANTS ORAUX
INT_01040,HÉPARINES
INT_01041,COBIMÉTINIB
INT_01042,DEFERASIROX
INT_01043,ACIDE ASCORBIQUE
INT_01044,DEFERASIROX
INT_01045,ACIDE ASCORBIQUE
INT_01046,INDUCTEURS ENZYMATIQUES PUISSANTS
INT_01047,RIFAMPICINE
INT_01048,SUBSTANCES SUSCEPTIBLES DE DONNER DES TORSADES DE POINTES
INT_01049,INHIBITEURS PUISSANTS DU CYP3A4
INT_01050,ANTIPURINES
INT_01051,INHIBITEURS DE LA PHOSPHODIESTERASE DE TYPE 5
INT_01052,RIOCIGUAT
INT_01053,ANTIVITAMINES K
INT_01054,DIHYDROERGOTAMINE
INT_01055,ERGOTAMINE
INT_01056,MILLEPERTUIS
INT_01057,PIMOZIDE
INT_01058,ATAZANAVIR
INT_01059,ATOVAQUONE
INT_01060,GINKGO
INT_01061,LÉNACAPAVIR
INT_01062,VELPATASVIR
INT_01063,VORICONAZOLE
INT_01064,ANTIVITAMINES K
INT_01065,FOSAMPRENAVIR
INT_01066,HORMONES THYROÏDIENNES
INT_01067,RIFABUTINE
INT_01068,RIFAMPICINE
INT_01069,OZANIMOD
INT_01070,INHIBITEURS DE L'HMG-COA RÉDUCTASE (STATINES)
INT_01071,ESTROPROGESTATIFS CONTRACEPTIFS
INT_01072,ITRACONAZOLE
INT_01073,KETOCONAZOLE
INT_01074,RIFABUTINE
INT_01075,DULOXETINE
INT_01076,"THÉOPHYLLINE (ET, PAR EXTRAPOLATION, AMINOPHYLLINE)"
INT_01077,CAFEINE
INT_01078,ROPINIROLE
INT_01079,FER
INT_01080,GEMFIBROZIL
INT_01081,INHIBITEURS PUISSANTS DU CYP3A4
INT_01082,ANTAGONISTES DES RÉCEPTEURS DE L'ANGIOTENSINE II
INT_01083,INHIBITEURS DE L'ENZYME DE CONVERSION
INT_01084,DALFOPRISTINE
INT_01085,DILTIAZEM
INT_01086,EFAVIRENZ
INT_01087,MACROLIDES (SAUF SPIRAMYCINE)
INT_01088,QUINUPRISTINE
INT_01089,STIRIPENTOL
INT_01090,TRICLABENDAZOLE
INT_01091,OXPRENOLOL
INT_01092,PROPRANOLOL
INT_01093,BUSPIRONE
INT_01094,CARBAMAZEPINE
INT_01095,FIDAXOMICINE
INT_01096,IMMUNOSUPPRESSEURS
INT_01097,"THÉOPHYLLINE (ET, PAR EXTRAPOLATION, AMINOPHYLLINE)"
INT_01098,AFATINIB
INT_01099,ALFENTANIL
INT_01100,ATORVASTATINE
INT_01101,GLIBENCLAMIDE
INT_01102,GLIMEPIRIDE
INT_01103,NINTÉDANIB
INT_01104,PRAVASTATINE
INT_01105,TALAZOPARIB
INT_01106,VERAPAMIL
INT_01107,ÉDOXABAN
INT_01108,VENLAFAXINE
INT_01109,ESOMEPRAZOLE
INT_01110,OMEPRAZOLE
INT_01111,DILTIAZEM
INT_01112,VERAPAMIL
INT_01113,AMIODARONE
INT_01114,ANTIARYTHMIQUES CLASSE IA
INT_01115,PROPAFENONE
INT_01116,ESCITALOPRAM
INT_01117,INHIBITEURS DE L'ENZYME DE CONVERSION
INT_01118,ACIDE CLODRONIQUE
INT_01119,CALCIUM
INT_01120,HORMONES THYROÏDIENNES
INT_01121,INDUCTEURS ENZYMATIQUES PUISSANTS
INT_01122,OXCARBAZEPINE
INT_01123,MILLEPERTUIS
INT_01124,INDUCTEURS ENZYMATIQUES
INT_01125,INHIBITEURS DE PROTÉASES BOOSTÉS PAR RITONAVIR
INT_01126,LAMOTRIGINE
INT_01127,MODAFINIL
INT_01128,TOPIRAMATE
INT_01129,VÉMURAFÉNIB
INT_01130,APREPITANT
INT_01131,BOSENTAN
INT_01132,ELVITÉGRAVIR
INT_01133,FELBAMATE
INT_01134,GRISEOFULVINE
INT_01135,RUFINAMIDE
INT_01136,INHIBITEURS PUISSANTS DU CYP3A4
INT_01137,RIFAMPICINE
INT_01138,ANAKINRA
INT_01139,DASABUVIR
INT_01140,GLÉCAPRÉVIR + PIBRENTASVIR
INT_01141,OMBITASVIR + PARITAPRÉVIR
INT_01142,CARBAMAZEPINE
INT_01143,MILLEPERTUIS
INT_01144,INDUCTEURS ENZYMATIQUES
INT_01145,GRAZOPREVIR + ELBASVIR
INT_01146,ATAZANAVIR
INT_01147,COBICISTAT
INT_01148,DARUNAVIR
INT_01149,CLARITHROMYCINE
INT_01150,OMBITASVIR + PARITAPRÉVIR
INT_01151,CICLOSPORINE
INT_01152,VERAPAMIL
INT_01153,RIFAMPICINE
INT_01154,CICLOSPORINE
INT_01155,FENOFIBRATE
INT_01156,CARBAMAZEPINE
INT_01157,ESTROPROGESTATIFS CONTRACEPTIFS
INT_01158,"PHÉNOBARBITAL (ET, PAR EXTRAPOLATION, PRIMIDONE)"
INT_01159,"PHÉNYTOÏNE (ET, PAR EXTRAPOLATION, FOSPHÉNYTOÏNE)"
INT_01160,"VALPROÏQUE (ACIDE) ET, PAR EXTRAPOLATION, VALPROMIDE"
INT_01161,EZETIMIBE
INT_01162,CICLOSPORINE
INT_01163,INDUCTEURS ENZYMATIQUES PUISSANTS
INT_01164,RIFAMPICINE
INT_01165,INHIBITEURS PUISSANTS DU CYP3A4
INT_01166,SELS DE FER PAR VOIE INJECTABLE
INT_01167,BICTÉGRAVIR
INT_01168,BISPHOSPHONATES
INT_01169,CALCIUM
INT_01170,CYCLINES
INT_01171,ENTACAPONE
INT_01172,FLUOROQUINOLONES
INT_01173,HORMONES THYROÏDIENNES
INT_01174,INHIBITEURS D'INTÉGRASE
INT_01175,LEVODOPA
INT_01176,METHYLDOPA
INT_01177,PENICILLAMINE
INT_01178,ROXADUSTAT
INT_01179,STRONTIUM
INT_01180,TRIENTINE
INT_01181,ZINC
INT_01182,ACIDE ACETOHYDROXAMIQUE
INT_01183,MILLEPERTUIS
INT_01184,FIBRATES (AUTRES)
INT_01185,INHIBITEURS DE L'HMG-COA RÉDUCTASE (STATINES)
INT_01186,ANTIVITAMINES K
INT_01187,COLCHICINE
INT_01188,AMIODARONE
INT_01189,CICLOSPORINE
INT_01190,CLARITHROMYCINE
INT_01191,DRONEDARONE
INT_01192,ERYTHROMYCINE
INT_01193,KETOCONAZOLE
INT_01194,VERAPAMIL
INT_01195,BRADYCARDISANTS
INT_01196,PARACETAMOL
INT_01197,VORICONAZOLE
INT_01198,DOMPERIDONE
INT_01199,PIMOZIDE
INT_01200,APIXABAN
INT_01201,COLCHICINE
INT_01202,HALOFANTRINE
INT_01203,IBRUTINIB
INT_01204,OLAPARIB
INT_01205,OXYCODONE
INT_01206,RIFAMPICINE
INT_01207,RIVAROXABAN
INT_01208,ABROCITINIB
INT_01209,ALFENTANIL
INT_01210,AMIODARONE
INT_01211,ANTIVITAMINES K
INT_01212,ATORVASTATINE
INT_01213,CARBAMAZEPINE
INT_01214,IMMUNOSUPPRESSEURS
INT_01215,IVACAFTOR (SEUL OU ASSOCIÉ)
INT_01216,MIDAZOLAM
INT_01217,NEVIRAPINE
INT_01218,"PHÉNYTOÏNE (ET, PAR EXTRAPOLATION, FOSPHÉNYTOÏNE)"
INT_01219,RIFABUTINE
INT_01220,SIMVASTATINE
INT_01221,SULFAMIDES HYPOGLYCÉMIANTS
INT_01222,"THÉOPHYLLINE (ET, PAR EXTRAPOLATION, AMINOPHYLLINE)"
INT_01223,TOLVAPTAN
INT_01224,VINCA-ALCALOÏDES CYTOTOXIQUES
INT_01225,LOSARTAN
INT_01226,ZIDOVUDINE
INT_01227,CYTOTOXIQUES
INT_01228,GANCICLOVIR
INT_01229,IMMUNOSUPPRESSEURS
INT_01230,VALGANCICLOVIR
INT_01231,PENTOSTATINE
INT_01232,ANTIVITAMINES K
INT_01233,FER
INT_01234,STRONTIUM
INT_01235,SUCRALFATE
INT_01236,ZINC
INT_01237,GLUCOCORTICOÏDES (SAUF HYDROCORTISONE)
INT_01238,MYCOPHENOLATE MOFETIL
INT_01239,ANTIVITAMINES K
INT_01240,ACIDE FOLINIQUE
INT_01241,INTERFERON ALFA
INT_01242,METRONIDAZOLE
INT_01243,ORNIDAZOLE
INT_01244,PIMOZIDE
INT_01245,TETRABENAZINE
INT_01246,CODEINE
INT_01247,MEQUITAZINE
INT_01248,TAMOXIFENE
INT_01249,TRAMADOL
INT_01250,CARBAMAZEPINE
INT_01251,METOPROLOL
INT_01252,NEBIVOLOL
INT_01253,"PHÉNYTOÏNE (ET, PAR EXTRAPOLATION, FOSPHÉNYTOÏNE)"
INT_01254,RISPERIDONE
INT_01255,CICLOSPORINE
INT_01256,AGOMELATINE
INT_01257,DULOXETINE
INT_01258,PIRFENIDONE
INT_01259,ABROCITINIB
INT_01260,CARBAMAZEPINE
INT_01261,CLOZAPINE
INT_01262,LIDOCAINE
INT_01263,METHADONE
INT_01264,MEXILETINE
INT_01265,OLANZAPINE
INT_01266,"PHÉNYTOÏNE (ET, PAR EXTRAPOLATION, FOSPHÉNYTOÏNE)"
INT_01267,PROPRANOLOL
INT_01268,ROPINIROLE
INT_01269,"THÉOPHYLLINE (ET, PAR EXTRAPOLATION, AMINOPHYLLINE)"
INT_01270,"PHÉNOBARBITAL (ET, PAR EXTRAPOLATION, PRIMIDONE)"
INT_01271,"PHÉNYTOÏNE (ET, PAR EXTRAPOLATION, FOSPHÉNYTOÏNE)"
INT_01272,MARAVIROC
INT_01273,EFAVIRENZ
INT_01274,NEVIRAPINE
INT_01275,PENTAMIDINE
INT_01276,ROSUVASTATINE
INT_01277,INDUCTEURS ENZYMATIQUES
INT_01278,MILLEPERTUIS
INT_01279,MITOTANE
INT_01280,ROSUVASTATINE
INT_01281,DACARBAZINE
INT_01282,"PHÉNYTOÏNE (ET, PAR EXTRAPOLATION, FOSPHÉNYTOÏNE)"
INT_01283,MARIBAVIR
INT_01284,DIDANOSINE
INT_01285,ZIDOVUDINE
INT_01286,FLUCYTOSINE
INT_01287,DASABUVIR
INT_01288,REPAGLINIDE
INT_01289,SELEXIPAG
INT_01290,TUCATINIB
INT_01291,ENZALUTAMIDE
INT_01292,PACLITAXEL
INT_01293,ROXADUSTAT
INT_01294,OZANIMOD
INT_01295,MILLEPERTUIS
INT_01296,EFAVIRENZ
INT_01297,THEOPHYLLINE
INT_01298,INDUCTEURS ENZYMATIQUES
INT_01299,INHIBITEURS PUISSANTS DU CYP3A4
INT_01300,SUBSTANCES SUSCEPTIBLES DE DONNER DES TORSADES DE POINTES
INT_01301,BOSENTAN
INT_01302,ERYTHROMYCINE
INT_01303,ERYTHROMYCINE
INT_01304,BÊTA-BLOQUANTS (SAUF ESMOLOL) (Y COMPRIS COLLYRES)
INT_01305,BÊTA-BLOQUANTS DANS L'INSUFFISANCE CARDIAQUE
INT_01306,VORICONAZOLE
INT_01307,BÊTA-BLOQUANTS (SAUF ESMOLOL) (Y COMPRIS COLLYRES)
INT_01308,INHIBITEURS DE L'HMG-COA RÉDUCTASE (STATINES)
INT_01309,INHIBITEURS DE L'ENZYME DE CONVERSION
INT_01310,IMMUNOSUPPRESSEURS
INT_01311,VACCINS VIVANTS ATTÉNUÉS
INT_01312,VACCINS VIVANTS ATTÉNUÉS
INT_01313,ACIDE ACETYLSALICYLIQUE
INT_01314,ANTICOAGULANTS ORAUX
INT_01315,COBICISTAT
INT_01316,COBIMÉTINIB
INT_01317,INDUCTEURS ENZYMATIQUES
INT_01318,ISONIAZIDE
INT_01319,RITONAVIR
INT_01320,ANTI-INFLAMMATOIRES NON STÉROÏDIENS
INT_01321,CURARES NON DÉPOLARISANTS
INT_01322,FLUOROQUINOLONES
INT_01323,HÉPARINES
INT_01324,ANTIVITAMINES K
INT_01325,LITHIUM
INT_01326,ATAZANAVIR
INT_01327,ATORVASTATINE
INT_01328,DABIGATRAN
INT_01329,ETHINYLESTRADIOL
INT_01330,MILLEPERTUIS
INT_01331,SIMVASTATINE
INT_01332,DIGOXINE
INT_01333,CICLOSPORINE
INT_01334,ETRAVIRINE
INT_01335,INDUCTEURS ENZYMATIQUES
INT_01336,INHIBITEURS PUISSANTS DU CYP3A4
INT_01337,SUNITINIB
INT_01338,INHIBITEURS DE L'HMG-COA RÉDUCTASE (STATINES)
INT_01339,TACROLIMUS
INT_01340,ESTROPROGESTATIFS CONTRACEPTIFS
INT_01341,PROGESTATIFS CONTRACEPTIFS
INT_01342,IMAO IRRÉVERSIBLES
INT_01343,FLUCONAZOLE
INT_01344,INHIBITEURS PUISSANTS DU CYP3A4
INT_01345,JOSAMYCINE
INT_01346,PAMPLEMOUSSE (JUS ET FRUIT)
INT_01347,STIRIPENTOL
INT_01348,INDUCTEURS ENZYMATIQUES PUISSANTS
INT_01349,RIFAMPICINE
INT_01350,BÊTA-2 MIMÉTIQUES
INT_01351,"THÉOPHYLLINE (ET, PAR EXTRAPOLATION, AMINOPHYLLINE)"
INT_01352,MILLEPERTUIS
INT_01353,ANTISÉCRÉTOIRES INHIBITEURS DE LA POMPE À PROTONS
INT_01354,CALCIUM
INT_01355,CHLOROQUINE
INT_01356,EFAVIRENZ
INT_01357,ESTROGÈNES NON CONTRACEPTIFS
INT_01358,FER
INT_01359,INDUCTEURS ENZYMATIQUES PUISSANTS
INT_01360,INHIBITEURS DE PROTÉASES BOOSTÉS PAR RITONAVIR
INT_01361,PROGUANIL
INT_01362,RIFABUTINE
INT_01363,RIFAMPICINE
INT_01364,RÉSINES CHÉLATRICES
INT_01365,SELPERCATINIB
INT_01366,SUCRALFATE
INT_01367,ORLISTAT
INT_01368,PRÉSERVATIFS EN LATEX
INT_01369,INDUCTEURS ENZYMATIQUES
INT_01370,ALCALINISANTS URINAIRES
INT_01371,DIGOXINE
INT_01372,ITRACONAZOLE
INT_01373,VACCINS VIVANTS ATTÉNUÉS
INT_01374,SUBSTANCES SUSCEPTIBLES DE DONNER DES TORSADES DE POINTES
INT_01375,AUTRES HYPERKALIÉMIANTS
INT_01376,AUTRES HYPNOTIQUES
INT_01377,AUTRES HYPOKALIÉMIANTS
INT_01378,DIGOXINE
INT_01379,SUBSTANCES SUSCEPTIBLES DE DONNER DES TORSADES DE POINTES
INT_01380,AUTRES MÉDICAMENTS HYPONATRÉMIANTS
INT_01381,ANTICOAGULANTS ORAUX
INT_01382,DÉFIBROTIDE
INT_01383,COBIMÉTINIB
INT_01384,ANTIAGRÉGANTS PLAQUETTAIRES
INT_01385,GLUCOCORTICOÏDES (SAUF HYDROCORTISONE)
INT_01386,ACIDE ACETYLSALICYLIQUE
INT_01387,ANTI-INFLAMMATOIRES NON STÉROÏDIENS
INT_01388,DEXTRAN
INT_01389,THROMBOLYTIQUES
INT_01390,ACIDE ACETYLSALICYLIQUE
INT_01391,ANTI-INFLAMMATOIRES NON STÉROÏDIENS
INT_01392,AMIODARONE
INT_01393,ANTICOAGULANTS ORAUX
INT_01394,CRIZOTINIB
INT_01395,DILTIAZEM
INT_01396,DRONEDARONE
INT_01397,FLUCONAZOLE
INT_01398,IMATINIB
INT_01399,VERAPAMIL
INT_01400,ANTIAGRÉGANTS PLAQUETTAIRES
INT_01401,INDUCTEURS ENZYMATIQUES PUISSANTS
INT_01402,MILLEPERTUIS
INT_01403,RIFAMPICINE
INT_01404,SUBSTRATS À RISQUE DU CYP3A4
INT_01405,ANTAGONISTES DES CANAUX CALCIQUES
INT_01406,INHIBITEURS PUISSANTS DU CYP3A4
INT_01407,"PHÉNOBARBITAL (ET, PAR EXTRAPOLATION, PRIMIDONE)"
INT_01408,APREPITANT
INT_01409,VÉMURAFÉNIB
INT_01410,DEXTROMETHORPHANE
INT_01411,GUANETHIDINE
INT_01412,IMAO-B
INT_01413,INHIBITEURS DE LA CATÉCHOL-O-MÉTHYLTRANSFÉRASE (COMT)
INT_01414,INHIBITEURS SÉLECTIFS DE LA RECAPTURE DE LA SÉROTONINE
INT_01415,MIDODRINE
INT_01416,MÉDICAMENTS MIXTES ADRÉNERGIQUES-SÉROTONINERGIQUES
INT_01417,PETHIDINE
INT_01418,RESERPINE
INT_01419,SYMPATHOMIMÉTIQUES INDIRECTS
INT_01420,TETRABENAZINE
INT_01421,TRAMADOL
INT_01422,TRIPTANS MÉTABOLISÉS PAR LA MAO
INT_01423,ALCOOL (BOISSON OU EXCIPIENT)
INT_01424,DEXTROMETHORPHANE
INT_01425,INHIBITEURS SÉLECTIFS DE LA RECAPTURE DE LA SÉROTONINE
INT_01426,MÉDICAMENTS MIXTES ADRÉNERGIQUES-SÉROTONINERGIQUES
INT_01427,SYMPATHOMIMÉTIQUES ALPHA (VOIES ORALE ET/OU NASALE)
INT_01428,TIANEPTINE
INT_01429,TRAMADOL
INT_01430,TRIPTANS NON MÉTABOLISÉS PAR LA MAO
INT_01431,ADRÉNALINE (VOIE BUCCO-DENTAIRE OU SOUS-CUTANÉE)
INT_01432,MILLEPERTUIS
INT_01433,SYMPATHOMIMÉTIQUES ALPHA ET BÊTA (VOIE IM ET IV)
INT_01434,BUPROPION
INT_01435,"IMAO-A RÉVERSIBLES, Y COMPRIS OXAZOLIDINONES ET BLEU DE"
INT_01436,PETHIDINE
INT_01437,TRIPTANS MÉTABOLISÉS PAR LA MAO
INT_01438,TRIPTANS NON MÉTABOLISÉS PAR LA MAO
INT_01439,INHIBITEURS SÉLECTIFS DE LA RECAPTURE DE LA SÉROTONINE
INT_01440,LEVODOPA
INT_01441,TRAMADOL
INT_01442,ANTICOAGULANTS ORAUX
INT_01443,IBRUTINIB
INT_01444,TÉDIZOLIDE
INT_01445,MILLEPERTUIS
INT_01446,STIRIPENTOL
INT_01447,VACCINS VIVANTS ATTÉNUÉS
INT_01448,APALUTAMIDE
INT_01449,CLARITHROMYCINE
INT_01450,DRONEDARONE
INT_01451,ERYTHROMYCINE
INT_01452,INHIBITEURS DE PROTÉASES BOOSTÉS PAR RITONAVIR
INT_01453,ITRACONAZOLE
INT_01454,KETOCONAZOLE
INT_01455,PAMPLEMOUSSE (JUS ET FRUIT)
INT_01456,POSACONAZOLE
INT_01457,TELITHROMYCINE
INT_01458,VORICONAZOLE
INT_01459,VÉMURAFÉNIB
INT_01460,DALFOPRISTINE
INT_01461,DILTIAZEM
INT_01462,FLUCONAZOLE
INT_01463,INDUCTEURS ENZYMATIQUES
INT_01464,LÉTERMOVIR
INT_01465,MARIBAVIR
INT_01466,NICARDIPINE
INT_01467,PRISTINAMYCINE
INT_01468,QUINUPRISTINE
INT_01469,RANOLAZINE
INT_01470,CYTOTOXIQUES
INT_01471,FLUCYTOSINE
INT_01472,GLOBULINES ANTILYMPHOCYTAIRES
INT_01473,BICTÉGRAVIR
INT_01474,CABOTEGRAVIR
INT_01475,DASABUVIR
INT_01476,FOSTEMSAVIR
INT_01477,GRAZOPREVIR + ELBASVIR
INT_01478,ISAVUCONAZOLE
INT_01479,LURASIDONE
INT_01480,MIDOSTAURINE
INT_01481,OMBITASVIR + PARITAPRÉVIR
INT_01482,RILPIVIRINE
INT_01483,SOFOSBUVIR
INT_01484,APRÉMILAST
INT_01485,BÉDAQUILINE
INT_01486,CYCLOPHOSPHAMIDE
INT_01487,CYPROTERONE
INT_01488,DOCETAXEL
INT_01489,DOLUTÉGRAVIR
INT_01490,ESTROPROGESTATIFS CONTRACEPTIFS
INT_01491,ETOPOSIDE
INT_01492,GLASDÉGIB
INT_01493,IRINOTECAN
INT_01494,ITRACONAZOLE
INT_01495,IVACAFTOR (SEUL OU ASSOCIÉ)
INT_01496,MACITENTAN
INT_01497,MARIBAVIR
INT_01498,MIANSERINE
INT_01499,NALOXEGOL
INT_01500,NÉTUPITANT
INT_01501,OLAPARIB
INT_01502,OXYCODONE
INT_01503,PACLITAXEL
INT_01504,PROGESTATIFS CONTRACEPTIFS
INT_01505,ROLAPITANT
INT_01506,RÉGORAFÉNIB
INT_01507,SERTRALINE
INT_01508,TÉNOFOVIR ALAFÉNAMIDE
INT_01509,VINCA-ALCALOÏDES CYTOTOXIQUES
INT_01510,VISMODÉGIB
INT_01511,VÉMURAFÉNIB
INT_01512,VÉNÉTOCLAX
INT_01513,ANDROGÈNES
INT_01514,ARIPIPRAZOLE
INT_01515,BAZÉDOXIFÈNE
INT_01516,CASPOFUNGINE
INT_01517,DISOPYRAMIDE
INT_01518,GLUCOCORTICOÏDES (SAUF HYDROCORTISONE)
INT_01519,HYDROCORTISONE
INT_01520,IMMUNOSUPPRESSEURS
INT_01521,LEVONORGESTREL
INT_01522,MARAVIROC
INT_01523,METHADONE
INT_01524,"PROGESTATIFS NON CONTRACEPTIFS, ASSOCIÉS OU NON À UN ESTROGÈNE"
INT_01525,BORTEZOMIB
INT_01526,CABAZITAXEL
INT_01527,TAMOXIFENE
INT_01528,COBICISTAT
INT_01529,DÉLAMANID
INT_01530,LÉDIPASVIR
INT_01531,LÉNACAPAVIR
INT_01532,VELPATASVIR
INT_01533,VORICONAZOLE
INT_01534,ABIRATERONE
INT_01535,ANTAGONISTES DES CANAUX CALCIQUES
INT_01536,APIXABAN
INT_01537,APREPITANT
INT_01538,BOSENTAN
INT_01539,CANNABIDIOL
INT_01540,CLOZAPINE
INT_01541,DABIGATRAN
INT_01542,DAROLUTAMIDE
INT_01543,DRONEDARONE
INT_01544,FENTANYL
INT_01545,IDÉLALISIB
INT_01546,INHIBITEURS DE LA 5-ALPHA REDUCTASE
INT_01547,INHIBITEURS DE TYROSINE KINASES MÉTABOLISÉS
INT_01548,NIMODIPINE
INT_01549,OZANIMOD
INT_01550,PRAZIQUANTEL
INT_01551,QUETIAPINE
INT_01552,RANOLAZINE
INT_01553,RIVAROXABAN
INT_01554,SOTORASIB
INT_01555,TELITHROMYCINE
INT_01556,TICAGRELOR
INT_01557,ULIPRISTAL
INT_01558,VOXELOTOR
INT_01559,AFATINIB
INT_01560,ALBENDAZOLE
INT_01561,ANTIARYTHMIQUES CLASSE IA
INT_01562,ANTIVITAMINES K
INT_01563,DEFERASIROX
INT_01564,ESTROGÈNES NON CONTRACEPTIFS
INT_01565,HALOPERIDOL
INT_01566,HORMONES THYROÏDIENNES
INT_01567,INHIBITEURS DE PROTÉASES BOOSTÉS PAR RITONAVIR
INT_01568,IVABRADINE
INT_01569,METRONIDAZOLE
INT_01570,MINÉRALOCORTICOÏDES
INT_01571,MONTELUKAST
INT_01572,POSACONAZOLE
INT_01573,PROPAFENONE
INT_01574,QUININE
INT_01575,STIRIPENTOL
INT_01576,"THÉOPHYLLINE (ET, PAR EXTRAPOLATION, AMINOPHYLLINE)"
INT_01577,TIAGABINE
INT_01578,VITAMINE D
INT_01579,DOXYCYCLINE
INT_01580,MIDAZOLAM
INT_01581,PROCARBAZINE
INT_01582,PÉRAMPANEL
INT_01583,SACITUZUMAB
INT_01584,CALCIUM
INT_01585,FER
INT_01586,MAGNÉSIUM
INT_01587,ZINC
INT_01588,AUTRES MÉDICAMENTS AGISSANT SUR L'HÉMOSTASE
INT_01589,SACUBITRIL
INT_01590,DIURÉTIQUES ÉPARGNEURS DE POTASSIUM (SEULS OU ASSOCIÉS)
INT_01591,ESTRAMUSTINE
INT_01592,LITHIUM
INT_01593,POTASSIUM
INT_01594,ACIDE ACETYLSALICYLIQUE
INT_01595,ANTI-INFLAMMATOIRES NON STÉROÏDIENS
INT_01596,DIURÉTIQUES HYPOKALIÉMIANTS
INT_01597,EPLERENONE
INT_01598,INSULINE
INT_01599,SPIRONOLACTONE
INT_01600,SULFAMIDES HYPOGLYCÉMIANTS
INT_01601,ANTAGONISTES DES RÉCEPTEURS DE L'ANGIOTENSINE II
INT_01602,GLIPTINES
INT_01603,OR
INT_01604,SIROLIMUS
INT_01605,TEMSIROLIMUS
INT_01606,ACIDE FUSIDIQUE
INT_01607,FIBRATES
INT_01608,LÉDIPASVIR
INT_01609,DAPTOMYCINE
INT_01610,LÉTERMOVIR
INT_01611,ANTIVITAMINES K
INT_01612,COLCHICINE
INT_01613,ELTROMBOPAG
INT_01614,GLIPTINES
INT_01615,GRAZOPREVIR + ELBASVIR
INT_01616,LENALIDOMIDE
INT_01617,ROXADUSTAT
INT_01618,COBIMÉTINIB
INT_01619,IMAO IRRÉVERSIBLES
INT_01620,MILLEPERTUIS
INT_01621,INDUCTEURS ENZYMATIQUES PUISSANTS
INT_01622,RIFAMPICINE
INT_01623,DÉRIVÉS NITRÉS ET APPARENTÉS
INT_01624,INHIBITEURS PUISSANTS DU CYP3A4
INT_01625,RIOCIGUAT
INT_01626,ALPHABLOQUANTS À VISÉE UROLOGIQUE
INT_01627,ANTIHYPERTENSEURS ALPHA-BLOQUANTS
INT_01628,ANTIPURINES
INT_01629,"THÉOPHYLLINE (ET, PAR EXTRAPOLATION, AMINOPHYLLINE)"
INT_01630,MILLEPERTUIS
INT_01631,QUINIDINE
INT_01632,RIFAMPICINE
INT_01633,ATORVASTATINE
INT_01634,ATOVAQUONE
INT_01635,CYPROTERONE
INT_01636,ESTROPROGESTATIFS CONTRACEPTIFS
INT_01637,IMMUNOSUPPRESSEURS
INT_01638,LAMOTRIGINE
INT_01639,PROGESTATIFS CONTRACEPTIFS
INT_01640,ULIPRISTAL
INT_01641,VORICONAZOLE
INT_01642,AFATINIB
INT_01643,ALBENDAZOLE
INT_01644,ANTIVITAMINES K
INT_01645,CLARITHROMYCINE
INT_01646,DIGOXINE
INT_01647,HORMONES THYROÏDIENNES
INT_01648,INDUCTEURS ENZYMATIQUES PUISSANTS
INT_01649,ITRACONAZOLE
INT_01650,METHADONE
INT_01651,NINTÉDANIB
INT_01652,RIFABUTINE
INT_01653,ROSUVASTATINE
INT_01654,TALAZOPARIB
INT_01655,"THÉOPHYLLINE (ET, PAR EXTRAPOLATION, AMINOPHYLLINE)"
INT_01656,TÉNOFOVIR ALAFÉNAMIDE
INT_01657,BUPRENORPHINE
INT_01658,INHIBITEURS PUISSANTS DU CYP3A4
INT_01659,VENLAFAXINE
INT_01660,MILLEPERTUIS
INT_01661,INDUCTEURS ENZYMATIQUES PUISSANTS
INT_01662,INHIBITEURS PUISSANTS DU CYP3A4
INT_01663,RIFAMPICINE
INT_01664,ANTISÉCRÉTOIRES ANTIHISTAMINIQUES H2
INT_01665,ANTISÉCRÉTOIRES INHIBITEURS DE LA POMPE À PROTONS
INT_01666,ALCALOÏDES DE L'ERGOT DE SEIGLE VASOCONSTRICTEURS
INT_01667,ANTISPASMODIQUES URINAIRES
INT_01668,COLCHICINE
INT_01669,DAPOXÉTINE
INT_01670,DOMPERIDONE
INT_01671,DRONEDARONE
INT_01672,EPLERENONE
INT_01673,ESZOPICLONE
INT_01674,GRAZOPREVIR + ELBASVIR
INT_01675,INHIBITEURS DE LA PHOSPHODIESTERASE DE TYPE 5
INT_01676,ISAVUCONAZOLE
INT_01677,IVABRADINE
INT_01678,LOMITAPIDE
INT_01679,LURASIDONE
INT_01680,NALOXEGOL
INT_01681,OMBITASVIR + PARITAPRÉVIR
INT_01682,PIMOZIDE
INT_01683,QUETIAPINE
INT_01684,RANOLAZINE
INT_01685,SIMVASTATINE
INT_01686,TELITHROMYCINE
INT_01687,TICAGRELOR
INT_01688,VÉNÉTOCLAX
INT_01689,ÉLIGLUSTAT
INT_01690,ALFUZOSINE
INT_01691,ANTAGONISTES DES CANAUX CALCIQUES
INT_01692,APIXABAN
INT_01693,BÉDAQUILINE
INT_01694,"CORTICOÏDES MÉTABOLISÉS, NOTAMMENT INHALÉS"
INT_01695,DÉLAMANID
INT_01696,GLASDÉGIB
INT_01697,HALOFANTRINE
INT_01698,INHIBITEURS DE TYROSINE KINASES MÉTABOLISÉS
INT_01699,IRINOTECAN
INT_01700,LUMEFANTRINE
INT_01701,MIDAZOLAM
INT_01702,MIDOSTAURINE
INT_01703,OLAPARIB
INT_01704,OXYCODONE
INT_01705,QUININE
INT_01706,RIOCIGUAT
INT_01707,RIVAROXABAN
INT_01708,RÉGORAFÉNIB
INT_01709,SILODOSINE
INT_01710,TAMSULOSINE
INT_01711,TRASTUZUMAB EMTANSINE
INT_01712,VINCA-ALCALOÏDES CYTOTOXIQUES
INT_01713,ALFENTANIL
INT_01714,BORTEZOMIB
INT_01715,BOSENTAN
INT_01716,CABAZITAXEL
INT_01717,DISOPYRAMIDE
INT_01718,DOCETAXEL
INT_01719,FENTANYL
INT_01720,IVACAFTOR (SEUL OU ASSOCIÉ)
INT_01721,MARAVIROC
INT_01722,PANOBINOSTAT
INT_01723,SUFENTANIL
INT_01724,TOLVAPTAN
INT_01725,TRÉTINOÏNE
INT_01726,VERAPAMIL
INT_01727,ALPRAZOLAM
INT_01728,BRENTUXIMAB
INT_01729,COBICISTAT
INT_01730,IDÉLALISIB
INT_01731,INHIBITEURS DE PROTÉASES BOOSTÉS PAR RITONAVIR
INT_01732,SUBSTRATS À RISQUE DU CYP3A4
INT_01733,ZOLPIDEM
INT_01734,ZOPICLONE
INT_01735,IMAO IRRÉVERSIBLES
INT_01736,"IMAO-A RÉVERSIBLES, Y COMPRIS OXAZOLIDINONES ET BLEU DE"
INT_01737,ANTIDÉPRESSEURS IMIPRAMINIQUES
INT_01738,COBIMÉTINIB
INT_01739,LITHIUM
INT_01740,MILLEPERTUIS
INT_01741,ANTI-INFLAMMATOIRES NON STÉROÏDIENS
INT_01742,ANTIAGRÉGANTS PLAQUETTAIRES
INT_01743,ANTICOAGULANTS ORAUX
INT_01744,CYPROHEPTADINE
INT_01745,IMAO-B
INT_01746,ORLISTAT
INT_01747,TRAMADOL
INT_01748,TRIPTANS
INT_01749,ALCOOL (BOISSON OU EXCIPIENT)
INT_01750,DANAZOL
INT_01751,ANALOGUES DE LA SOMATOSTATINE
INT_01752,BÊTA-2 MIMÉTIQUES
INT_01753,BÊTA-BLOQUANTS (SAUF ESMOLOL) (Y COMPRIS COLLYRES)
INT_01754,BÊTA-BLOQUANTS DANS L'INSUFFISANCE CARDIAQUE
INT_01755,CHLORPROMAZINE
INT_01756,INHIBITEURS DE L'ENZYME DE CONVERSION
INT_01757,"FLUOROURACILE (ET, PAR EXTRAPOLATION, AUTRES FLUOROPYRIMIDINES)"
INT_01758,ANTICOAGULANTS ORAUX
INT_01759,MILLEPERTUIS
INT_01760,INDUCTEURS ENZYMATIQUES
INT_01761,INHIBITEURS PUISSANTS DU CYP3A4
INT_01762,INDUCTEURS ENZYMATIQUES
INT_01763,INHIBITEURS PUISSANTS DU CYP3A4
INT_01764,MILLEPERTUIS
INT_01765,CARBAMAZEPINE
INT_01766,DISULFIRAME
INT_01767,ANESTHÉSIQUES VOLATILS HALOGÉNÉS
INT_01768,GLUCOCORTICOÏDES (SAUF HYDROCORTISONE)
INT_01769,KETOCONAZOLE
INT_01770,"PHÉNYTOÏNE (ET, PAR EXTRAPOLATION, FOSPHÉNYTOÏNE)"
INT_01771,PYRAZINAMIDE
INT_01772,RIFAMPICINE
INT_01773,STAVUDINE
INT_01774,ANESTHÉSIQUES VOLATILS HALOGÉNÉS
INT_01775,ATORVASTATINE
INT_01776,DABIGATRAN
INT_01777,MILLEPERTUIS
INT_01778,BUSPIRONE
INT_01779,BUSULFAN
INT_01780,IMMUNOSUPPRESSEURS
INT_01781,INDUCTEURS ENZYMATIQUES
INT_01782,TRABECTÉDINE
INT_01783,AFATINIB
INT_01784,BUPRENORPHINE
INT_01785,DIGOXINE
INT_01786,ELVITÉGRAVIR
INT_01787,HYDROQUINIDINE
INT_01788,INHIBITEURS DE PROTÉASES BOOSTÉS PAR RITONAVIR
INT_01789,NINTÉDANIB
INT_01790,QUINIDINE
INT_01791,TALAZOPARIB
INT_01792,TÉNOFOVIR ALAFÉNAMIDE
INT_01793,ÉDOXABAN
INT_01794,ANTISÉCRÉTOIRES ANTIHISTAMINIQUES H2
INT_01795,ANTISÉCRÉTOIRES INHIBITEURS DE LA POMPE À PROTONS
INT_01796,APREPITANT
INT_01797,SALMETEROL
INT_01798,VENLAFAXINE
INT_01799,DILTIAZEM
INT_01800,INHIBITEURS PUISSANTS DU CYP3A4
INT_01801,JOSAMYCINE
INT_01802,VERAPAMIL
INT_01803,MILLEPERTUIS
INT_01804,PAMPLEMOUSSE (JUS ET FRUIT)
INT_01805,AZITHROMYCINE
INT_01806,INDUCTEURS ENZYMATIQUES PUISSANTS
INT_01807,RIFAMPICINE
INT_01808,INDUCTEURS ENZYMATIQUES
INT_01809,PAMPLEMOUSSE (JUS ET FRUIT)
INT_01810,FLUCONAZOLE
INT_01811,INHIBITEURS PUISSANTS DU CYP3A4
INT_01812,IVABRADINE
INT_01813,PIMOZIDE
INT_01814,HALOFANTRINE
INT_01815,TACROLIMUS
INT_01816,CARBAMAZEPINE
INT_01817,CICLOSPORINE
INT_01818,DISOPYRAMIDE
INT_01819,SILDENAFIL
INT_01820,"THÉOPHYLLINE (ET, PAR EXTRAPOLATION, AMINOPHYLLINE)"
INT_01821,TICLOPIDINE
INT_01822,ATORVASTATINE
INT_01823,DABIGATRAN
INT_01824,NEVIRAPINE
INT_01825,FIDAXOMICINE
INT_01826,IMMUNOSUPPRESSEURS
INT_01827,LERCANIDIPINE
INT_01828,RIFAMPICINE
INT_01829,AFATINIB
INT_01830,BUPRENORPHINE
INT_01831,ELVITÉGRAVIR
INT_01832,ISONIAZIDE
INT_01833,NINTÉDANIB
INT_01834,TÉNOFOVIR ALAFÉNAMIDE
INT_01835,ANTISÉCRÉTOIRES ANTIHISTAMINIQUES H2
INT_01836,ANTISÉCRÉTOIRES INHIBITEURS DE LA POMPE À PROTONS
INT_01837,SALMETEROL
INT_01838,VENLAFAXINE
INT_01839,CLADRIBINE
INT_01840,SORBITOL
INT_01841,ESTROPROGESTATIFS CONTRACEPTIFS
INT_01842,INHIBITEURS DE PROTÉASES BOOSTÉS PAR RITONAVIR
INT_01843,"VALPROÏQUE (ACIDE) ET, PAR EXTRAPOLATION, VALPROMIDE"
INT_01844,CARBAMAZEPINE
INT_01845,OXCARBAZEPINE
INT_01846,TACROLIMUS
INT_01847,TÉDIZOLIDE
INT_01848,MÉDICAMENTS ADMINISTRÉS PAR VOIE ORALE
INT_01849,INHIBITEURS DE L'HMG-COA RÉDUCTASE (STATINES)
INT_01850,KETOCONAZOLE
INT_01851,CICLOSPORINE
INT_01852,PAMPLEMOUSSE (JUS ET FRUIT)
INT_01853,ANTIVITAMINES K
INT_01854,NEUROLEPTIQUES ANTIÉMÉTIQUES
INT_01855,RESERPINE
INT_01856,NEUROLEPTIQUES ANTIPSYCHOTIQUES (SAUF CLOZAPINE)
INT_01857,TETRABENAZINE
INT_01858,FER
INT_01859,METHYLDOPA
INT_01860,SPIRAMYCINE
INT_01861,BACLOFENE
INT_01862,IMAO-B
INT_01863,SUBSTANCES SUSCEPTIBLES DE DONNER DES TORSADES DE POINTES
INT_01864,INDUCTEURS ENZYMATIQUES
INT_01865,AMIODARONE
INT_01866,BÊTA-BLOQUANTS (SAUF ESMOLOL) (Y COMPRIS COLLYRES)
INT_01867,CIMETIDINE
INT_01868,FLUVOXAMINE
INT_01869,BÊTA-BLOQUANTS DANS L'INSUFFISANCE CARDIAQUE
INT_01870,CURARES
INT_01871,RIFAMPICINE
INT_01872,CLARITHROMYCINE
INT_01873,ANTAGONISTES DES RÉCEPTEURS DE L'ANGIOTENSINE II
INT_01874,ANTI-INFLAMMATOIRES NON STÉROÏDIENS
INT_01875,CARBAMAZEPINE
INT_01876,DIURÉTIQUES DE L'ANSE
INT_01877,DIURÉTIQUES THIAZIDIQUES ET APPARENTÉS
INT_01878,INHIBITEURS DE L'ENZYME DE CONVERSION
INT_01879,ACETAZOLAMIDE
INT_01880,CALCITONINE
INT_01881,DIURÉTIQUES ÉPARGNEURS DE POTASSIUM (SEULS OU ASSOCIÉS)
INT_01882,GLYCEROL
INT_01883,INHIBITEURS SÉLECTIFS DE LA RECAPTURE DE LA SÉROTONINE
INT_01884,MANNITOL
INT_01885,METHYLDOPA
INT_01886,METRONIDAZOLE
INT_01887,NEUROLEPTIQUES
INT_01888,SODIUM (BICARBONATE DE)
INT_01889,SODIUM (CHLORURE DE)
INT_01890,THEOPHYLLINE
INT_01891,TOPIRAMATE
INT_01892,CAFEINE
INT_01893,ORLISTAT
INT_01894,DILTIAZEM
INT_01895,INHIBITEURS PUISSANTS DU CYP3A4
INT_01896,MILLEPERTUIS
INT_01897,CIMETIDINE
INT_01898,FLUCONAZOLE
INT_01899,INHIBITEURS PUISSANTS DU CYP3A4
INT_01900,INDUCTEURS ENZYMATIQUES
INT_01901,INHIBITEURS PUISSANTS DU CYP3A4
INT_01902,MILLEPERTUIS
INT_01903,PAMPLEMOUSSE (JUS ET FRUIT)
INT_01904,INDUCTEURS ENZYMATIQUES PUISSANTS
INT_01905,INHIBITEURS DE L'HMG-COA RÉDUCTASE (STATINES)
INT_01906,MILLEPERTUIS
INT_01907,RIFABUTINE
INT_01908,RIFAMPICINE
INT_01909,ANTISÉCRÉTOIRES INHIBITEURS DE LA POMPE À PROTONS
INT_01910,TENOFOVIR DISOPROXIL
INT_01911,INDUCTEURS ENZYMATIQUES PUISSANTS
INT_01912,MILLEPERTUIS
INT_01913,OXCARBAZEPINE
INT_01914,RIFAMPICINE
INT_01915,ATAZANAVIR
INT_01916,EFAVIRENZ
INT_01917,ALCALOÏDES DE L'ERGOT DE SEIGLE VASOCONSTRICTEURS
INT_01918,PIMOZIDE
INT_01919,INHIBITEURS DE L'HMG-COA RÉDUCTASE (STATINES)
INT_01920,VORICONAZOLE
INT_01921,IMMUNOSUPPRESSEURS
INT_01922,INDUCTEURS ENZYMATIQUES
INT_01923,MILLEPERTUIS
INT_01924,COLCHICINE
INT_01925,DIHYDROERGOTAMINE
INT_01926,ERGOTAMINE
INT_01927,ALCALOÏDES DE L'ERGOT DE SEIGLE DOPAMINERGIQUES
INT_01928,ANTIVITAMINES K
INT_01929,DIGOXINE
INT_01930,INHIBITEURS D'INTÉGRASE
INT_01931,ROXADUSTAT
INT_01932,LITHIUM
INT_01933,FOSAMPRENAVIR
INT_01934,MILLEPERTUIS
INT_01935,INDUCTEURS ENZYMATIQUES
INT_01936,INHIBITEURS PUISSANTS DU CYP3A4
INT_01937,GANCICLOVIR
INT_01938,VALGANCICLOVIR
INT_01939,INDUCTEURS ENZYMATIQUES
INT_01940,IMMUNOSUPPRESSEURS
INT_01941,QUININE
INT_01942,BUPROPION
INT_01943,CINACALCET
INT_01944,DULOXETINE
INT_01945,FLUOXETINE
INT_01946,PAROXETINE
INT_01947,TERBINAFINE
INT_01948,PRODUITS DE CONTRASTE IODÉS
INT_01949,ALCOOL (BOISSON OU EXCIPIENT)
INT_01950,DIURÉTIQUES DE L'ANSE
INT_01951,DOLUTÉGRAVIR
INT_01952,MILLEPERTUIS
INT_01953,MORPHINIQUES AGONISTES-ANTAGONISTES
INT_01954,SUBSTANCES SUSCEPTIBLES DE DONNER DES TORSADES DE POINTES
INT_01955,APALUTAMIDE
INT_01956,CIMETIDINE
INT_01957,FLUVOXAMINE
INT_01958,INDUCTEURS ENZYMATIQUES
INT_01959,INHIBITEURS DE PROTÉASES BOOSTÉS PAR RITONAVIR
INT_01960,VORICONAZOLE
INT_01961,ANTITUSSIFS MORPHINE-LIKE
INT_01962,ANTITUSSIFS MORPHINIQUES VRAIS
INT_01963,QUETIAPINE
INT_01964,SULFAMETHIZOL
INT_01965,ACIDE ACETYLSALICYLIQUE
INT_01966,ACITRETINE
INT_01967,PROBENECIDE
INT_01968,TRIMETHOPRIME
INT_01969,ANTI-INFLAMMATOIRES NON STÉROÏDIENS
INT_01970,ANTISÉCRÉTOIRES INHIBITEURS DE LA POMPE À PROTONS
INT_01971,CIPROFLOXACINE
INT_01972,PÉNICILLINES
INT_01973,TÉDIZOLIDE
INT_01974,CICLOSPORINE
INT_01975,PONATINIB
INT_01976,SULFAMIDES ANTIBACTÉRIENS
INT_01977,FER
INT_01978,LEVODOPA
INT_01979,LITHIUM
INT_01980,ANTIVITAMINES K
INT_01981,CICLOSPORINE
INT_01982,ABIRATERONE
INT_01983,BUPROPION
INT_01984,CIMETIDINE
INT_01985,CINACALCET
INT_01986,DARIFENACINE
INT_01987,DULOXETINE
INT_01988,FLUOXETINE
INT_01989,MIRABÉGRON
INT_01990,PAROXETINE
INT_01991,ROLAPITANT
INT_01992,TERBINAFINE
INT_01993,"PHÉNOBARBITAL (ET, PAR EXTRAPOLATION, PRIMIDONE)"
INT_01994,RIFAMPICINE
INT_01995,BUSULFAN
INT_01996,DISULFIRAME
INT_01997,INDUCTEURS ENZYMATIQUES PUISSANTS
INT_01998,LITHIUM
INT_01999,RIFAMPICINE
INT_02000,"FLUOROURACILE (ET, PAR EXTRAPOLATION, AUTRES FLUOROPYRIMIDINES)"
INT_02001,"PHÉNYTOÏNE (ET, PAR EXTRAPOLATION, FOSPHÉNYTOÏNE)"
INT_02002,BÊTA-BLOQUANTS DANS L'INSUFFISANCE CARDIAQUE
INT_02003,FLUVOXAMINE
INT_02004,"PHÉNYTOÏNE (ET, PAR EXTRAPOLATION, FOSPHÉNYTOÏNE)"
INT_02005,"THÉOPHYLLINE (ET, PAR EXTRAPOLATION, AMINOPHYLLINE)"
INT_02006,CAFEINE
INT_02007,INDUCTEURS ENZYMATIQUES
INT_02008,ANTIVITAMINES K
INT_02009,SULFAMIDES HYPOGLYCÉMIANTS
INT_02010,"PHÉNYTOÏNE (ET, PAR EXTRAPOLATION, FOSPHÉNYTOÏNE)"
INT_02011,OMBITASVIR + PARITAPRÉVIR
INT_02012,INHIBITEURS PUISSANTS DU CYP3A4
INT_02013,RIFAMPICINE
INT_02014,DILTIAZEM
INT_02015,FLUCONAZOLE
INT_02016,STIRIPENTOL
INT_02017,VERAPAMIL
INT_02018,INDUCTEURS ENZYMATIQUES PUISSANTS
INT_02019,MILLEPERTUIS
INT_02020,ROXITHROMYCINE
INT_02021,CICLOSPORINE
INT_02022,IMAO IRRÉVERSIBLES
INT_02023,DIGOXINE
INT_02024,INDUCTEURS ENZYMATIQUES
INT_02025,MILLEPERTUIS
INT_02026,INHIBITEURS PUISSANTS DU CYP3A4
INT_02027,ANTI-INFLAMMATOIRES NON STÉROÏDIENS
INT_02028,CICLOSPORINE
INT_02029,TACROLIMUS
INT_02030,CORTICOÏDES
INT_02031,ANTICONVULSIVANTS MÉTABOLISÉS
INT_02032,ANTIVITAMINES K
INT_02033,BICTÉGRAVIR
INT_02034,BUSPIRONE
INT_02035,CANNABIDIOL
INT_02036,CLOZAPINE
INT_02037,COBICISTAT
INT_02038,CYCLOPHOSPHAMIDE
INT_02039,CYPROTERONE
INT_02040,DASABUVIR
INT_02041,DIGOXINE
INT_02042,DOCETAXEL
INT_02043,EFAVIRENZ
INT_02044,ESTROPROGESTATIFS CONTRACEPTIFS
INT_02045,ETOPOSIDE
INT_02046,FEXOFENADINE
INT_02047,FOSTEMSAVIR
INT_02048,GILTÉRITINIB
INT_02049,GLÉCAPRÉVIR + PIBRENTASVIR
INT_02050,IMMUNOSUPPRESSEURS
INT_02051,INHIBITEURS DE LA 5-ALPHA REDUCTASE
INT_02052,INHIBITEURS DE PROTÉASES BOOSTÉS PAR RITONAVIR
INT_02053,INHIBITEURS DE TYROSINE KINASES MÉTABOLISÉS
INT_02054,IRINOTECAN
INT_02055,ISAVUCONAZOLE
INT_02056,ITRACONAZOLE
INT_02057,LURASIDONE
INT_02058,LÉDIPASVIR
INT_02059,LÉNACAPAVIR
INT_02060,METHADONE
INT_02061,MIDOSTAURINE
INT_02062,NEVIRAPINE
INT_02063,OLAPARIB
INT_02064,PACLITAXEL
INT_02065,PROGESTATIFS CONTRACEPTIFS
INT_02066,RILPIVIRINE
INT_02067,ROLAPITANT
INT_02068,SOFOSBUVIR
INT_02069,TAMOXIFENE
INT_02070,"THÉOPHYLLINE (ET, PAR EXTRAPOLATION, AMINOPHYLLINE)"
INT_02071,TICAGRELOR
INT_02072,VELPATASVIR
INT_02073,VERAPAMIL
INT_02074,VINCA-ALCALOÏDES CYTOTOXIQUES
INT_02075,VISMODÉGIB
INT_02076,VORICONAZOLE
INT_02077,VÉNÉTOCLAX
INT_02078,BÉDAQUILINE
INT_02079,CARBAMAZEPINE
INT_02080,DOLUTÉGRAVIR
INT_02081,DRONEDARONE
INT_02082,HORMONES THYROÏDIENNES
INT_02083,IDÉLALISIB
INT_02084,IVABRADINE
INT_02085,LOMITAPIDE
INT_02086,MACITENTAN
INT_02087,MARAVIROC
INT_02088,NINTÉDANIB
INT_02089,OXYCODONE
INT_02090,QUETIAPINE
INT_02091,RÉGORAFÉNIB
INT_02092,SIMVASTATINE
INT_02093,TELITHROMYCINE
INT_02094,ULIPRISTAL
INT_02095,IMAO IRRÉVERSIBLES
INT_02096,"IMAO-A RÉVERSIBLES, Y COMPRIS OXAZOLIDINONES ET BLEU DE"
INT_02097,INHIBITEURS SÉLECTIFS DE LA RECAPTURE DE LA SÉROTONINE
INT_02098,PROPAFENONE
INT_02099,ANTISÉCRÉTOIRES INHIBITEURS DE LA POMPE À PROTONS
INT_02100,MIDAZOLAM
INT_02101,INDUCTEURS ENZYMATIQUES PUISSANTS
INT_02102,RIFAMPICINE
INT_02103,METOPROLOL
INT_02104,PROPAFENONE
INT_02105,VINCA-ALCALOÏDES CYTOTOXIQUES
INT_02106,DASABUVIR
INT_02107,FOSTEMSAVIR
INT_02108,SPIRONOLACTONE
INT_02109,CIMETIDINE
INT_02110,CICLOSPORINE
INT_02111,ESTROPROGESTATIFS CONTRACEPTIFS
INT_02112,INDUCTEURS ENZYMATIQUES PUISSANTS
INT_02113,RIFAMPICINE
INT_02114,RIFAMPICINE
INT_02115,OXYBATE DE SODIUM
INT_02116,BARBITURIQUES
INT_02117,BENZODIAZÉPINES ET APPARENTÉS
INT_02118,MÉDICAMENTS ATROPINIQUES
INT_02119,ANALGÉSIQUES MORPHINIQUES DE PALIER III
INT_02120,METHADONE
INT_02121,MORPHINIQUES ANTAGONISTES PARTIELS
INT_02122,ANALGÉSIQUES MORPHINIQUES DE PALIER II
INT_02123,ANTITUSSIFS MORPHINIQUES VRAIS
INT_02124,ANALGÉSIQUES MORPHINIQUES DE PALIER III
INT_02125,MORPHINIQUES AGONISTES-ANTAGONISTES
INT_02126,MORPHINIQUES EN TRAITEMENT DE SUBSTITUTION
INT_02127,ANALGÉSIQUES MORPHINIQUES DE PALIER II
INT_02128,MORPHINIQUES ANTAGONISTES PARTIELS
INT_02129,VACCINS VIVANTS ATTÉNUÉS
INT_02130,ANTISÉCRÉTOIRES INHIBITEURS DE LA POMPE À PROTONS
INT_02131,FLUOROQUINOLONES
INT_02132,PÉNICILLINES A
INT_02133,VACCINS VIVANTS ATTÉNUÉS
INT_02134,MÉDICAMENTS À L'ORIGINE D'UNE HYPOTENSION ORTHOSTATIQUE
INT_02135,AUTRES MÉDICAMENTS ABAISSANT LE SEUIL ÉPILEPTOGÈNE
INT_02136,ANTICHOLINESTÉRASIQUES
INT_02137,AUTRES MÉDICAMENTS ATROPINIQUES
INT_02138,MORPHINIQUES
INT_02139,IMAO IRRÉVERSIBLES
INT_02140,"IMAO-A RÉVERSIBLES, Y COMPRIS OXAZOLIDINONES ET BLEU DE"
INT_02141,SYMPATHOMIMÉTIQUES ALPHA ET BÊTA (VOIE IM ET IV)
INT_02142,ADRÉNALINE (VOIE BUCCO-DENTAIRE OU SOUS-CUTANÉE)
INT_02143,COBIMÉTINIB
INT_02144,ANTI-INFLAMMATOIRES NON STÉROÏDIENS
INT_02145,ANTIAGRÉGANTS PLAQUETTAIRES
INT_02146,ANTICOAGULANTS ORAUX
INT_02147,ORLISTAT
INT_02148,AUTRES MÉDICAMENTS MÉTHÉMOGLOBINISANTS
INT_02149,AUTRES MÉDICAMENTS NÉPHROTOXIQUES
INT_02150,AUTRES MÉDICAMENTS OTOTOXIQUES
INT_02151,AUTRES MÉDICAMENTS SÉDATIFS
INT_02152,ALCOOL (BOISSON OU EXCIPIENT)
INT_02153,AUTRES MÉDICAMENTS À L'ORIGINE D'ATTEINTES MUSCULAIRES
INT_02154,SUBSTANCES SUSCEPTIBLES DE DONNER DES TORSADES DE POINTES
INT_02155,AUTRES MÉDICAMENTS À L'ORIGINE D'UN SYNDROME SÉROTONINERGIQUE
INT_02156,DAPOXÉTINE
INT_02157,MÉDICAMENTS ABAISSANT LA PRESSION ARTÉRIELLE
INT_02158,TRAITEMENTS DE SUBSTITUTION NICOTINIQUE
INT_02159,AUTRES MEDICAMENTS À RISQUE D'ANGIO-ŒDÈME
INT_02160,SULPROSTONE
INT_02161,INHIBITEURS PUISSANTS DU CYP3A4
INT_02162,INDUCTEURS ENZYMATIQUES
INT_02163,PAMPLEMOUSSE (JUS ET FRUIT)
INT_02164,DILTIAZEM
INT_02165,VERAPAMIL
INT_02166,FLUOXETINE
INT_02167,PAROXETINE
INT_02168,LITHIUM
INT_02169,BÊTA-BLOQUANTS DANS L'INSUFFISANCE CARDIAQUE
INT_02170,ORLISTAT
INT_02171,"DOPAMINERGIQUES, HORS PARKINSON"
INT_02172,SUBSTANCES SUSCEPTIBLES DE DONNER DES TORSADES DE POINTES
INT_02173,ANTIPARKINSONIENS DOPAMINERGIQUES
INT_02174,LEVODOPA
INT_02175,ARIPIPRAZOLE
INT_02176,DOPAMINERGIQUES
INT_02177,LEVODOPA
INT_02178,KETOCONAZOLE
INT_02179,MILLEPERTUIS
INT_02180,ATAZANAVIR
INT_02181,RIFAMPICINE
INT_02182,VORICONAZOLE
INT_02183,ANTIVITAMINES K
INT_02184,FLUCONAZOLE
INT_02185,FOSAMPRENAVIR
INT_02186,IMMUNOSUPPRESSEURS
INT_02187,ACIDE ACETYLSALICYLIQUE
INT_02188,ANTI-INFLAMMATOIRES NON STÉROÏDIENS
INT_02189,DILTIAZEM
INT_02190,CICLOSPORINE
INT_02191,CIMETIDINE
INT_02192,INDUCTEURS ENZYMATIQUES PUISSANTS
INT_02193,RIFAMPICINE
INT_02194,"VALPROÏQUE (ACIDE) ET, PAR EXTRAPOLATION, VALPROMIDE"
INT_02195,MILLEPERTUIS
INT_02196,AMIODARONE
INT_02197,CARBAMAZEPINE
INT_02198,CICLOSPORINE
INT_02199,ERYTHROMYCINE
INT_02200,INHIBITEURS DE PROTÉASES BOOSTÉS PAR RITONAVIR
INT_02201,ITRACONAZOLE
INT_02202,KETOCONAZOLE
INT_02203,"PHÉNYTOÏNE (ET, PAR EXTRAPOLATION, FOSPHÉNYTOÏNE)"
INT_02204,RIFAMPICINE
INT_02205,VERAPAMIL
INT_02206,CALCIUM
INT_02207,SUBSTANCES SUSCEPTIBLES DE DONNER DES TORSADES DE POINTES
INT_02208,"THÉOPHYLLINE (ET, PAR EXTRAPOLATION, AMINOPHYLLINE)"
INT_02209,CAFEINE
INT_02210,BUPROPION
INT_02211,ANTIVITAMINES K
INT_02212,INDUCTEURS ENZYMATIQUES
INT_02213,CARBAMAZEPINE
INT_02214,FLUVOXAMINE
INT_02215,MILLEPERTUIS
INT_02216,AMIODARONE
INT_02217,APALUTAMIDE
INT_02218,CYTOTOXIQUES
INT_02219,DILTIAZEM
INT_02220,FLUCONAZOLE
INT_02221,INDUCTEURS ENZYMATIQUES
INT_02222,INHIBITEURS PUISSANTS DU CYP3A4
INT_02223,PAMPLEMOUSSE (JUS ET FRUIT)
INT_02224,VERAPAMIL
INT_02225,ACIDE FUSIDIQUE
INT_02226,ALCALOÏDES DE L'ERGOT DE SEIGLE VASOCONSTRICTEURS
INT_02227,ALFUZOSINE
INT_02228,AMIODARONE
INT_02229,ATORVASTATINE
INT_02230,COLCHICINE
INT_02231,DISOPYRAMIDE
INT_02232,ETHINYLESTRADIOL
INT_02233,INDUCTEURS ENZYMATIQUES
INT_02234,INHIBITEURS PUISSANTS DU CYP3A4
INT_02235,MIDAZOLAM
INT_02236,PIMOZIDE
INT_02237,QUETIAPINE
INT_02238,QUINIDINE
INT_02239,SALMETEROL
INT_02240,SILDENAFIL
INT_02241,SIMVASTATINE
INT_02242,TICAGRELOR
INT_02243,EVEROLIMUS
INT_02244,SIROLIMUS
INT_02245,TACROLIMUS
INT_02246,APALUTAMIDE
INT_02247,DIGOXINE
INT_02248,ESCITALOPRAM
INT_02249,TACROLIMUS
INT_02250,ANAGRELIDE
INT_02251,SUBSTANCES SUSCEPTIBLES DE DONNER DES TORSADES DE POINTES
INT_02252,TRAMADOL
INT_02253,INHIBITEURS DE L'ENZYME DE CONVERSION
INT_02254,AMINOSIDES
INT_02255,DIURÉTIQUES DE L'ANSE
INT_02256,CICLOSPORINE
INT_02257,AMIODARONE
INT_02258,ANTIVITAMINES K
INT_02259,ANTIDÉPRESSEURS IMIPRAMINIQUES
INT_02260,HORMONES THYROÏDIENNES
INT_02261,INHIBITEURS SÉLECTIFS DE LA RECAPTURE DE LA SÉROTONINE
INT_02262,LITHIUM
INT_02263,MÉDICAMENTS MIXTES ADRÉNERGIQUES-SÉROTONINERGIQUES
INT_02264,NEUROLEPTIQUES
INT_02265,VITAMINE D
INT_02266,"FLUOROURACILE (ET, PAR EXTRAPOLATION, AUTRES FLUOROPYRIMIDINES)"
INT_02267,LÉNACAPAVIR
INT_02268,VELPATASVIR
INT_02269,ESTROGÈNES NON CONTRACEPTIFS
INT_02270,LAMOTRIGINE
INT_02271,TOPIRAMATE
INT_02272,PÉRAMPANEL
INT_02273,ERGOTAMINE
INT_02274,BARBITURIQUES
INT_02275,MORPHINIQUES
INT_02276,FLUCONAZOLE
INT_02277,INDUCTEURS ENZYMATIQUES
INT_02278,INHIBITEURS PUISSANTS DU CYP3A4
INT_02279,MILLEPERTUIS
INT_02280,BRADYCARDISANTS
INT_02281,CICLOSPORINE
INT_02282,ELTROMBOPAG
INT_02283,INDUCTEURS ENZYMATIQUES PUISSANTS
INT_02284,RIFAMPICINE
INT_02285,CLOPIDOGREL
INT_02286,GEMFIBROZIL
INT_02287,TENOFOVIR ALAFÉNAMIDE
INT_02288,TENOFOVIR DISOPROXIL
INT_02289,MILLEPERTUIS
INT_02290,INDUCTEURS ENZYMATIQUES
INT_02291,AMIODARONE
INT_02292,DEFERASIROX
INT_02293,GEMFIBROZIL
INT_02294,TRIMETHOPRIME
INT_02295,CLOPIDOGREL
INT_02296,AVANAFIL
INT_02297,CARBAMAZEPINE
INT_02298,DRONEDARONE
INT_02299,HALOFANTRINE
INT_02300,IMMUNOSUPPRESSEURS
INT_02301,IVABRADINE
INT_02302,IVACAFTOR (SEUL OU ASSOCIÉ)
INT_02303,LURASIDONE
INT_02304,NALOXEGOL
INT_02305,OLAPARIB
INT_02306,RÉGORAFÉNIB
INT_02307,SERTRALINE
INT_02308,SIMVASTATINE
INT_02309,TICAGRELOR
INT_02310,TOLVAPTAN
INT_02311,VARDENAFIL
INT_02312,VÉNÉTOCLAX
INT_02313,ATORVASTATINE
INT_02314,BUSPIRONE
INT_02315,LERCANIDIPINE
INT_02316,VERAPAMIL
INT_02317,INHIBITEURS PUISSANTS DU CYP3A4
INT_02318,FLUCLOXACILLINE
INT_02319,ANTIVITAMINES K
INT_02320,PIMOZIDE
INT_02321,TETRABENAZINE
INT_02322,CODEINE
INT_02323,MEQUITAZINE
INT_02324,TAMOXIFENE
INT_02325,TRAMADOL
INT_02326,CARBAMAZEPINE
INT_02327,METOPROLOL
INT_02328,NEBIVOLOL
INT_02329,RISPERIDONE
INT_02330,"THÉOPHYLLINE (ET, PAR EXTRAPOLATION, AMINOPHYLLINE)"
INT_02331,TELBIVUDINE
INT_02332,ACIDE ACETYLSALICYLIQUE
INT_02333,ANTI-INFLAMMATOIRES NON STÉROÏDIENS
INT_02334,FER
INT_02335,DIDANOSINE
INT_02336,FOSCARNET
INT_02337,STAVUDINE
INT_02338,CYCLOPHOSPHAMIDE
INT_02339,FLUDARABINE
INT_02340,ANTIVITAMINES K
INT_02341,COBIMÉTINIB
INT_02342,"THÉOPHYLLINE (ET, PAR EXTRAPOLATION, AMINOPHYLLINE)"
INT_02343,IMAO IRRÉVERSIBLES
INT_02344,"IMAO-A RÉVERSIBLES, Y COMPRIS OXAZOLIDINONES ET BLEU DE"
INT_02345,IMAO-B
INT_02346,ACIDE CHOLIQUE
INT_02347,IFOSFAMIDE
INT_02348,FELBAMATE
INT_02349,FOLATES
INT_02350,"VALPROÏQUE (ACIDE) ET, PAR EXTRAPOLATION, VALPROMIDE"
INT_02351,CARBAMAZEPINE
INT_02352,METOPROLOL
INT_02353,"PHÉNYTOÏNE (ET, PAR EXTRAPOLATION, FOSPHÉNYTOÏNE)"
INT_02354,PROPRANOLOL
INT_02355,AMIODARONE
INT_02356,CIMETIDINE
INT_02357,CYTOTOXIQUES
INT_02358,DISULFIRAME
INT_02359,SULFAFURAZOL
INT_02360,SULFAMETHIZOL
INT_02361,SULFAMETHOXAZOLE
INT_02362,CIPROFLOXACINE
INT_02363,CLOPIDOGREL
INT_02364,DIAZEPAM
INT_02365,FELBAMATE
INT_02366,FLUCONAZOLE
INT_02367,FLUOXETINE
INT_02368,FLUVOXAMINE
INT_02369,FOLATES
INT_02370,FUROSEMIDE
INT_02371,ISONIAZIDE
INT_02372,METYRAPONE
INT_02373,MEXILETINE
INT_02374,MICONAZOLE
INT_02375,NINTÉDANIB
INT_02376,SUCRALFATE
INT_02377,TICLOPIDINE
INT_02378,"VALPROÏQUE (ACIDE) ET, PAR EXTRAPOLATION, VALPROMIDE"
INT_02379,CARBAMAZEPINE
INT_02380,"PHÉNOBARBITAL (ET, PAR EXTRAPOLATION, PRIMIDONE)"
INT_02381,ANTICHOLINESTÉRASIQUES
INT_02382,APREPITANT
INT_02383,DILTIAZEM
INT_02384,EFAVIRENZ
INT_02385,FLUCONAZOLE
INT_02386,FLUOXETINE
INT_02387,INHIBITEURS PUISSANTS DU CYP3A4
INT_02388,JOSAMYCINE
INT_02389,LÉTERMOVIR
INT_02390,OMBITASVIR + PARITAPRÉVIR
INT_02391,PAROXETINE
INT_02392,SERTRALINE
INT_02393,STIRIPENTOL
INT_02394,TRICLABENDAZOLE
INT_02395,VERAPAMIL
INT_02396,APALUTAMIDE
INT_02397,DALFOPRISTINE
INT_02398,QUINUPRISTINE
INT_02399,VANCOMYCINE
INT_02400,FLUVOXAMINE
INT_02401,CICLOSPORINE
INT_02402,AMINOSIDES
INT_02403,CURARES
INT_02404,SORBITOL
INT_02405,"TOPIQUES GASTRO-INTESTINAUX, ANTIACIDES ET ADSORBANTS"
INT_02406,SORBITOL
INT_02407,"TOPIQUES GASTRO-INTESTINAUX, ANTIACIDES ET ADSORBANTS"
INT_02408,ATORVASTATINE
INT_02409,COLCHICINE
INT_02410,DABIGATRAN
INT_02411,DIGOXINE
INT_02412,METHOTREXATE
INT_02413,PRAVASTATINE
INT_02414,ROSUVASTATINE
INT_02415,SIMVASTATINE
INT_02416,SULFASALAZINE
INT_02417,BRADYCARDISANTS
INT_02418,ATORVASTATINE
INT_02419,ANTISÉCRÉTOIRES ANTIHISTAMINIQUES H2
INT_02420,ANTISÉCRÉTOIRES INHIBITEURS DE LA POMPE À PROTONS
INT_02421,IMMUNOSUPPRESSEURS
INT_02422,RIFABUTINE
INT_02423,RIFAMPICINE
INT_02424,DIGOXINE
INT_02425,INDUCTEURS ENZYMATIQUES PUISSANTS
INT_02426,ATAZANAVIR
INT_02427,ANTAGONISTES DES RÉCEPTEURS DE L'ANGIOTENSINE II
INT_02428,CICLOSPORINE
INT_02429,DIURÉTIQUES ÉPARGNEURS DE POTASSIUM (SEULS OU ASSOCIÉS)
INT_02430,INHIBITEURS DE L'ENZYME DE CONVERSION
INT_02431,TACROLIMUS
INT_02432,ANTISEPTIQUES MERCURIELS
INT_02433,CICLOSPORINE
INT_02434,CLARITHROMYCINE
INT_02435,ERYTHROMYCINE
INT_02436,PONATINIB
INT_02437,RIFAMPICINE
INT_02438,INDUCTEURS ENZYMATIQUES PUISSANTS
INT_02439,DEXAMETHASONE
INT_02440,CICLOSPORINE
INT_02441,AFATINIB
INT_02442,COLCHICINE
INT_02443,ANTIVITAMINES K
INT_02444,IMMUNOSUPPRESSEURS
INT_02445,METHOTREXATE
INT_02446,ACIDE ACETYLSALICYLIQUE
INT_02447,DIPROPHYLLINE
INT_02448,INDUCTEURS ENZYMATIQUES PUISSANTS
INT_02449,METFORMINE
INT_02450,DIURÉTIQUES
INT_02451,ALDESLEUKINE
INT_02452,MILLEPERTUIS
INT_02453,INDUCTEURS ENZYMATIQUES
INT_02454,INHIBITEURS DE PROTÉASES BOOSTÉS PAR RITONAVIR
INT_02455,PÉRAMPANEL
INT_02456,ULIPRISTAL
INT_02457,APREPITANT
INT_02458,BOSENTAN
INT_02459,GRISEOFULVINE
INT_02460,INDUCTEURS ENZYMATIQUES
INT_02461,ULIPRISTAL
INT_02462,ANTIVITAMINES K
INT_02463,HORMONES THYROÏDIENNES
INT_02464,ABIRATERONE
INT_02465,BUPROPION
INT_02466,BÊTA-BLOQUANTS (SAUF ESMOLOL) (Y COMPRIS COLLYRES)
INT_02467,CINACALCET
INT_02468,DARIFENACINE
INT_02469,DIGOXINE
INT_02470,DULOXETINE
INT_02471,ESMOLOL
INT_02472,INDUCTEURS ENZYMATIQUES PUISSANTS
INT_02473,MILLEPERTUIS
INT_02474,MIRABÉGRON
INT_02475,RIFAMPICINE
INT_02476,ROLAPITANT
INT_02477,TERBINAFINE
INT_02478,THEOPHYLLINE
INT_02479,ERGOTAMINE
INT_02480,FLUVOXAMINE
INT_02481,"PHÉNOBARBITAL (ET, PAR EXTRAPOLATION, PRIMIDONE)"
INT_02482,RIFAMPICINE
INT_02483,HUILES MINÉRALES
INT_02484,ISONIAZIDE
INT_02485,TRIMETHOPRIME
INT_02486,"VALPROÏQUE (ACIDE) ET, PAR EXTRAPOLATION, VALPROMIDE"
INT_02487,METHOTREXATE
INT_02488,ALLOPURINOL
INT_02489,MYCOPHENOLATE MOFETIL
INT_02490,CYPROTERONE
INT_02491,PROGESTATIFS CONTRACEPTIFS
INT_02492,INDUCTEURS ENZYMATIQUES PUISSANTS
INT_02493,OXCARBAZEPINE
INT_02494,RIFAMPICINE
INT_02495,INHIBITEURS PUISSANTS DU CYP3A4
INT_02496,OMBITASVIR + PARITAPRÉVIR
INT_02497,INDUCTEURS ENZYMATIQUES PUISSANTS
INT_02498,MILLEPERTUIS
INT_02499,RIFAMPICINE
INT_02500,METHADONE
INT_02501,COBICISTAT
INT_02502,INHIBITEURS DE PROTÉASES BOOSTÉS PAR RITONAVIR
INT_02503,OMBITASVIR + PARITAPRÉVIR
INT_02504,TETRABENAZINE
INT_02505,VORICONAZOLE
INT_02506,CODEINE
INT_02507,TAMOXIFENE
INT_02508,TRAMADOL
INT_02509,VERAPAMIL
INT_02510,ALCALINISANTS URINAIRES
INT_02511,DABIGATRAN
INT_02512,DIGOXINE
INT_02513,DRONEDARONE
INT_02514,ITRACONAZOLE
INT_02515,STIRIPENTOL
INT_02516,TALAZOPARIB
INT_02517,TRICLABENDAZOLE
INT_02518,INHIBITEURS PUISSANTS DU CYP3A4
INT_02519,MEFLOQUINE
INT_02520,RIFAMPICINE
INT_02521,DIGOXINE
INT_02522,INDUCTEURS ENZYMATIQUES PUISSANTS
INT_02523,DIHYDROERGOTAMINE
INT_02524,ERGOTAMINE
INT_02525,PIMOZIDE
INT_02526,IMMUNOSUPPRESSEURS
INT_02527,RIFAMPICINE
INT_02528,INHIBITEURS PUISSANTS DU CYP3A4
INT_02529,INDUCTEURS ENZYMATIQUES PUISSANTS
INT_02530,RIFAMPICINE
INT_02531,ATORVASTATINE
INT_02532,DIGOXINE
INT_02533,IMMUNOSUPPRESSEURS
INT_02534,SIMVASTATINE
INT_02535,GEMFIBROZIL
INT_02536,CICLOSPORINE
INT_02537,DEFERASIROX
INT_02538,SELPERCATINIB
INT_02539,TRIMETHOPRIME
INT_02540,ANALOGUES DE LA SOMATOSTATINE
INT_02541,CLARITHROMYCINE
INT_02542,CLOPIDOGREL
INT_02543,IMAO IRRÉVERSIBLES
INT_02544,LEVODOPA
INT_02545,ANTIPURINES
INT_02546,DIDANOSINE
INT_02547,STAVUDINE
INT_02548,ZIDOVUDINE
INT_02549,LÉDIPASVIR
INT_02550,VELPATASVIR
INT_02551,POSACONAZOLE
INT_02552,VORICONAZOLE
INT_02553,CLARITHROMYCINE
INT_02554,COBICISTAT
INT_02555,EFAVIRENZ
INT_02556,FLUCONAZOLE
INT_02557,HORMONES THYROÏDIENNES
INT_02558,INHIBITEURS DE PROTÉASES BOOSTÉS PAR RITONAVIR
INT_02559,ATOVAQUONE
INT_02560,ELVITÉGRAVIR
INT_02561,BICTÉGRAVIR
INT_02562,COBICISTAT
INT_02563,DÉLAMANID
INT_02564,INHIBITEURS DE PROTÉASES BOOSTÉS PAR RITONAVIR
INT_02565,LÉDIPASVIR
INT_02566,LÉNACAPAVIR
INT_02567,PRAZIQUANTEL
INT_02568,VELPATASVIR
INT_02569,VORICONAZOLE
INT_02570,ABIRATERONE
INT_02571,ANTAGONISTES DES CANAUX CALCIQUES
INT_02572,APIXABAN
INT_02573,APREPITANT
INT_02574,ATORVASTATINE
INT_02575,ATOVAQUONE
INT_02576,BOSENTAN
INT_02577,CANNABIDIOL
INT_02578,DABIGATRAN
INT_02579,DAROLUTAMIDE
INT_02580,DRONEDARONE
INT_02581,FENTANYL
INT_02582,FLUCONAZOLE
INT_02583,IDÉLALISIB
INT_02584,INHIBITEURS DE LA 5-ALPHA REDUCTASE
INT_02585,INHIBITEURS DE TYROSINE KINASES MÉTABOLISÉS
INT_02586,KETOCONAZOLE
INT_02587,MIDAZOLAM
INT_02588,NEVIRAPINE
INT_02589,NIMODIPINE
INT_02590,OZANIMOD
INT_02591,POSACONAZOLE
INT_02592,QUETIAPINE
INT_02593,QUININE
INT_02594,RALTÉGRAVIR
INT_02595,RANOLAZINE
INT_02596,RIVAROXABAN
INT_02597,SIMVASTATINE
INT_02598,SOTORASIB
INT_02599,TELITHROMYCINE
INT_02600,TICAGRELOR
INT_02601,TÉNOFOVIR ALAFÉNAMIDE
INT_02602,ULIPRISTAL
INT_02603,VOXELOTOR
INT_02604,ZIDOVUDINE
INT_02605,AFATINIB
INT_02606,ALBENDAZOLE
INT_02607,ANTIARYTHMIQUES CLASSE IA
INT_02608,ANTIVITAMINES K
INT_02609,BUSPIRONE
INT_02610,CARBAMAZEPINE
INT_02611,CARVEDILOL
INT_02612,CLARITHROMYCINE
INT_02613,CLOZAPINE
INT_02614,DEFERASIROX
INT_02615,DIGOXINE
INT_02616,EFAVIRENZ
INT_02617,ESZOPICLONE
INT_02618,HALOPERIDOL
INT_02619,HORMONES THYROÏDIENNES
INT_02620,ISONIAZIDE
INT_02621,IVABRADINE
INT_02622,LINEZOLIDE
INT_02623,METRONIDAZOLE
INT_02624,MINÉRALOCORTICOÏDES
INT_02625,MONTELUKAST
INT_02626,MORPHINE
INT_02627,NINTÉDANIB
INT_02628,PROPAFENONE
INT_02629,TERBINAFINE
INT_02630,"THÉOPHYLLINE (ET, PAR EXTRAPOLATION, AMINOPHYLLINE)"
INT_02631,TIAGABINE
INT_02632,"VALPROÏQUE (ACIDE) ET, PAR EXTRAPOLATION, VALPROMIDE"
INT_02633,VITAMINE D
INT_02634,ZOLPIDEM
INT_02635,ZOPICLONE
INT_02636,DOXYCYCLINE
INT_02637,EXEMESTANE
INT_02638,METOPROLOL
INT_02639,PROPRANOLOL
INT_02640,PÉRAMPANEL
INT_02641,SACITUZUMAB
INT_02642,ANTISÉCRÉTOIRES INHIBITEURS DE LA POMPE À PROTONS
INT_02643,DEXAMETHASONE
INT_02644,INDUCTEURS ENZYMATIQUES
INT_02645,MILLEPERTUIS
INT_02646,ANTISÉCRÉTOIRES ANTIHISTAMINIQUES H2
INT_02647,DÉRIVÉS NITRÉS ET APPARENTÉS
INT_02648,INHIBITEURS DE LA PHOSPHODIESTERASE DE TYPE 5
INT_02649,INHIBITEURS PUISSANTS DU CYP3A4
INT_02650,CARBAMAZEPINE
INT_02651,FLUOXETINE
INT_02652,PAROXETINE
INT_02653,GLUCOCORTICOÏDES PAR VOIE INTRA-ARTICULAIRE ET MÉTABOLISÉS
INT_02654,CORTICOÏDES (VOIE INTRA-ARTICULAIRE)
INT_02655,FLUCONAZOLE
INT_02656,INDUCTEURS ENZYMATIQUES PUISSANTS
INT_02657,INHIBITEURS PUISSANTS DU CYP3A4
INT_02658,RIFAMPICINE
INT_02659,MILLEPERTUIS
INT_02660,INDUCTEURS ENZYMATIQUES
INT_02661,TAMOXIFENE
INT_02662,COLCHICINE
INT_02663,DABIGATRAN
INT_02664,DIGOXINE
INT_02665,METOPROLOL
INT_02666,PROPAFENONE
INT_02667,ROSUVASTATINE
INT_02668,ANTIVITAMINES K
INT_02669,CIPROFLOXACINE
INT_02670,ENOXACINE
INT_02671,FLUVOXAMINE
INT_02672,CICLOSPORINE
INT_02673,DAROLUTAMIDE
INT_02674,TÉDIZOLIDE
INT_02675,FOSTAMATINIB
INT_02676,FOSTEMSAVIR
INT_02677,INHIBITEURS DE PROTÉASES BOOSTÉS PAR RITONAVIR
INT_02678,PONATINIB
INT_02679,ROLAPITANT
INT_02680,VELPATASVIR
INT_02681,CALCIUM
INT_02682,FER
INT_02683,GEMFIBROZIL
INT_02684,INHIBITEURS DE L'HMG-COA RÉDUCTASE (STATINES)
INT_02685,MAGNÉSIUM
INT_02686,RÉSINES CHÉLATRICES
INT_02687,ATORVASTATINE
INT_02688,CICLOSPORINE
INT_02689,SIMVASTATINE
INT_02690,SUBSTANCES SUSCEPTIBLES DE DONNER DES TORSADES DE POINTES
INT_02691,MIDAZOLAM
INT_02692,"THÉOPHYLLINE (ET, PAR EXTRAPOLATION, AMINOPHYLLINE)"
INT_02693,ESTROPROGESTATIFS CONTRACEPTIFS
INT_02694,"VALPROÏQUE (ACIDE) ET, PAR EXTRAPOLATION, VALPROMIDE"
INT_02695,INDUCTEURS ENZYMATIQUES
INT_02696,INHIBITEURS PUISSANTS DU CYP3A4
INT_02697,MILLEPERTUIS
INT_02698,PAMPLEMOUSSE (JUS ET FRUIT)
INT_02699,HORMONES THYROÏDIENNES
INT_02700,MÉDICAMENTS ADMINISTRÉS PAR VOIE ORALE
INT_02701,ROXADUSTAT
INT_02702,AUTRES RÉTINOÏDES
INT_02703,CYCLINES
INT_02704,VITAMINE A
INT_02705,INDUCTEURS ENZYMATIQUES PUISSANTS
INT_02706,RIFAMPICINE
INT_02707,INHIBITEURS DE L'ENZYME DE CONVERSION
INT_02708,OMBITASVIR + PARITAPRÉVIR
INT_02709,ITRACONAZOLE
INT_02710,KETOCONAZOLE
INT_02711,GEMFIBROZIL
INT_02712,CLOPIDOGREL
INT_02713,DEFERASIROX
INT_02714,TRIMETHOPRIME
INT_02715,TÉRIFLUNOMIDE
INT_02716,REPAGLINIDE
INT_02717,HORMONES THYROÏDIENNES
INT_02718,PIMOZIDE
INT_02719,INDUCTEURS ENZYMATIQUES
INT_02720,PAMPLEMOUSSE (JUS ET FRUIT)
INT_02721,OMBITASVIR + PARITAPRÉVIR
INT_02722,JOSAMYCINE
INT_02723,INHIBITEURS PUISSANTS DU CYP3A4
INT_02724,CICLOSPORINE
INT_02725,DANAZOL
INT_02726,GLÉCAPRÉVIR + PIBRENTASVIR
INT_02727,INHIBITEURS PUISSANTS DU CYP3A4
INT_02728,OMBITASVIR + PARITAPRÉVIR
INT_02729,STIRIPENTOL
INT_02730,APALUTAMIDE
INT_02731,CARBAMAZEPINE
INT_02732,DRONEDARONE
INT_02733,MILLEPERTUIS
INT_02734,PAMPLEMOUSSE (JUS ET FRUIT)
INT_02735,RIFAMPICINE
INT_02736,AMIODARONE
INT_02737,AMLODIPINE
INT_02738,AZITHROMYCINE
INT_02739,DILTIAZEM
INT_02740,FLUCONAZOLE
INT_02741,PONATINIB
INT_02742,RANOLAZINE
INT_02743,ROXITHROMYCINE
INT_02744,VERAPAMIL
INT_02745,OMBITASVIR + PARITAPRÉVIR
INT_02746,CICLOSPORINE
INT_02747,VERAPAMIL
INT_02748,INHIBITEURS DE L'ENZYME DE CONVERSION
INT_02749,LITHIUM
INT_02750,LITHIUM
INT_02751,INDUCTEURS ENZYMATIQUES
INT_02752,MILLEPERTUIS
INT_02753,AMIODARONE
INT_02754,POLYSTYRÈNE SULFONATE DE CALCIUM
INT_02755,POLYSTYRÈNE SULFONATE DE SODIUM
INT_02756,LAMIVUDINE
INT_02757,INDUCTEURS ENZYMATIQUES PUISSANTS
INT_02758,RIFAMPICINE
INT_02759,ANTISÉCRÉTOIRES ANTIHISTAMINIQUES H2
INT_02760,ANTISÉCRÉTOIRES INHIBITEURS DE LA POMPE À PROTONS
INT_02761,MÉDICAMENTS UTILISÉS PAR VOIE VAGINALE
INT_02762,LEVODOPA
INT_02763,MITOTANE
INT_02764,INHIBITEURS DE L'ENZYME DE CONVERSION
INT_02765,ZIDOVUDINE
INT_02766,ISONIAZIDE
INT_02767,PENTAMIDINE
INT_02768,RIBAVIRINE
INT_02769,THALIDOMIDE
INT_02770,ATORVASTATINE
INT_02771,DIHYDROERGOTAMINE
INT_02772,ERGOTAMINE
INT_02773,IMMUNOSUPPRESSEURS
INT_02774,PIMOZIDE
INT_02775,SIMVASTATINE
INT_02776,HALOFANTRINE
INT_02777,CAFEINE
INT_02778,CLOBAZAM
INT_02779,DIAZEPAM
INT_02780,INDUCTEURS ENZYMATIQUES PUISSANTS
INT_02781,MIDAZOLAM
INT_02782,QUINIDINE
INT_02783,"THÉOPHYLLINE (ET, PAR EXTRAPOLATION, AMINOPHYLLINE)"
INT_02784,CALCIUM
INT_02785,CYCLINES
INT_02786,FER
INT_02787,FLUOROQUINOLONES
INT_02788,ZINC
INT_02789,CRIZOTINIB
INT_02790,IDÉLALISIB
INT_02791,INHIBITEURS PUISSANTS DU CYP3A4
INT_02792,DIGOXINE
INT_02793,FLUOROQUINOLONES
INT_02794,HORMONES THYROÏDIENNES
INT_02795,"PHÉNYTOÏNE (ET, PAR EXTRAPOLATION, FOSPHÉNYTOÏNE)"
INT_02796,SULPIRIDE
INT_02797,INHIBITEURS PUISSANTS DU CYP3A4
INT_02798,"PHÉNYTOÏNE (ET, PAR EXTRAPOLATION, FOSPHÉNYTOÏNE)"
INT_02799,METHENAMINE
INT_02800,"PHÉNYTOÏNE (ET, PAR EXTRAPOLATION, FOSPHÉNYTOÏNE)"
INT_02801,ANTIVITAMINES K
INT_02802,"PHÉNYTOÏNE (ET, PAR EXTRAPOLATION, FOSPHÉNYTOÏNE)"
INT_02803,METHOTREXATE
INT_02804,MICONAZOLE
INT_02805,ALCOOL (BOISSON OU EXCIPIENT)
INT_02806,DANAZOL
INT_02807,ANALOGUES DE LA SOMATOSTATINE
INT_02808,BÊTA-2 MIMÉTIQUES
INT_02809,BÊTA-BLOQUANTS (SAUF ESMOLOL) (Y COMPRIS COLLYRES)
INT_02810,BÊTA-BLOQUANTS DANS L'INSUFFISANCE CARDIAQUE
INT_02811,CHLORPROMAZINE
INT_02812,CLARITHROMYCINE
INT_02813,FLUCONAZOLE
INT_02814,INHIBITEURS DE L'ENZYME DE CONVERSION
INT_02815,SULFAMÉTHOXAZOLE + TRIMÉTHOPRIME
INT_02816,SUBSTANCES SUSCEPTIBLES DE DONNER DES TORSADES DE POINTES
INT_02817,SULFAMIDES HYPOGLYCÉMIANTS
INT_02818,TÉDIZOLIDE
INT_02819,DIGOXINE
INT_02820,PONATINIB
INT_02821,CICLOSPORINE
INT_02822,SUCRALFATE
INT_02823,MÉTHYLERGOMÉTRINE
INT_02824,GRAZOPREVIR + ELBASVIR
INT_02825,ANTICHOLINESTÉRASIQUES
INT_02826,SYMPATHOMIMÉTIQUES INDIRECTS
INT_02827,ALCALOÏDES DE L'ERGOT DE SEIGLE DOPAMINERGIQUES
INT_02828,ALCALOÏDES DE L'ERGOT DE SEIGLE VASOCONSTRICTEURS
INT_02829,IMAO IRRÉVERSIBLES
INT_02830,ANTIDÉPRESSEURS IMIPRAMINIQUES
INT_02831,MÉDICAMENTS MIXTES ADRÉNERGIQUES-SÉROTONINERGIQUES
INT_02832,IMAO IRRÉVERSIBLES
INT_02833,"IMAO-A RÉVERSIBLES, Y COMPRIS OXAZOLIDINONES ET BLEU DE"
INT_02834,ANESTHÉSIQUES VOLATILS HALOGÉNÉS
INT_02835,AUTRES SYMPATHOMIMETIQUES INDIRECTS
INT_02836,IMAO IRRÉVERSIBLES
INT_02837,"IMAO-A RÉVERSIBLES, Y COMPRIS OXAZOLIDINONES ET BLEU DE"
INT_02838,SYMPATHOMIMÉTIQUES ALPHA (VOIES ORALE ET/OU NASALE)
INT_02839,ALCALOÏDES DE L'ERGOT DE SEIGLE DOPAMINERGIQUES
INT_02840,ALCALOÏDES DE L'ERGOT DE SEIGLE VASOCONSTRICTEURS
INT_02841,ANESTHÉSIQUES VOLATILS HALOGÉNÉS
INT_02842,APOMORPHINE
INT_02843,MIFAMURTIDE
INT_02844,DABIGATRAN
INT_02845,DIURÉTIQUES ÉPARGNEURS DE POTASSIUM (SEULS OU ASSOCIÉS)
INT_02846,JOSAMYCINE
INT_02847,OMBITASVIR + PARITAPRÉVIR
INT_02848,POTASSIUM
INT_02849,AMIODARONE
INT_02850,ANTI-INFLAMMATOIRES NON STÉROÏDIENS
INT_02851,CLINDAMYCINE
INT_02852,DANAZOL
INT_02853,GRAZOPREVIR + ELBASVIR
INT_02854,LANSOPRAZOLE
INT_02855,OMEPRAZOLE
INT_02856,TIGECYCLINE
INT_02857,VERAPAMIL
INT_02858,AMINOSIDES
INT_02859,AMPHOTERICINE B
INT_02860,AMIODARONE
INT_02861,CICLOSPORINE
INT_02862,CLARITHROMYCINE
INT_02863,DRONEDARONE
INT_02864,ERYTHROMYCINE
INT_02865,INHIBITEURS DE PROTÉASES BOOSTÉS PAR RITONAVIR
INT_02866,ITRACONAZOLE
INT_02867,QUINIDINE
INT_02868,VERAPAMIL
INT_02869,MILLEPERTUIS
INT_02870,BUPROPION
INT_02871,DULOXETINE
INT_02872,FLUOXETINE
INT_02873,PAROXETINE
INT_02874,QUINIDINE
INT_02875,ROLAPITANT
INT_02876,TERBINAFINE
INT_02877,ANTIVITAMINES K
INT_02878,INDUCTEURS ENZYMATIQUES
INT_02879,INHIBITEURS PUISSANTS DU CYP3A4
INT_02880,AMIODARONE
INT_02881,DILTIAZEM
INT_02882,VERAPAMIL
INT_02883,PEG-INTERFERON ALFA-2A
INT_02884,ATORVASTATINE
INT_02885,INHIBITEURS PUISSANTS DU CYP3A4
INT_02886,IMMUNOSUPPRESSEURS
INT_02887,INDUCTEURS ENZYMATIQUES PUISSANTS
INT_02888,MILLEPERTUIS
INT_02889,RIFAMPICINE
INT_02890,DIGOXINE
INT_02891,VENLAFAXINE
INT_02892,INHIBITEURS DE L'ENZYME DE CONVERSION
INT_02893,P A S SODIQUE
INT_02894,DIDANOSINE
INT_02895,ANTI-INFLAMMATOIRES NON STÉROÏDIENS
INT_02896,LÉDIPASVIR
INT_02897,ATAZANAVIR
INT_02898,P A S SODIQUE
INT_02899,TETRABENAZINE
INT_02900,CODEINE
INT_02901,MEQUITAZINE
INT_02902,TAMOXIFENE
INT_02903,TRAMADOL
INT_02904,CICLOSPORINE
INT_02905,METOPROLOL
INT_02906,PROPAFENONE
INT_02907,RIFAMPICINE
INT_02908,BUPROPION
INT_02909,CINACALCET
INT_02910,DULOXETINE
INT_02911,FLUOXETINE
INT_02912,IMAO IRRÉVERSIBLES
INT_02913,PAROXETINE
INT_02914,QUINIDINE
INT_02915,TERBINAFINE
INT_02916,DOPAMINERGIQUES
INT_02917,LEVODOPA
INT_02918,DIDANOSINE
INT_02919,STAVUDINE
INT_02920,GIVOSIRAN
INT_02921,LITHIUM
INT_02922,PROPAFENONE
INT_02923,VÉMURAFÉNIB
INT_02924,DÉFIBROTIDE
INT_02925,ANTIAGRÉGANTS PLAQUETTAIRES
INT_02926,ANTICOAGULANTS ORAUX
INT_02927,HÉPARINES (DOSES CURATIVES ET/OU SUJET ÂGÉ)
INT_02928,ENOXACINE
INT_02929,MILLEPERTUIS
INT_02930,ERYTHROMYCINE
INT_02931,HALOTHANE
INT_02932,CIMETIDINE
INT_02933,CIPROFLOXACINE
INT_02934,DIPYRIDAMOLE
INT_02935,FLUCONAZOLE
INT_02936,FLUVOXAMINE
INT_02937,INDUCTEURS ENZYMATIQUES PUISSANTS
INT_02938,INHIBITEURS DE LA XANTHINE OXYDASE
INT_02939,INHIBITEURS DE PROTÉASES BOOSTÉS PAR RITONAVIR
INT_02940,MEXILETINE
INT_02941,NORFLOXACINE
INT_02942,PEFLOXACINE
INT_02943,PENTOXIFYLLINE
INT_02944,RIFAMPICINE
INT_02945,STIRIPENTOL
INT_02946,TIABENDAZOLE
INT_02947,TICLOPIDINE
INT_02948,CLARITHROMYCINE
INT_02949,JOSAMYCINE
INT_02950,ROXITHROMYCINE
INT_02951,"THÉOPHYLLINE (ET, PAR EXTRAPOLATION, AMINOPHYLLINE)"
INT_02952,INDUCTEURS ENZYMATIQUES PUISSANTS
INT_02953,RIFAMPICINE
INT_02954,IMAO IRRÉVERSIBLES
INT_02955,ANTIVITAMINES K
INT_02956,INHIBITEURS PUISSANTS DU CYP3A4
INT_02957,MILLEPERTUIS
INT_02958,OMBITASVIR + PARITAPRÉVIR
INT_02959,ACIDE ACETYLSALICYLIQUE
INT_02960,INDUCTEURS ENZYMATIQUES PUISSANTS
INT_02961,PAMPLEMOUSSE (JUS ET FRUIT)
INT_02962,RIFAMPICINE
INT_02963,DABIGATRAN
INT_02964,DILTIAZEM
INT_02965,VERAPAMIL
INT_02966,ACIDE ACETYLSALICYLIQUE
INT_02967,CICLOSPORINE
INT_02968,"PHÉNYTOÏNE (ET, PAR EXTRAPOLATION, FOSPHÉNYTOÏNE)"
INT_02969,"THÉOPHYLLINE (ET, PAR EXTRAPOLATION, AMINOPHYLLINE)"
INT_02970,KETAMINE
INT_02971,CICLOSPORINE
INT_02972,TACROLIMUS
INT_02973,PAMPLEMOUSSE (JUS ET FRUIT)
INT_02974,AMIODARONE
INT_02975,DILTIAZEM
INT_02976,FLUCONAZOLE
INT_02977,INHIBITEURS PUISSANTS DU CYP3A4
INT_02978,VERAPAMIL
INT_02979,MÉDICAMENTS ADMINISTRÉS PAR VOIE ORALE
INT_02980,"SUBSTANCES À ABSORPTION RÉDUITE PAR LES TOPIQUES GASTRO-INTESTINAUX,"
INT_02981,POLYSTYRÈNE SULFONATE DE CALCIUM
INT_02982,POLYSTYRÈNE SULFONATE DE SODIUM
INT_02983,ESTROPROGESTATIFS CONTRACEPTIFS
INT_02984,CARBAMAZEPINE
INT_02985,LITHIUM
INT_02986,OXCARBAZEPINE
INT_02987,"VALPROÏQUE (ACIDE) ET, PAR EXTRAPOLATION, VALPROMIDE"
INT_02988,SUBSTANCES SUSCEPTIBLES DE DONNER DES TORSADES DE POINTES
INT_02989,TÉDIZOLIDE
INT_02990,ITRACONAZOLE
INT_02991,MÉDICAMENTS À RISQUE LORS DU SEVRAGE TABAGIQUE
INT_02992,IMAO IRRÉVERSIBLES
INT_02993,BUPROPION
INT_02994,CINACALCET
INT_02995,DULOXETINE
INT_02996,FLUOXETINE
INT_02997,"IMAO-A RÉVERSIBLES, Y COMPRIS OXAZOLIDINONES ET BLEU DE"
INT_02998,PAROXETINE
INT_02999,QUINIDINE
INT_03000,TERBINAFINE
INT_03001,ANTICOAGULANTS ORAUX
INT_03002,IMAO-B
INT_03003,INHIBITEURS SÉLECTIFS DE LA RECAPTURE DE LA SÉROTONINE
INT_03004,ONDANSETRON
INT_03005,VENLAFAXINE
INT_03006,INHIBITEURS PUISSANTS DU CYP3A4
INT_03007,DIHYDROERGOTAMINE
INT_03008,ERGOTAMINE
INT_03009,PIMOZIDE
INT_03010,QUINIDINE
INT_03011,FER
INT_03012,METHOTREXATE
INT_03013,REPAGLINIDE
INT_03014,PACLITAXEL
INT_03015,PYRIMETHAMINE
INT_03016,SELEXIPAG
INT_03017,CICLOSPORINE
INT_03018,ALCALOÏDES DE L'ERGOT DE SEIGLE VASOCONSTRICTEURS
INT_03019,INHIBITEURS SÉLECTIFS DE LA RECAPTURE DE LA SÉROTONINE
INT_03020,IMAO IRRÉVERSIBLES
INT_03021,"IMAO-A RÉVERSIBLES, Y COMPRIS OXAZOLIDINONES ET BLEU DE"
INT_03022,IMAO-B
INT_03023,IMAO IRRÉVERSIBLES
INT_03024,"IMAO-A RÉVERSIBLES, Y COMPRIS OXAZOLIDINONES ET BLEU DE"
INT_03025,IMAO-B
INT_03026,INHIBITEURS PUISSANTS DU CYP3A4
INT_03027,GEMFIBROZIL
INT_03028,IMATINIB
INT_03029,LAPATINIB
INT_03030,METHOTREXATE
INT_03031,ROSUVASTATINE
INT_03032,SULFASALAZINE
INT_03033,TOPOTECANE
INT_03034,INDUCTEURS ENZYMATIQUES
INT_03035,RIFAMPICINE
INT_03036,CICLOSPORINE
INT_03037,COBICISTAT
INT_03038,INHIBITEURS DE PROTÉASES BOOSTÉS PAR RITONAVIR
INT_03039,ITRACONAZOLE
INT_03040,KETOCONAZOLE
INT_03041,VERAPAMIL
INT_03042,VACCINS VIVANTS ATTÉNUÉS
INT_03043,SELEXIPAG
INT_03044,CYPROTERONE
INT_03045,INDUCTEURS ENZYMATIQUES PUISSANTS
INT_03046,INHIBITEURS DE PROTÉASES BOOSTÉS PAR RITONAVIR
INT_03047,MILLEPERTUIS
INT_03048,PROGESTATIFS CONTRACEPTIFS
INT_03049,RIFAMPICINE
INT_03050,ANTISÉCRÉTOIRES ANTIHISTAMINIQUES H2
INT_03051,ANTISÉCRÉTOIRES INHIBITEURS DE LA POMPE À PROTONS
INT_03052,"PROGESTATIFS NON CONTRACEPTIFS, ASSOCIÉS OU NON À UN ESTROGÈNE"
INT_03053,ANTI-TNF ALPHA
INT_03054,CYTOTOXIQUES
INT_03055,GLUCOCORTICOÏDES (SAUF HYDROCORTISONE)
INT_03056,IMMUNOSUPPRESSEURS
INT_03057,MYCOPHENOLATE MOFETIL
INT_03058,MYCOPHENOLATE SODIQUE
INT_03059,ABATACEPT
INT_03060,ANTICORPS MONOCLONAUX (HORS ANTI-TNF ALPHA)
INT_03061,BÉLATACEPT
INT_03062,HYDROXYCARBAMIDE
INT_03063,TÉRIFLUNOMIDE
INT_03064,DIMÉTHYLE ( FUMARATE DE)
INT_03065,GLOBULINES ANTILYMPHOCYTAIRES
INT_03066,MARIBAVIR
INT_03067,FLUCYTOSINE
INT_03068,LAMOTRIGINE
INT_03069,PÉNEMS
INT_03070,ACETAZOLAMIDE
INT_03071,AZTREONAM
INT_03072,CARBAMAZEPINE
INT_03073,FELBAMATE
INT_03074,"PHÉNOBARBITAL (ET, PAR EXTRAPOLATION, PRIMIDONE)"
INT_03075,"PHÉNYTOÏNE (ET, PAR EXTRAPOLATION, FOSPHÉNYTOÏNE)"
INT_03076,RIFAMPICINE
INT_03077,RUFINAMIDE
INT_03078,TOPIRAMATE
INT_03079,ZIDOVUDINE
INT_03080,ZONISAMIDE
INT_03081,NIMODIPINE
INT_03082,PIPÉRACILLINE/TAZOBACTAM
INT_03083,PAMPLEMOUSSE (JUS ET FRUIT)
INT_03084,INDUCTEURS ENZYMATIQUES PUISSANTS
INT_03085,MILLEPERTUIS
INT_03086,RIFABUTINE
INT_03087,RIFAMPICINE
INT_03088,ANTISÉCRÉTOIRES INHIBITEURS DE LA POMPE À PROTONS
INT_03089,EFAVIRENZ
INT_03090,OXCARBAZEPINE
INT_03091,ROSUVASTATINE
INT_03092,CLARITHROMYCINE
INT_03093,ERYTHROMYCINE
INT_03094,INHIBITEURS DE PROTÉASES BOOSTÉS PAR RITONAVIR
INT_03095,ITRACONAZOLE
INT_03096,KETOCONAZOLE
INT_03097,TELITHROMYCINE
INT_03098,TRAMADOL
INT_03099,VORICONAZOLE
INT_03100,DANTROLENE
INT_03101,IVABRADINE
INT_03102,MILLEPERTUIS
INT_03103,PIMOZIDE
INT_03104,AMIODARONE
INT_03105,BÊTA-BLOQUANTS (SAUF ESMOLOL) (Y COMPRIS COLLYRES)
INT_03106,BÊTA-BLOQUANTS DANS L'INSUFFISANCE CARDIAQUE
INT_03107,COLCHICINE
INT_03108,ESMOLOL
INT_03109,FIDAXOMICINE
INT_03110,IBRUTINIB
INT_03111,OLAPARIB
INT_03112,QUINIDINE
INT_03113,AFATINIB
INT_03114,ATORVASTATINE
INT_03115,BUSPIRONE
INT_03116,CARBAMAZEPINE
INT_03117,CICLOSPORINE
INT_03118,DABIGATRAN
INT_03119,DIGOXINE
INT_03120,DRONEDARONE
INT_03121,ERYTHROMYCINE
INT_03122,EVEROLIMUS
INT_03123,INHIBITEURS PUISSANTS DU CYP3A4
INT_03124,MIDAZOLAM
INT_03125,NALOXEGOL
INT_03126,NINTÉDANIB
INT_03127,SIMVASTATINE
INT_03128,SIROLIMUS
INT_03129,TACROLIMUS
INT_03130,TALAZOPARIB
INT_03131,TAMSULOSINE
INT_03132,TOLVAPTAN
INT_03133,TÉNOFOVIR ALAFÉNAMIDE
INT_03134,VÉNÉTOCLAX
INT_03135,ANTIHYPERTENSEURS CENTRAUX
INT_03136,DOXORUBICINE
INT_03137,PAMPLEMOUSSE (JUS ET FRUIT)
INT_03138,TICAGRELOR
INT_03139,ALLOPURINOL
INT_03140,MILLEPERTUIS
INT_03141,INDUCTEURS ENZYMATIQUES
INT_03142,INHIBITEURS PUISSANTS DU CYP3A4
INT_03143,FLUCONAZOLE
INT_03144,MITOMYCINE C
INT_03145,MILLEPERTUIS
INT_03146,INDUCTEURS ENZYMATIQUES
INT_03147,CYCLINES
INT_03148,RÉTINOÏDES
INT_03149,INDUCTEURS ENZYMATIQUES PUISSANTS
INT_03150,RIFAMPICINE
INT_03151,ORLISTAT
INT_03152,INDUCTEURS ENZYMATIQUES PUISSANTS
INT_03153,MILLEPERTUIS
INT_03154,QUINIDINE
INT_03155,RIFAMPICINE
INT_03156,EFAVIRENZ
INT_03157,FLUCLOXACILLINE
INT_03158,IMMUNOSUPPRESSEURS
INT_03159,INHIBITEURS DE PROTÉASES BOOSTÉS PAR RITONAVIR
INT_03160,LÉTERMOVIR
INT_03161,NEVIRAPINE
INT_03162,RIFABUTINE
INT_03163,AMIODARONE
INT_03164,ANTIVITAMINES K
INT_03165,GLIPIZIDE
INT_03166,METHADONE
INT_03167,VENLAFAXINE
INT_03168,INDUCTEURS ENZYMATIQUES PUISSANTS
INT_03169,RIFAMPICINE
INT_03170,ESTROPROGESTATIFS CONTRACEPTIFS
INT_03171,IMMUNOSUPPRESSEURS
INT_03172,INDUCTEURS ENZYMATIQUES
INT_03173,THEOPHYLLINE
INT_03174,BUPROPION
INT_03175,IFOSFAMIDE
INT_03176,INHIBITEURS PUISSANTS DU CYP3A4
INT_03177,MILLEPERTUIS
INT_03178,INDUCTEURS ENZYMATIQUES
INT_03179,PAMPLEMOUSSE (JUS ET FRUIT)
INT_03180,AMIODARONE
INT_03181,DILTIAZEM
INT_03182,VERAPAMIL
INT_03183,ANTIHYPERTENSEURS CENTRAUX
INT_03184,RIFAMPICINE
INT_03185,STAVUDINE
INT_03186,AMPHOTERICINE B
INT_03187,DAPSONE
INT_03188,FLUCYTOSINE
INT_03189,GANCICLOVIR
INT_03190,RIBAVIRINE
INT_03191,"VALPROÏQUE (ACIDE) ET, PAR EXTRAPOLATION, VALPROMIDE"
INT_03192,CALCIUM
INT_03193,CYCLINES
INT_03194,FER
INT_03195,FLUOROQUINOLONES
INT_03196,INHIBITEURS D'INTÉGRASE
INT_03197,STRONTIUM
INT_03198,RIFAMPICINE
INT_03199,INHIBITEURS PUISSANTS DU CYP3A4
INT_03200,"VALPROÏQUE (ACIDE) ET, PAR EXTRAPOLATION, VALPROMIDE"
INT_03201,RIFAMPICINE
INT_03202,INHIBITEURS PUISSANTS DU CYP3A4
INT_03203,CICLOSPORINE
INT_03204,DRONEDARONE
INT_03205,ERYTHROMYCINE
INT_03206,ITRACONAZOLE
INT_03207,INHIBITEURS PUISSANTS DU CYP3A4
INT_03208,CINACALCET
